tree
version=v4
num_class=1
num_tree_per_iteration=1
label_index=0
max_feature_idx=16
objective=regression_l1
feature_names=horizon_min hour minute dow t_since_last_s last_speed speed_mean_5m speed_max_5m speed_std_5m stop_share_5m speed_mean_10m speed_max_10m speed_std_10m stop_share_10m plan_seg_s n_stops_between cur_dev_s
feature_infos=[10.051571266666667:15] [0:23] [0:55] none [0:11451] [0:121] [0:110.14999999999999] [0:158] [0:55.384124300107842] [0:1] [0:101.8] [0:158] [0:44.870131612660778] [0:1] [0:14940] [0:13] [-404:661]
tree_sizes=5037 5280 5258 5329 5323 5402 5377 5363 5404 5384 5373 5382 5382 5402 5412 5418 5402 5414 5418 5421 5434 5411 5375 5387 5417 5447 5401 5429 5406 5429 5450 5436 5452 5440 5457 5421 5420 5430 5446 5435 5451 5453 5417 5467 5390 5424 5419 5434 5437 5424 5429 5429 5454 5423 5484 5454 5413 5406 5462 5464 5477 5406 5443 5473 5450 5403 5421 5433 5458 5437 5469 5430 5464 5391 5437 5408 5441 5452 5480 5506 5395 5486 5475 5469 5463 5418 5460 5453 5456 5451 5481 5467 5453 5459 5436 5447 5473 5410 5486 5457 5479 5491 5467 5456 5476 5413 5431 5463 5475 5451 5479 5428 5461 5462 5486 5469 5452 5442 5486 5459 5445 5485 5500 5429 5453 5451 5467 5509 5445 5447 5475 5463 5450 5477 5498 5452 5494 5466 5480 5511 5441 5470 5488 5460 5468 5448 5490 5497 5455 5482 5445 5461 5476

Tree=0
num_leaves=63
num_cat=0
split_feature=16 6 15 16 13 10 11 14 16 1 15 16 12 1 10 13 14 1 16 1 14 16 15 10 10 13 10 1 6 6 1 12 4 16 5 1 5 15 16 5 16 15 15 8 1 2 5 13 11 16 0 16 8 0 1 5 0 6 8 11 6 16
split_gain=570.279 136.883 114.866 65.3028 34.727 31.5848 29.7191 26.4219 28.2548 24.518 21.5082 20.1001 19.6784 19.2256 17.7972 16.3609 15.6418 13.8372 13.2552 12.3862 15.4997 11.5219 16.0249 12.5548 11.1296 10.765 12.3118 10.49 9.68908 9.62243 8.8643 8.35926 8.29943 9.03082 10.5929 8.81401 7.32462 7.28534 7.03944 7.02338 6.81417 9.06814 6.72041 8.74315 6.53742 6.3048 6.28039 7.17021 6.04426 5.81818 5.74639 7.33988 7.0643 6.25253 5.73682 5.64265 5.63114 7.21302 5.27473 5.18561 9.4697 5.42441
threshold=26.500000000000004 11.589204545454548 5.5000000000000009 153.50000000000003 0.75582655826558276 23.667083333333338 7.1500000000000012 330.00000000000006 164.50000000000003 8.5000000000000018 6.5000000000000009 -23.499999999999996 18.355691725052363 7.5000000000000009 26.410413142485364 0.39504283965728276 90.000000000000014 12.500000000000002 60.500000000000007 2.5000000000000004 270.00000000000006 55.500000000000007 4.5000000000000009 12.174127906976747 10.838480392156862 0.2886752136752137 13.547619047619051 9.5000000000000018 14.481502669717774 30.639920948616602 14.500000000000002 15.560276243579997 2396.1707745000008 8.5000000000000018 0.95000000000000007 17.500000000000004 16.050000000000004 7.5000000000000009 207.50000000000003 23.950000000000003 104.50000000000001 7.5000000000000009 4.5000000000000009 9.267753113150567 10.500000000000002 37.500000000000007 8.9500000000000011 0.2901612903225807 36.550000000000004 44.500000000000007 11.108811808333334 67.500000000000014 10.859668826372378 10.719983033333335 12.500000000000002 1.8500000000000003 10.44924504166667 15.732853658536589 10.153109500801813 45.850000000000001 19.043560606060613 -20.499999999999996
decision_type=2 8 2 2 10 8 10 10 2 2 2 2 10 2 10 8 10 2 2 2 10 2 2 10 8 10 10 2 8 8 2 10 10 2 10 2 10 2 2 10 2 2 2 10 2 2 10 10 10 2 2 2 10 2 2 10 2 10 10 8 10 2
left_child=1 6 4 5 7 25 19 8 21 12 -11 16 28 -9 -14 -10 42 -6 -7 -1 45 -2 23 -23 -12 26 -4 -17 46 -5 -20 -25 33 34 -26 -36 -35 -37 -19 -39 41 50 -8 54 -22 -21 -3 -48 -18 -43 52 -52 -28 -54 -44 -15 -24 -58 -13 60 61 -30
right_child=2 9 3 29 17 18 11 13 15 10 24 58 14 55 -16 27 48 38 30 20 44 22 56 31 32 -27 40 -29 59 -31 -32 -33 -34 36 35 37 -38 39 -40 -41 -42 49 43 -45 -46 -47 47 -49 -50 -51 51 -53 53 -55 -56 -57 57 -59 -60 -61 -62 -63
leaf_value=22.800000000000001 22.625 25.399999999999999 23.800000000000001 33.600000000000001 24.149999999999999 22.375 25.600000000000001 26.75 27.350000000000001 21.649999999999999 24.300000000000001 23.949999999999999 27.300000000000001 21.600000000000001 22.25 26.25 20.050000000000001 27.949999999999999 23.050000000000001 26.175000000000001 24.300000000000001 24.949999999999999 22.300000000000001 22.300000000000001 22.800000000000001 26.550000000000001 26.475000000000001 23.074999999999999 20.850000000000001 29.850000000000001 26.524999999999999 23.350000000000001 22.800000000000001 23.350000000000001 20.800000000000001 22.800000000000001 24.649999999999999 24.899999999999999 24.649999999999999 22.649999999999999 28.399999999999999 27.449999999999999 23.899999999999999 25.649999999999999 23.399999999999999 25.425000000000001 23.199999999999999 20.199999999999999 21.324999999999999 25.550000000000001 23.125 25.449999999999999 22.899999999999999 25.875 20.675000000000001 22.350000000000001 26.449999999999999 23.425000000000001 26 22.800000000000001 24.899999999999999 22.800000000000001
leaf_weight=23 68 33 67 437 41 28 21 26 115 482 29 160 34 25 21 20 79 51 24 96 28 32 21 41 47 432 22 38 51 23 22 25 43 24 211 39 27 35 20 20 56 25 27 23 21 50 43 22 36 55 26 21 35 52 26 57 47 20 35 132 24 57
leaf_count=23 68 33 67 437 41 28 21 26 115 482 29 160 34 25 21 20 79 51 24 96 28 32 21 41 47 432 22 38 51 23 22 25 43 24 211 39 27 35 20 20 56 25 27 23 21 50 43 22 36 55 26 21 35 52 26 57 47 20 35 132 24 57
internal_value=23.9997 23.9808 24.0187 24.0272 24.0015 24.0191 24.0002 23.9962 24.0018 23.972 23.9676 23.9923 23.9821 23.9741 24.01 24.0173 23.9816 24.0268 23.9878 24.0151 24.0192 23.9911 23.9976 23.9837 23.9752 24.022 24.0156 23.9957 23.9779 24.0424 24.0043 23.9712 23.9732 23.9754 23.9726 23.9692 23.9951 23.9819 24.0401 23.9936 24.02 24.0163 23.9964 23.9895 23.9949 24.0274 23.9913 23.9823 23.9691 24.03 24.0093 23.9947 24.0156 24.0092 23.9783 23.9622 24.0131 24.0201 24.0038 23.9729 23.9799 23.9736
internal_weight=3971 1999 1972 1325 647 865 625 535 427 1374 957 407 417 108 55 173 212 112 74 218 195 254 186 98 475 791 359 58 362 460 46 66 446 403 352 305 51 94 71 55 292 236 97 76 49 146 98 65 115 80 156 47 109 87 53 82 88 67 195 264 132 108
internal_count=3971 1999 1972 1325 647 865 625 535 427 1374 957 407 417 108 55 173 212 112 74 218 195 254 186 98 475 791 359 58 362 460 46 66 446 403 352 305 51 94 71 55 292 236 97 76 49 146 98 65 115 80 156 47 109 87 53 82 88 67 195 264 132 108
is_linear=0
shrinkage=1


Tree=1
num_leaves=63
num_cat=0
split_feature=16 9 15 16 10 7 15 16 15 1 11 13 16 0 1 16 1 10 13 16 1 16 16 14 16 14 14 1 12 16 1 12 0 0 10 1 11 5 12 13 16 16 16 10 10 10 16 10 7 6 2 16 15 16 6 15 1 1 0 1 7 2
split_gain=523.275 133.428 103.767 47.9291 38.3213 37.0832 28.4233 31.7192 26.5557 18.5533 16.4516 14.3124 14.8787 14.0762 13.1065 22.5515 17.4727 12.4447 11 10.9816 10.9226 16.2922 12.1185 10.783 10.1911 10.1879 10.0675 11.8908 9.56577 9.2435 9.14334 8.64554 8.59708 9.70294 8.32581 7.46617 7.41627 11.1227 8.39033 7.30131 7.28743 7.03461 7.02942 13.6212 12.1905 6.98125 6.93644 6.82551 6.80479 13.7074 7.16833 6.79112 5.94731 9.48009 5.78528 5.75398 6.2826 9.9962 5.79783 5.743 5.65936 5.5194
threshold=26.500000000000004 0.39159811985898946 5.5000000000000009 138.50000000000003 23.667083333333338 20.050000000000004 4.5000000000000009 55.500000000000007 6.5000000000000009 5.5000000000000009 7.1500000000000012 0.1924501424501425 -22.499999999999996 10.374214716666669 7.5000000000000009 169.50000000000003 18.500000000000004 0.2253968253968254 0.1993589743589744 60.500000000000007 12.500000000000002 148.50000000000003 231.50000000000003 150.00000000000003 98.500000000000014 270.00000000000006 270.00000000000006 2.5000000000000004 11.180960766430827 -11.499999999999998 10.500000000000002 10.346550850881643 10.967131783333334 10.61197581666667 12.907261904761905 14.500000000000002 12.050000000000002 11.050000000000002 7.8152387636653238 0.31843156843156845 -89.499999999999986 140.50000000000003 -34.499999999999993 18.38206208425721 21.648758865248229 3.6947980416156674 1.0000000180025095e-35 18.567771739130439 34.250000000000007 15.334870426829271 12.500000000000002 -6.4999999999999991 6.5000000000000009 79.500000000000014 15.650687960687963 6.5000000000000009 11.500000000000002 7.5000000000000009 12.4818853 11.500000000000002 50.750000000000007 37.500000000000007
decision_type=2 10 2 2 8 8 2 2 2 2 8 10 2 2 2 2 2 10 10 2 2 2 2 10 2 10 10 2 10 2 2 8 2 2 10 2 10 10 10 10 2 2 2 8 10 10 2 10 10 10 2 2 2 2 10 2 2 2 2 2 10 2
left_child=1 8 5 4 23 20 14 -8 9 28 26 42 13 -13 15 -7 25 -5 -18 -6 21 -2 -22 39 -25 31 27 -3 -1 36 -28 -16 33 -14 35 -9 -12 38 -38 48 -40 54 43 -10 -45 -31 -11 -30 50 -50 -4 -34 53 -51 -36 56 57 -19 -57 -42 -54 -29
right_child=2 10 3 17 19 6 7 34 11 46 29 12 32 -15 16 -17 18 55 -20 -21 22 -23 -24 24 -26 -27 30 61 47 45 -32 -33 51 -35 41 -37 37 -39 40 -41 59 -43 -44 44 -46 -47 -48 -49 49 52 -52 -53 60 -55 -56 58 -58 -59 -60 -61 -62 -63
leaf_value=-3.0912500000000005 -2.3574999999999999 -0.71500000000000008 0.86875000000000002 4.995000000000001 -1.6687500000000002 -1.4675000000000002 -1.28125 2.6274999999999999 -3.2400000000000002 -2.7825000000000002 -1.6681249999999999 1.1599999999999999 -0.30375000000000008 -3.1100000000000003 0.73499999999999999 3.0125000000000002 -1.0743750000000001 6.7962500000000006 4.7012500000000008 -0.02624999999999993 3.7025000000000001 3.7650000000000001 0.042500000000000072 -0.25250000000000006 4.2537499999999993 -2.2175000000000002 0.31 1.9912500000000002 1.4075 -0.97250000000000003 -0.71999999999999997 -1.1175000000000002 1.5350000000000001 4.1325000000000003 2.3275000000000001 -1.8200000000000003 1.4975000000000001 -2.8399999999999999 2.6600000000000001 2.7725000000000004 -0.094999999999999932 4.7075000000000005 -1.1400000000000001 0.9325 -3.54 1.6524999999999999 -1.1074999999999999 -0.94000000000000006 -0.077500000000000041 -0.84437499999999999 3.0725000000000002 -1.1400000000000001 2.6937500000000001 2.90625 -0.49312500000000004 9.9700000000000006 8.1137500000000014 -0.030000000000000072 3.3200000000000003 -2.9575 1.0775000000000001 1.3287500000000001
leaf_weight=32 38 22 20 30 24 33 41 51 44 473 20 28 58 213 35 27 22 34 22 38 69 22 20 80 38 66 28 90 25 34 23 75 27 33 26 22 30 40 27 309 29 44 217 36 27 78 134 21 83 28 65 100 89 23 20 297 100 29 23 20 27 51
leaf_count=32 38 22 20 30 24 33 41 51 44 473 20 28 58 213 35 27 22 34 22 38 69 22 20 80 38 66 28 90 25 34 23 75 27 33 26 22 30 40 27 309 29 44 217 36 27 78 134 21 83 28 65 100 89 23 20 297 100 29 23 20 27 51
internal_value=-0.000178117 -0.0184694 0.0180203 0.0259162 0.0184466 0.00134281 -0.0053719 0.00882353 -0.0260218 -0.0332117 0.00406504 -0.0197318 -0.0140523 -0.0226141 -0.0157143 0.005 -0.0213636 0.0379142 0.00681818 -0.0193548 0.0231544 0.00666667 0.0342697 0.0215223 0.00762712 -0.0284091 0.014486 0.0205521 -0.0102564 -0.00395683 -0.00490196 -0.0190909 -0.00458716 0.00714286 0.0187117 0.00616438 -0.0114458 -0.00753425 0.000943396 0.0240683 -0.00789474 0.0288889 -0.0277778 -0.0172897 -0.00238095 0.00714286 -0.0361614 0.00434783 0.0189552 0.0148 0.0311765 -0.0129921 0.0230539 0.00882353 0.0152174 0.0398551 0.0322086 0.0198413 0.04375 -0.0193878 0.0293103 0.0258865
internal_weight=3930 1960 1970 1337 824 633 484 204 1468 685 492 783 459 241 280 60 220 513 44 62 149 60 89 762 118 176 214 163 78 278 51 110 218 91 163 73 166 146 106 644 76 90 324 107 63 112 607 46 335 250 85 127 167 51 46 483 163 63 320 49 116 141
internal_count=3930 1960 1970 1337 824 633 484 204 1468 685 492 783 459 241 280 60 220 513 44 62 149 60 89 762 118 176 214 163 78 278 51 110 218 91 163 73 166 146 106 644 76 90 324 107 63 112 607 46 335 250 85 127 167 51 46 483 163 63 320 49 116 141
is_linear=0
shrinkage=0.05


Tree=2
num_leaves=63
num_cat=0
split_feature=16 9 15 16 10 6 15 11 15 16 13 1 4 0 10 8 9 11 16 10 6 16 1 6 1 16 12 2 16 1 16 12 11 4 4 15 16 1 0 16 6 1 1 15 1 16 16 5 15 8 11 0 0 10 10 13 6 10 4 1 0 0
split_gain=513.695 120.019 107.453 44.6658 40.5011 32.9951 25.9729 20.4295 19.802 29.1411 18.8044 18.003 13.5091 13.6222 12.7747 12.5745 12.1633 11.8738 11.745 11.143 11.1899 10.7358 9.71941 9.59189 9.44284 9.01806 8.92525 8.78738 12.3659 8.76909 13.4655 8.41996 10.9349 9.09435 8.02778 7.94469 11.1424 11.2265 10.0398 7.6657 12.2852 7.42003 11.3095 8.78515 8.45306 7.04245 10.1486 7 6.89804 6.82117 6.81687 6.81078 6.78205 6.53742 6.26607 6.09058 6.07713 7.13193 5.75421 6.63394 11.0508 9.40288
threshold=26.500000000000004 0.39559108527131787 5.5000000000000009 175.50000000000003 23.667083333333338 7.0210622710622719 6.5000000000000009 27.750000000000004 4.5000000000000009 55.500000000000007 0.68927203065134113 5.5000000000000009 3.2247530000000002 10.967131783333334 14.480536659108088 18.34703529088328 0.15184453227931491 38.250000000000007 292.50000000000006 12.907261904761905 16.738911290322587 86.500000000000014 8.5000000000000018 9.9168253968253968 11.500000000000002 1.0000000180025095e-35 11.843440480920069 12.500000000000002 286.50000000000006 2.5000000000000004 -19.499999999999996 12.002679959266315 40.050000000000004 11.130324000000002 1.1185900000000002 7.5000000000000009 76.500000000000014 6.5000000000000009 11.066474675000002 181.50000000000003 0.28809523809523813 12.500000000000002 8.5000000000000018 4.5000000000000009 15.500000000000002 231.50000000000003 356.50000000000006 14.850000000000003 4.5000000000000009 12.232992811678708 6.1000000000000005 12.444616975000001 10.950360425000001 17.423538461538467 17.031271526980486 0.2669211195928754 12.043173758865249 25.774372759856632 13.118590000000003 11.500000000000002 11.108811808333334 11.092311158333336
decision_type=2 10 2 2 8 8 2 10 2 2 8 2 10 2 8 10 10 10 2 10 10 2 2 8 2 2 10 2 2 2 2 8 10 10 10 2 2 2 2 2 10 2 2 2 2 2 2 10 2 8 10 2 2 10 10 10 8 8 10 2 2 2
left_child=1 6 5 4 35 24 11 29 15 -10 51 17 13 16 23 45 -8 -1 19 52 -21 -6 -15 -14 39 -13 48 -26 -29 -3 41 32 33 -25 -18 36 37 47 -39 40 -2 42 -31 -44 -43 56 -47 -4 -9 -27 -46 -5 -11 -19 -16 -36 -7 -58 59 60 -56 -61
right_child=2 7 3 10 21 8 12 26 9 18 -12 25 14 22 54 -17 34 53 -20 20 -22 -23 -24 31 27 49 -28 28 -30 30 -32 -33 -34 -35 55 -37 -38 38 -40 -41 -42 44 43 -45 50 46 -48 -49 -50 -51 -52 -53 -54 -55 58 -57 57 -59 -60 61 -62 -63
leaf_value=-2.9366875000000001 -3.3396249999999998 -1.1042500000000002 0.67209375000000005 10.56790625 -1.5853124999999999 -2.6991875000000003 -2.1630000000000003 1.0247499999999998 -2.0671875000000002 -1.1583124999999999 2.8215000000000003 -2.5483750000000001 -1.29 -0.20800000000000002 -1.083 1.1168281250000001 -1.2171562500000002 1.8945625000000001 11.297125000000001 2.2516250000000002 -0.25287500000000024 0.89899999999999991 -1.4248750000000001 -1.2770000000000001 0.076156249999999925 -0.92712499999999987 0.36031250000000004 3.5298750000000001 0.10212500000000002 -0.14659375000000008 1.2916875000000001 -2.4480000000000004 2.3519999999999999 0.7703437500000001 4.7608750000000004 3.38215625 2.6715 1.7838749999999999 0.48387499999999994 3.0042500000000003 1.8880625000000002 -1.2108437500000002 0.41950000000000004 2.7309062500000003 2.8123125000000004 1.4170625000000001 -1.035203125 -1.6497812500000002 -2.6255000000000006 -1.227125 -0.51370312500000004 2.7290000000000001 0.69612499999999999 -0.77918749999999992 -1.083 1.8730000000000002 -0.94912500000000011 -1.032875 -1.1105 -0.13450000000000006 0.9220624999999999 -3.8700000000000006
leaf_weight=28 23 25 36 314 40 46 27 25 38 24 52 488 20 59 224 38 24 21 25 54 29 43 108 61 22 63 66 62 21 27 142 43 24 20 23 276 333 153 63 21 34 32 29 23 21 34 22 28 74 71 22 26 26 28 35 25 94 22 21 33 28 28
leaf_count=28 23 25 36 314 40 46 27 25 38 24 52 488 20 59 224 38 24 21 25 54 29 43 108 61 22 63 66 62 21 27 142 43 24 20 23 276 333 153 63 21 34 32 29 23 21 34 22 28 74 71 22 26 26 28 35 25 94 22 21 33 28 28
internal_value=-0.000514171 -0.0185111 0.0173837 0.0252933 0.0195473 0.000393701 -0.0254993 0.00308642 -0.00685841 0.00510204 0.0395408 -0.0325465 -0.0193649 -0.0101504 -0.0239292 -0.0160156 0.00454545 -0.00974026 0.014557 0.00864662 0.0198795 -0.0138554 -0.0188623 -0.0125 0.018306 -0.0353698 -0.0112121 0.0280952 0.0355422 0.0104361 0.0128378 -0.00810811 -0.00047619 -0.00925926 0.0152778 0.0226659 0.0194943 0.0121429 0.0175926 0.00512821 -0.00438596 0.0025974 0.0132911 0.0269231 -0.00866667 -0.0206422 -0.00535714 -0.00625 -0.0207071 -0.0238806 0.00581395 0.0438235 -0.01 0.00510204 -0.0291328 0.0270833 -0.0259259 -0.0198276 -0.0210345 -0.0169355 -0.00555556 -0.0286885
internal_weight=3987 1988 1999 1364 972 635 1502 486 452 196 392 699 803 266 537 256 99 77 158 133 83 83 167 168 183 622 165 105 83 321 296 148 105 81 72 889 613 280 216 78 57 154 79 52 75 218 56 64 99 134 43 340 50 49 369 48 162 116 145 124 63 61
internal_count=3987 1988 1999 1364 972 635 1502 486 452 196 392 699 803 266 537 256 99 77 158 133 83 83 167 168 183 622 165 105 83 321 296 148 105 81 72 889 613 280 216 78 57 154 79 52 75 218 56 64 99 134 43 340 50 49 369 48 162 116 145 124 63 61
is_linear=0
shrinkage=0.05


Tree=3
num_leaves=63
num_cat=0
split_feature=16 9 14 16 10 6 13 1 1 13 11 13 11 10 16 1 6 11 6 10 4 16 16 11 5 0 5 14 14 16 9 1 7 0 5 1 9 8 9 11 9 5 9 1 1 6 16 7 13 12 10 16 1 10 9 4 0 9 5 9 9 9
split_gain=482.029 118.556 68.5433 53.7351 33.8148 31.3473 28.6981 22.0457 18.074 17.6987 22.5501 17.4191 14.0752 13.5049 11.095 12.0793 10.7888 10.4025 12.8133 10.2063 10.6686 10.0622 9.99557 9.70539 9.53635 9.18 8.5817 8.56296 8.48141 8.3677 8.23968 7.56975 16.9593 8.66057 7.54287 7.81621 7.77011 7.44704 7.89045 7.83439 7.33522 7.04099 6.8352 8.60199 6.75568 6.3731 7.56985 6.08108 6.0323 5.98249 6.81416 5.7037 5.59524 9.16364 7.58192 5.58621 5.58412 5.45858 7.83949 5.39482 5.2426 5.13713
threshold=26.500000000000004 0.39159811985898946 330.00000000000006 164.50000000000003 25.506120689655173 6.0189130434782614 0.48112535612535617 8.5000000000000018 7.5000000000000009 0.14371772805507746 59.95000000000001 0.31843156843156845 7.1500000000000012 12.314363107822411 -23.499999999999996 12.500000000000002 29.952359208523596 36.45000000000001 12.370883190883193 13.547619047619051 14.943318000000001 3.5000000000000004 57.500000000000007 42.650000000000013 58.350000000000009 11.374214716666669 28.950000000000003 90.000000000000014 270.00000000000006 -206.49999999999997 0.4732057416267943 17.500000000000004 40.050000000000004 10.417885925000002 6.4500000000000011 3.5000000000000004 0.26500600240096045 10.00085917383217 0.2814700704225353 30.850000000000005 0.17445652173913045 11.850000000000003 0.12579113924050636 14.500000000000002 10.500000000000002 21.472916666666666 54.500000000000007 40.850000000000001 0.32173123486682814 12.342855299153291 10.650161030595816 -7.4999999999999991 8.5000000000000018 0.11378020713463753 0.86515151515151534 3.8332025000000005 10.958796241666667 0.19890109890109894 18.650000000000002 1.0000000180025095e-35 0.73798627002288331 0.62910052910052927
decision_type=2 10 10 2 8 8 8 2 2 10 10 10 10 8 2 2 10 10 8 10 10 2 2 10 10 2 10 10 10 2 10 2 8 2 10 2 8 10 10 10 8 10 8 2 2 8 2 10 10 10 10 2 2 10 10 10 2 10 10 10 10 10
left_child=1 7 3 4 11 -4 16 9 -7 -1 34 19 28 17 15 41 48 27 -19 37 22 29 23 55 42 59 30 -9 -3 -15 -8 33 -33 40 -11 -36 57 39 -39 -2 -31 -14 -6 -44 -30 46 -13 -24 -5 50 -50 -29 -32 -54 -55 -21 -25 58 -37 -23 -16 -48
right_child=2 12 5 6 24 8 26 13 -10 10 -12 45 14 21 60 -17 -18 18 -20 20 -22 25 47 56 -26 -27 -28 51 44 31 52 32 -34 -35 35 36 -38 38 -40 -41 -42 -43 43 -45 -46 -47 61 -49 49 -51 -52 -53 53 54 -56 -57 -58 -59 -60 -61 -62 -63
leaf_value=-1.02885 -1.3191421875 1.4551421874999999 2.0102687500000003 8.5090007812500001 -0.66988749999999997 0.79836914062499997 12.787925000000001 -0.52110312500000011 -1.9506203124999999 -0.22190625000000008 3.4356273437499993 1.1147671875 1.0741500000000002 -0.31595624999999999 1.1151890625000001 -2.4942250000000001 0.030377343749999855 4.4075249999999997 -2.7537031249999999 2.26593125 -0.88129531250000026 -0.62135000000000007 3.1807937500000003 1.0092750000000001 -1.1560468750000001 -1.4048093750000001 -0.97760625000000023 -4.3331499999999998 0.20491562499999993 -5.3268500000000003 8.1235710937499999 0.011728125000000046 -1.02885 -2.9112625000000003 -3.3411031250000001 0.0093500000000000579 -3.0499031250000002 -1.6526062500000003 0.75493125000000005 2.4947671874999999 -1.16595625 -4.1052875000000002 -0.64720000000000022 3.3543281250000003 -0.90497499999999997 6.5593148437499993 2.5705023437500003 1.27553671875 8.3148835937500003 9.2431046874999989 1.5359171874999999 -0.81595625000000005 3.7166062499999999 1.1448562500000001 -0.46957500000000008 0.46226718750000001 -1.7638281249999999 0.21492968749999994 -4.0040406250000009 -0.47484999999999999 -0.28711250000000005 1.84088125
leaf_weight=131 20 149 39 264 21 28 27 36 76 74 34 127 61 21 84 58 21 20 30 29 21 37 137 41 21 50 25 33 27 34 30 48 121 438 33 25 58 43 30 41 77 21 25 26 23 20 248 160 62 93 37 21 22 32 23 29 53 62 29 83 66 143
leaf_count=131 20 149 39 264 21 28 27 36 76 74 34 127 61 21 84 58 21 20 30 29 21 37 137 41 21 50 25 33 27 34 30 48 121 438 33 25 58 43 30 41 77 21 25 26 23 20 248 160 62 93 37 21 22 32 23 29 53 62 29 83 66 143
internal_value=-0.00030015 -0.0177923 0.0169315 0.0194816 0.0134008 -0.0164336 0.0312893 -0.0247826 -0.0307692 -0.0154709 -0.00904762 0.0157618 0.00357873 -0.0287417 -0.00344828 -0.0135714 0.0374214 -0.0142857 0.004 0.00993377 0.0134043 -0.0309681 0.0150334 0.00460526 -0.0155914 -0.02 0.0128931 -0.0244444 0.0138191 -0.0334912 0.0179104 -0.0344011 -0.0251479 -0.0372495 -0.0137011 -0.018599 -0.0143678 -0.00223881 -0.0130137 0.0106557 -0.0247748 -0.00121951 -0.00694444 0.00294118 -0.004 0.0223048 0.0212355 0.0203704 0.0390351 0.0322917 0.0237374 -0.037037 0.0116822 0.00454545 -0.00636364 0.0206897 -0.00531915 -0.00689655 -0.0185185 -0.0125 0.006 0.0246803
internal_weight=3998 1984 2014 1871 1235 143 636 1495 104 446 315 1142 489 1049 290 140 477 140 50 604 470 909 449 152 93 170 159 90 199 739 134 718 169 549 281 207 174 134 73 61 111 82 72 51 50 538 518 297 456 192 99 54 107 77 55 58 94 116 54 120 150 391
internal_count=3998 1984 2014 1871 1235 143 636 1495 104 446 315 1142 489 1049 290 140 477 140 50 604 470 909 449 152 93 170 159 90 199 739 134 718 169 549 281 207 174 134 73 61 111 82 72 51 50 538 518 297 456 192 99 54 107 77 55 58 94 116 54 120 150 391
is_linear=0
shrinkage=0.05


Tree=4
num_leaves=63
num_cat=0
split_feature=16 7 15 16 10 13 13 14 15 12 1 16 15 13 14 16 16 4 1 1 16 1 12 12 14 6 7 13 1 6 6 1 10 14 13 8 11 13 15 7 1 1 16 16 16 15 14 15 6 1 4 15 1 1 5 12 16 16 13 12 1 5
split_gain=431.676 113.759 101.541 40.7417 34.2983 31.4854 28.7398 21.4019 17.376 18.1648 17.3018 17.0712 20.0956 16.1004 14.5934 13.9454 13.6493 13.6149 12.4827 10.6933 12.8207 10.2351 13.3286 9.7467 13.067 9.86929 13.0808 9.43511 10.8019 12.9478 9.25681 9.13552 8.70957 8.62053 15.3331 8.48092 9.10697 8.45785 8.63728 8.89947 8.35881 7.62135 7.77117 7.58931 7.45229 7.17132 7.1689 7.00526 6.69064 6.5029 6.28021 6.01861 5.96386 10.946 8.90668 8.22161 5.83827 5.76334 5.75849 6.76269 5.62869 8.36978
threshold=26.500000000000004 7.1500000000000012 5.5000000000000009 104.50000000000001 23.898120300751881 0.31230095541401276 0.66115363586659381 330.00000000000006 7.5000000000000009 11.465066884617375 7.5000000000000009 55.500000000000007 3.5000000000000004 0.68927203065134113 150.00000000000003 231.50000000000003 -116.49999999999999 4.0054830000000008 2.5000000000000004 12.500000000000002 227.50000000000003 11.500000000000002 10.990392293177853 16.81507497232689 90.000000000000014 12.370883190883193 40.250000000000007 0.13221420643729193 17.500000000000004 16.06301829268293 0.28809523809523813 14.500000000000002 14.264171122994656 90.000000000000014 0.20415349238286867 10.730855502341162 54.250000000000007 0.32173123486682814 7.5000000000000009 47.150000000000013 7.5000000000000009 6.5000000000000009 2.5000000000000004 -13.499999999999998 136.50000000000003 5.5000000000000009 270.00000000000006 5.5000000000000009 17.306488203266792 11.500000000000002 6.8354865000000009 6.5000000000000009 12.500000000000002 15.500000000000002 6.6500000000000012 11.159159886943636 -19.499999999999996 1.5000000000000002 0.27596784429870963 14.756756680534087 7.5000000000000009 3.9500000000000006
decision_type=2 8 2 2 8 10 10 10 2 8 2 2 2 8 10 2 2 10 2 2 2 2 10 10 10 8 10 10 2 10 10 2 10 10 10 10 10 10 2 8 2 2 2 2 2 2 10 2 10 2 10 2 2 2 10 10 2 2 10 10 2 10
left_child=1 18 6 4 14 8 7 11 33 16 -9 -2 -13 15 37 21 -10 48 -1 30 -21 22 -5 24 52 26 43 -14 29 31 -8 -29 -18 34 57 -36 -37 38 39 -4 44 45 -43 -26 -24 -35 -20 -44 -11 -50 -45 -15 54 -54 -7 -56 -48 -3 59 -23 61 -39
right_child=2 5 3 13 -6 23 19 10 9 17 -12 12 27 51 -16 -17 32 -19 46 20 -22 58 40 -25 25 -27 -28 28 -30 -31 -32 -33 -34 41 35 36 -38 60 -40 -41 -42 42 47 50 -46 -47 56 -49 49 -51 -52 -53 53 -55 55 -57 -58 -59 -60 -61 -62 -63
leaf_value=-0.9075318750000001 -1.2734140625000001 -1.0682931250000001 1.0248204882812502 3.616476875 -1.1732445312499999 1.6898721875 -2.7731571875000003 2.2011034179687501 -1.8219618750000004 -1.1347868750000003 -1.5148334375000001 -0.92523687499999996 -0.92872593750000021 -0.21781218750000006 -0.12865751953125004 11.520708300781251 2.42304890625 -0.97740750000000021 1.4543460156250001 3.3238371875000001 -0.035096875000000076 0.79207281250000006 3.2746978124999999 2.1306186328125003 -2.9158425000000001 -3.84929875 2.5859587109375002 1.7791135156249998 6.2958886132812495 -0.65622511718750021 4.8151401953125008 -1.0827777148437503 -0.35446164062500002 0.670500390625 0.19297375000000017 -2.25096109375 0.50492744140625001 2.8317155078125 2.5994492382812502 -1.3057518359375 -0.4087396875 -2.4492987500000001 -1.1670262499999999 -1.1344943749999998 7.4521794921875006 -2.0810592968750004 -0.36605515625000007 -0.65702624999999992 1.51488607421875 -0.95281375000000001 1.099531171875 3.9832634374999998 -2.5929948437500006 0.030781171874999916 0.98536257812500028 -2.2759870312500001 0.54466984375000005 -0.60111687499999999 5.9273605078125007 6.4676546484374997 3.1389428906250001 0.22177488281250002
leaf_weight=26 57 142 168 82 42 47 29 27 20 35 78 96 23 26 84 220 33 176 191 58 22 33 31 33 69 69 20 129 44 51 25 20 26 24 61 73 20 31 98 21 55 421 40 37 40 86 32 55 22 25 21 62 26 55 28 24 21 44 111 43 159 45
leaf_count=26 57 142 168 82 42 47 29 27 20 35 78 96 23 26 84 220 33 176 191 58 22 33 31 33 69 69 20 129 44 51 25 20 26 24 61 73 20 31 98 21 55 421 40 37 40 86 32 55 22 25 21 62 26 55 28 24 21 44 111 43 159 45
internal_value=-4.98504e-05 -0.0164835 0.0163184 0.0241673 0.0151235 -0.0211894 0.000227618 -0.00504762 -0.0250576 -0.0152819 -0.0252381 0 0.00399449 0.0325036 0.0181518 0.0353659 0.0056962 -0.0217054 0.0137037 0.0208955 0.0325 0.0297468 0.0221154 -0.00944056 -0.0116162 -0.0199074 -0.012585 0.0110487 0.0139344 0.009 0.0037037 0.016443 0.0177966 -0.0284679 -0.0220588 -0.0103896 -0.0198925 0.0212644 0.0155052 0.00925926 0.0119048 -0.0319489 -0.0344961 -0.0185039 0.0232394 -0.02 0.0172131 -0.0215789 -0.00487805 0.00744681 -0.00517241 0.0125 -0.00166667 -0.0117284 0.00656566 -0.00769231 0.000943396 -0.0317204 0.0382353 0.0276316 0.0282979 0.0171053
internal_weight=4012 2002 2010 1351 648 1732 659 525 1303 337 105 420 363 703 606 615 79 258 270 134 80 395 208 429 396 216 147 267 244 200 54 149 59 966 340 154 93 522 287 189 126 626 516 127 71 110 244 95 82 47 58 88 180 81 99 52 53 186 187 76 235 76
internal_count=4012 2002 2010 1351 648 1732 659 525 1303 337 105 420 363 703 606 615 79 258 270 134 80 395 208 429 396 216 147 267 244 200 54 149 59 966 340 154 93 522 287 189 126 626 516 127 71 110 244 95 82 47 58 88 180 81 99 52 53 186 187 76 235 76
is_linear=0
shrinkage=0.05


Tree=5
num_leaves=63
num_cat=0
split_feature=13 5 15 13 1 1 1 9 4 1 10 8 12 14 1 8 7 12 11 11 6 10 5 6 13 13 12 13 13 14 7 4 6 6 15 9 10 1 11 15 8 10 11 13 15 8 10 15 4 6 11 5 8 1 6 5 15 8 13 14 1 1
split_gain=149.101 46.2491 37.5465 33.8608 28.2907 24.0767 22.7966 21.7573 17.8754 15.1967 15.0494 13.9427 12.652 12.5968 11.6612 10.752 9.99045 9.18684 11.9221 12.3585 9.10119 9.00291 9.08053 8.84599 13.5788 11.6218 8.92857 8.82701 11.2524 8.72598 11.1368 8.34123 8.16172 14.3064 8.00605 8.7033 7.65933 10.8094 11.4213 10.3472 8.4 7.64497 7.53748 8.78602 10.4366 10.4883 7.38747 7.11648 6.89287 6.72441 8.94535 10.5023 9.51416 6.46923 6.29741 6.28205 6.27956 6.21968 6.13192 6.07548 6.03828 6.3732
threshold=0.2243138634764251 56.350000000000001 6.5000000000000009 0.407192075796727 17.500000000000004 17.500000000000004 8.5000000000000018 0.32173123486682814 15.005483000000002 20.500000000000004 16.522579678888093 11.456048803388184 9.7270914229865664 330.00000000000006 15.500000000000002 8.0688413711772231 51.750000000000007 15.877053754657251 39.050000000000004 42.650000000000013 12.108452380952384 12.756691823899372 19.950000000000003 12.907993730407524 0.27970588235294125 0.34131994261119086 11.180960766430827 0.5865817091454274 0.3401030927835052 150.00000000000003 36.95000000000001 20.574101000000002 12.535826210826214 11.305735930735933 5.5000000000000009 0.21702898550724639 18.284337167070223 13.500000000000002 44.850000000000001 6.5000000000000009 15.788756956488738 19.736111111111114 53.050000000000004 0.2469862018881627 7.5000000000000009 10.82914700789766 18.38206208425721 7.5000000000000009 245.94314000000003 28.067083333333333 43.050000000000004 29.050000000000004 11.532523412771971 12.500000000000002 10.305235137533275 27.750000000000004 7.5000000000000009 11.456048803388184 0.25979138971264959 90.000000000000014 16.500000000000004 10.500000000000002
decision_type=10 8 2 10 2 2 2 10 10 2 10 8 10 10 2 10 10 10 8 8 8 10 10 10 10 10 10 10 10 10 10 10 10 10 2 10 10 2 10 2 10 10 10 10 2 10 10 2 10 10 10 10 10 2 10 10 2 10 10 10 2 2
left_child=1 4 3 5 8 6 29 10 14 17 20 13 15 23 21 -9 55 18 -6 -20 54 -1 36 24 -8 53 -25 28 32 -2 -31 -5 33 -14 -13 -36 37 38 57 40 -38 47 43 59 58 -46 -16 -21 -10 50 51 -24 -53 -26 -4 -12 -11 -23 -45 -22 61 -47
right_child=2 -3 7 31 9 -7 11 12 48 56 16 34 27 -15 46 -17 -18 -19 19 41 42 22 49 26 25 -27 -28 -29 -30 30 -32 -33 -34 -35 35 -37 39 -39 -40 -41 -42 -43 -44 44 45 60 -48 -49 -50 -51 -52 52 -54 -55 -56 -57 -58 -59 -60 -61 -62 -63
leaf_value=3.9407514687500007 0.86031139062499984 -0.85089398437499997 -0.38388628125000013 0.95831589453125021 8.7488135190429688 1.31425109375 -2.7968338125000005 2.1378968222656254 -0.96385940624999999 -0.8378488125000001 3.6591840864257814 -3.0226575703125 3.2927353608398438 -2.2046429375000001 -3.3649533281250004 -0.14435466406250017 1.8899277954101565 5.2916192333984373 -1.0315921562500001 1.120405546875 1.9707564687500001 0.41186886621093743 -0.95081265820312511 2.6578334335937499 -0.36554260546875006 -0.90671091015625016 -0.98519349999999994 -0.43901523388671881 4.5406927412109379 -2.7291392529296874 0.10605996582031239 -0.91407724999999995 3.1529716796875005 -2.1958186337890626 -2.7121917822265629 -1.4051657255859376 0.02555340624999989 -1.55486681640625 -2.5012281875000002 1.3710872900390627 -2.7149155800781255 -0.047285031250000213 4.6013443574218753 -2.6673652822265628 1.3904960976562502 -0.24830549218750006 -0.31454959375000002 4.3128378749999996 -0.73441650000000014 1.3492331088867184 -1.8965533906250003 1.8357215312499999 -0.77008164453125005 2.3707465253906252 1.520018847167969 5.2701072539062501 0.093212874999999959 -0.73373071191406258 -1.695085961914063 -0.21480264062500021 0.8354188593749996 -2.5806634570312501
leaf_weight=20 154 194 20 622 26 97 41 220 37 61 48 93 36 38 58 92 76 33 25 22 31 101 52 24 20 41 21 22 212 31 37 21 50 23 21 78 35 50 37 77 21 33 21 20 25 33 40 21 141 28 139 23 26 32 74 30 40 39 99 36 33 26
leaf_count=20 154 194 20 622 26 97 41 220 37 61 48 93 36 38 58 92 76 33 25 22 31 101 52 24 20 41 21 22 212 31 37 21 50 23 21 78 35 50 37 77 21 33 21 20 25 33 40 21 141 28 139 23 26 32 74 30 40 39 99 36 33 26
internal_value=-0.00016344 -0.0134518 0.00688992 0.0012035 -0.00974684 -0.00618132 -0.00974643 0.0132437 -0.0138528 0.00478927 0.00611888 -0.0167482 0.0194656 -0.00806452 -0.0104558 0.0121795 0.0194805 0.014375 0.00826772 0.00049505 0.00119617 -0.00802469 -0.00907643 -0.00251397 -0.00895522 0.0016129 0.0166667 0.0260933 0.0281931 0.00315315 -0.0117647 0.00956454 0.0151376 0.00254237 -0.0265625 -0.0166667 -0.00388889 -0.00947137 -0.00367232 0.0056391 -0.0107143 0.0105263 -0.00277778 -0.00478548 -0.00932203 0.00128205 -0.0265306 0.0244186 -0.0280899 -0.0160448 -0.01875 -0.00742574 0.00918367 0.0173077 0.0148936 0.0320513 -0.010396 0.00285714 -0.0197479 0.011194 -0.00652174 -0.0161017
internal_weight=3977 1379 2598 1371 1185 728 631 1227 924 261 572 409 655 217 746 312 154 160 127 101 418 648 628 179 134 93 45 343 321 222 68 643 109 59 192 99 360 227 177 133 56 76 324 303 236 117 98 43 178 268 240 101 49 52 94 78 101 140 119 67 92 59
internal_count=3977 1379 2598 1371 1185 728 631 1227 924 261 572 409 655 217 746 312 154 160 127 101 418 648 628 179 134 93 45 343 321 222 68 643 109 59 192 99 360 227 177 133 56 76 324 303 236 117 98 43 178 268 240 101 49 52 94 78 101 140 119 67 92 59
is_linear=0
shrinkage=0.05


Tree=6
num_leaves=63
num_cat=0
split_feature=16 9 15 16 6 10 13 15 14 16 1 7 4 16 13 16 12 13 0 1 15 4 1 1 15 9 1 13 7 1 1 16 12 4 16 15 1 13 16 4 16 10 0 8 8 12 1 1 16 5 16 1 4 5 9 0 16 16 12 4 5 10
split_gain=389.251 90.8672 88.9745 46.706 31.2336 27.9696 27.3532 24.1309 18.5594 17.6513 15.0168 14.2811 13.6567 13.7544 15.7915 12.3626 11.8462 11.0721 10.4484 10.3718 10.3513 9.92602 9.77229 16.5443 9.74066 9.50847 9.42308 9.39401 10.2281 9.11323 9.03227 16.2761 11.787 8.85276 8.11588 9.09238 8.35848 8.06118 7.92441 7.8012 7.79366 7.65089 7.47973 7.37337 7.18597 7.87783 7.05211 9.53837 7.04097 6.91312 6.57143 6.55813 11.3253 6.54323 6.4 6.28791 6.25541 6.20079 12.9933 8.51202 6.55585 6.12146
threshold=26.500000000000004 0.39159811985898946 5.5000000000000009 169.50000000000003 7.0210622710622719 23.667083333333338 0.66115363586659381 6.5000000000000009 330.00000000000006 55.500000000000007 5.5000000000000009 7.1500000000000012 10.075762000000003 264.00000000000006 0.3024785801713587 60.500000000000007 11.132106326592909 0.14371772805507746 10.950360425000001 10.500000000000002 1.5000000000000002 3.8864580000000006 12.500000000000002 16.500000000000004 7.5000000000000009 0.15184453227931491 11.500000000000002 0.72850122850122856 26.850000000000005 7.5000000000000009 12.500000000000002 253.50000000000003 8.8144086318494583 1.0757620000000003 76.500000000000014 7.5000000000000009 6.5000000000000009 0.31501610305958139 1.0000000180025095e-35 4.7267010000000012 -19.499999999999996 3.6947980416156674 12.444616975000001 11.292792541855716 13.978543543594094 12.772081610161869 14.500000000000002 12.500000000000002 -52.499999999999993 14.850000000000003 -131.49999999999997 10.500000000000002 2.7886000000000002 19.950000000000003 0.30079365079365084 10.857762616666669 207.50000000000003 -73.499999999999986 13.005170565861564 3.1650740000000006 19.550000000000004 12.907261904761905
decision_type=2 10 2 2 8 8 8 2 10 2 2 10 10 2 10 2 10 10 2 2 2 10 2 2 2 10 2 10 10 2 2 2 10 10 2 2 2 10 2 10 2 10 2 10 10 10 2 2 2 10 2 2 10 10 10 2 2 2 8 10 10 10
left_child=1 7 4 5 30 34 42 10 9 -6 16 20 13 14 17 -7 -1 -11 21 24 40 33 27 -24 -20 -26 -17 28 -13 -10 31 32 -2 -9 35 36 49 55 53 -37 48 56 -5 -30 45 -35 47 51 -3 -4 -22 52 -38 -12 -53 -23 -32 61 59 -59 -61 -21
right_child=2 11 3 6 8 15 -8 18 29 12 38 22 -14 -15 -16 26 -18 -19 19 57 50 37 23 -25 25 -27 -28 -29 43 -31 41 -33 -34 44 -36 39 46 -39 -40 -41 -42 -43 -44 -45 -46 -47 -48 -49 -50 -51 -52 54 -54 -55 -56 -57 -58 58 -60 60 -62 -63
leaf_value=-2.5938067954833985 -1.6403800183593749 0.034394306835937451 0.29526328071289071 9.0794188036132812 -1.146590023828125 -1.0720376054687499 1.0920013695800781 -2.2647809343750001 -0.38174889184570326 -0.91810583984375005 -2.6569921218750001 1.531634830053711 -0.77171200546875018 4.9973436001953129 -1.5351906326171876 -2.5212492306884764 0.43350367402343759 1.6758167035156248 -1.6978992054687501 -2.757491425 2.6233979362304689 -0.96192981015625001 -3.2859639822265629 0.094816851220702963 -0.89112879999999994 0.94494688259277348 2.3860014250000003 -0.54866221660156234 -1.7047790159179688 -1.750660790625 3.0847295333984377 5.1089492521484381 3.316840251953125 0.56976241328124988 2.4994300352783205 2.4779054248413086 -0.32319435211181652 0.16511526445312497 -0.92973662436523419 0.71145002695312487 0.27566618964843742 0.64718323652343734 2.408805488354492 2.4078667779785157 1.5983969213623048 -1.2610067355712893 0.057532714648437636 2.5426882382568361 -1.0737480173828124 -1.5366501760253906 0.90562698261718766 -1.4144760503906251 2.7769477025146485 -1.67950411328125 2.0720872941650388 0.071734795092773404 0.85457592402343774 -0.92618441708984389 -0.88599242578125015 1.9806073623291014 -0.83958717617187484 -4.2800033109375004
leaf_weight=26 44 22 34 326 56 28 56 27 22 22 265 43 66 57 49 20 45 112 93 21 23 151 49 39 38 59 32 33 32 69 48 23 24 49 446 66 20 39 136 69 45 29 26 36 20 27 79 44 21 24 161 20 42 227 20 20 22 34 121 26 20 57
leaf_count=26 44 22 34 326 56 28 56 27 22 22 265 43 66 57 49 20 45 112 93 21 23 151 49 39 38 59 32 33 32 69 48 23 24 49 446 66 20 39 136 69 45 29 26 36 20 27 79 44 21 24 161 20 42 227 20 20 22 34 121 26 20 57
internal_value=-0.001025 -0.0165835 0.0146115 0.0218935 -0.000699844 0.0157839 0.0360294 -0.0227515 -0.00783664 -0.00276243 -0.0295422 0.00178571 0.00196078 0.0075 0.000819672 -0.0125 -0.00774648 0.00970149 -0.0168329 -0.0216418 0.00955882 -0.0100601 -0.00732759 -0.0204545 -0.0126316 -0.00154639 0.00192308 0.000694444 0.00765766 -0.028022 0.0163158 0.00494505 -0.00735294 0.00121951 0.0184028 0.0133971 0.00830389 -0.0166667 -0.0320064 0.0240741 -0.00454545 0.0267677 0.0411932 -0.00441176 0.00833333 0.00131579 0.0126667 0.0191781 -0.0197674 -0.00862069 0.0163043 0.0107843 0.0209677 -0.0349593 -0.005 -0.021345 0.0357143 -0.0277778 -0.0231343 -0.0075 0.00652174 -0.0397436
internal_weight=4000 2005 1995 1352 643 944 408 1501 453 362 699 504 306 240 183 80 71 134 802 469 272 333 232 88 190 97 52 144 111 91 190 91 68 123 864 418 283 210 628 135 88 99 352 68 96 76 225 146 43 58 184 102 62 492 40 171 70 279 201 80 46 78
internal_count=4000 2005 1995 1352 643 944 408 1501 453 362 699 504 306 240 183 80 71 134 802 469 272 333 232 88 190 97 52 144 111 91 190 91 68 123 864 418 283 210 628 135 88 99 352 68 96 76 225 146 43 58 184 102 62 492 40 171 70 279 201 80 46 78
is_linear=0
shrinkage=0.05


Tree=7
num_leaves=63
num_cat=0
split_feature=16 9 15 16 7 10 13 15 15 1 16 11 1 16 0 9 1 8 4 1 1 16 9 1 13 1 7 0 11 1 15 16 6 1 16 15 16 16 15 16 1 15 11 8 7 4 0 16 2 1 1 10 16 0 8 11 4 16 1 1 16 10
split_gain=359.829 82.8203 78.5072 48.1162 25.0283 22.2408 21.4772 21.03 17.2612 21.3492 15.1867 13.9241 11.816 13.7201 11.0305 12.4162 10.4771 10.2326 10.0876 9.95391 15.4242 12.5076 11.7717 9.68962 11.9074 10.9313 10.4769 9.61945 8.80476 8.61343 8.37692 8.29788 8.2482 8.80842 8.16373 8.07723 17.0612 7.95708 7.68125 8.38976 7.59708 7.50649 7.44548 11.039 7.30227 7.02687 9.14432 9.01064 7.01168 6.76367 6.68667 6.66755 6.61592 6.40152 7.04894 6.4 6.3119 6.19895 6.36531 8.06349 6.19048 6.07862
threshold=26.500000000000004 0.39559108527131787 5.5000000000000009 146.50000000000003 20.050000000000004 23.667083333333338 0.66115363586659381 4.5000000000000009 6.5000000000000009 5.5000000000000009 61.500000000000007 7.1500000000000012 12.500000000000002 148.50000000000003 10.967131783333334 0.30079365079365084 3.5000000000000004 11.333908997188308 9.1025600000000022 7.5000000000000009 18.500000000000004 181.50000000000003 0.19538706256627789 12.500000000000002 0.85880398671096347 16.500000000000004 27.650000000000002 12.444616975000001 39.95000000000001 2.5000000000000004 6.5000000000000009 60.500000000000007 10.731174089068826 10.500000000000002 -73.499999999999986 1.5000000000000002 -18.499999999999996 307.50000000000006 7.5000000000000009 76.500000000000014 16.500000000000004 7.5000000000000009 49.45000000000001 11.39944031379021 40.250000000000007 3.6022320000000003 10.328667200000002 -40.499999999999993 17.500000000000004 4.5000000000000009 6.5000000000000009 14.540126291618831 144.50000000000003 10.950360425000001 12.966891609119806 52.650000000000013 4.9433180000000005 244.50000000000003 11.500000000000002 7.5000000000000009 -28.499999999999996 1.0000000180025095e-35
decision_type=2 10 2 2 8 8 8 2 2 2 2 10 2 2 2 10 2 10 10 2 2 2 10 2 10 2 10 2 8 2 2 2 10 2 2 2 2 2 2 2 2 2 10 10 10 10 2 2 2 2 2 10 2 2 10 10 10 2 2 2 2 10
left_child=1 8 4 5 12 38 27 19 9 16 -9 29 13 -2 15 45 -1 -11 37 21 -21 55 -22 24 26 60 -13 57 -18 -3 -7 -32 -16 41 -35 36 -31 -12 39 50 -19 -34 43 -41 -36 46 -10 -48 -28 -43 -4 -47 -14 -45 -55 -6 -40 58 59 -5 -25 -37
right_child=2 11 3 6 7 30 -8 10 14 17 18 23 52 -15 32 -17 28 40 -20 20 22 -23 -24 25 -26 -27 48 -29 -30 35 31 -33 33 34 44 61 -38 -39 56 42 -42 49 -44 53 -46 51 47 -49 -50 -51 -52 -53 -54 54 -56 -57 -58 -59 -60 -61 -62 -63
leaf_value=-1.3484506055383301 -2.6003961219335938 -1.0196151594824221 -0.38191217433837893 5.6879002279833983 -2.4091889810009768 -0.75591583886718761 2.2209213581402589 -1.5127440738085938 1.070810282056885 -1.27573578921875 1.7626355173876953 0.93091405533020011 2.9554930567285158 2.8520209008691406 -0.84169280449218764 1.3932395793994141 -2.6974957288293457 -3.4372888656652836 -0.54609146261718744 -0.95946618136718753 -0.84940324035156256 2.6170988820715335 3.0968281637402342 -3.7487461758398442 -0.52122910577148418 0.033886191751708948 1.8991600915698243 1.9803785695764156 2.4062137128320313 -0.89817575665039073 -1.2747019431640625 1.8917013537500005 -1.2940524642871094 -4.0900123086718754 -0.20255955740966805 1.0000775245996096 1.0405546106347658 11.325518099873047 2.3540101535992428 1.6289597013366699 -0.75038017753906239 -0.8773331054949951 3.1628938751892086 -0.99523531975708013 -1.4648207814208984 -0.21428571096679683 -4.3594994979382324 0.041744544960937539 -1.5294933531103516 0.89769953846313477 1.1154127975875856 -1.4911167972430421 0.81184712782226587 -0.27991394956665022 2.7548992023376466 2.8254428351708989 1.9283224816589355 11.034498503422853 5.1057647276062017 0.89542128169433577 -2.7323864758886725 2.1276044846459961
leaf_weight=25 35 24 65 49 20 20 76 47 21 359 94 84 50 22 97 63 21 212 47 177 23 28 25 35 25 44 21 31 35 36 21 31 77 66 54 81 29 21 118 136 46 32 39 40 80 102 29 41 47 45 210 92 36 21 27 20 127 187 113 40 30 46
leaf_count=25 35 24 65 49 20 20 76 47 21 359 94 84 50 22 97 63 21 212 47 177 23 28 25 35 25 44 21 31 35 36 21 31 77 66 54 81 29 21 118 136 46 32 39 40 80 102 29 41 47 45 210 92 36 21 27 20 127 187 113 40 30 46
internal_value=-0.000588235 -0.0155828 0.0144289 0.0212805 7.75194e-05 0.0140936 0.0336694 -0.00517928 -0.0214763 -0.0272206 0.0069378 0.00199203 0.0185315 0.000877193 -0.0164581 -0.00977011 -0.00308642 -0.030389 0.0141975 -0.0138225 -0.0188889 0.00294118 0.00625 -0.00524476 0.0019774 -0.0169725 0.00723684 0.0380952 0.00892857 0.0115741 -0.0125 -0.00192308 -0.0216186 -0.0180791 -0.025 0.0151042 0.000769231 0.0221739 0.016539 0.013197 -0.0379845 -0.00909091 0.0195817 0.0160714 -0.0179104 -0.0142105 -0.00274725 -0.0114286 -0.00735294 0.00194805 0.00709091 -0.0195876 0.0302326 0.00227273 0.0145833 -0.015 0.0238776 0.0402314 0.0341584 0.0241573 -0.03 0.0224409
internal_weight=3995 1999 1996 1351 645 855 496 502 1497 698 209 502 143 57 799 348 81 617 162 293 225 68 48 286 177 109 152 420 56 216 72 52 451 354 200 192 65 115 783 538 258 154 263 224 134 285 91 70 68 77 275 194 86 88 48 40 245 389 202 89 65 127
internal_count=3995 1999 1996 1351 645 855 496 502 1497 698 209 502 143 57 799 348 81 617 162 293 225 68 48 286 177 109 152 420 56 216 72 52 451 354 200 192 65 115 783 538 258 154 263 224 134 285 91 70 68 77 275 194 86 88 48 40 245 389 202 89 65 127
is_linear=0
shrinkage=0.05


Tree=8
num_leaves=63
num_cat=0
split_feature=16 15 7 16 15 10 5 7 15 12 16 1 16 10 12 11 11 6 1 16 1 6 1 16 6 10 8 16 5 9 11 12 12 8 10 14 15 5 14 10 10 9 7 9 4 1 16 6 10 15 11 8 15 11 9 15 4 1 16 16 15 9
split_gain=298.188 85.5575 77.2862 49.5948 29.9625 25.3463 18.5172 17.7388 18.3198 15.5905 15.207 14.2893 13.7836 13.4785 13.3797 12.8894 12.2712 10.8517 10.0629 9.34642 8.68649 14.7558 11.2208 8.67771 8.47059 8.26183 8 7.91713 7.87954 7.81966 7.67169 7.55506 8.03105 7.51853 7.99185 12.9142 7.93998 7.49614 7.34072 6.75335 9.27195 8.59506 6.68571 8.82955 6.65841 6.51032 10.974 6.33889 7.14702 9.69111 6.59641 5.90838 7.32323 5.63657 5.54358 5.52648 5.5235 5.407 9.01727 7.11138 5.39278 7.69695
threshold=26.500000000000004 5.5000000000000009 7.1500000000000012 204.50000000000003 7.5000000000000009 29.964292307692315 18.650000000000002 20.050000000000004 4.5000000000000009 17.728171819863864 77.500000000000014 8.5000000000000018 61.500000000000007 23.667083333333338 11.465066884617375 55.350000000000001 66.450000000000017 16.580322580645166 2.5000000000000004 1.0000000180025095e-35 13.500000000000002 9.2891986062717802 5.5000000000000009 292.50000000000006 0.75533223954060713 18.284337167070223 11.069093424185928 1.0000000180025095e-35 10.850000000000003 0.083835341365461849 51.250000000000007 9.4401398005347943 11.202224443795261 1.0000000180025095e-35 0.42509472457009623 90.000000000000014 1.5000000000000002 25.050000000000004 150.00000000000003 3.3752623083131561 10.750555555555557 0.16035714285714289 40.850000000000001 0.24025316455696205 1.6022320000000001 8.5000000000000018 188.50000000000003 15.587487781036172 16.662280701754387 6.5000000000000009 48.650000000000013 10.798705430484157 8.5000000000000018 33.250000000000007 0.083835341365461849 7.5000000000000009 3.4260780000000008 12.500000000000002 148.50000000000003 178.50000000000003 7.5000000000000009 0.32173123486682814
decision_type=2 2 8 2 2 8 8 8 2 10 2 2 2 10 8 10 10 8 2 2 2 10 2 2 10 10 10 2 10 8 10 10 10 10 10 10 2 10 10 10 10 10 10 10 10 2 2 8 8 2 10 10 2 8 8 2 10 2 2 2 2 8
left_child=2 7 18 5 6 10 11 44 9 45 13 15 26 38 20 17 -11 31 -1 -8 21 -6 -23 28 -5 -16 -10 47 -14 -21 37 -4 -33 34 35 -20 -35 39 60 -12 -41 -42 43 -30 -2 46 -9 50 -49 -50 -13 52 -22 -47 -27 -39 -40 58 -46 -59 61 -3
right_child=1 3 4 24 14 -7 19 8 12 16 30 27 23 -15 25 -17 -18 -19 33 29 51 22 -24 -25 -26 54 -28 -29 42 -31 -32 32 -34 36 -36 -37 -38 55 56 40 41 -43 -44 -45 57 53 -48 48 49 -51 -52 -53 -54 -55 -56 -57 -58 59 -60 -61 -62 -63
leaf_value=-0.81910116583935544 -0.40270618497753896 0.3447862819724275 0.50116705131533823 4.9599702747170262 -1.0780855143176271 -0.87970062803710936 -1.6175464656505434 -1.6306269483869629 0.20189010800683604 4.5226455141567383 0.72171593768096898 -1.9749516871375121 -0.17947686669946297 -2.226884153415527 -0.79210816426757824 3.4606126030974127 -0.34443727802148444 -1.5839134865473636 2.1934681796196287 -0.92596880631588763 -0.88330260251220705 -0.031288721186355506 3.2704381094070443 9.0553615048516853 8.6612437503952631 -0.83228593442597976 -2.4813376687705082 -0.57721046078366089 0.56883317766394059 -0.6505577688035431 3.8367400122726441 -2.574390743309082 0.62496472070904552 0.053405122942382914 -0.38282455185009767 0.02870951682177747 2.0320513467540282 -0.071734290517272828 0.62781758064828497 4.3915049830231014 2.9895946516702274 1.9457528320394895 -0.74433898818383781 2.5173961411130374 -2.4703763158369143 -0.31515444202539067 2.8218703937260137 -3.792081259607361 -2.0855492847362975 -0.53771685098632815 0.27013924291796876 -1.0884438965875245 1.2356910066217348 -1.3099379203261723 0.15743314317260754 2.5594267362869259 -0.69792677504676071 2.7534837163920898 2.7109007444975588 0.19495633393115241 1.7461656748865666 1.5301479262436672
leaf_weight=28 21 155 36 34 29 41 391 35 25 31 47 216 69 20 196 26 22 57 54 26 36 24 42 26 272 20 25 102 22 110 100 48 59 21 41 88 47 57 21 124 30 162 22 29 29 37 20 49 80 37 28 21 22 145 77 39 40 46 21 25 117 101
leaf_count=28 21 155 36 34 29 41 391 35 25 31 47 216 69 20 196 26 22 57 54 26 36 24 42 26 272 20 25 102 22 110 100 48 59 21 41 88 47 57 21 124 30 162 22 29 29 37 20 49 80 37 28 21 22 145 77 39 40 46 21 25 117 101
internal_value=-0.00023626 0.0133831 -0.0138488 0.0205147 -0.0177829 0.01537 -0.0217787 -0.00153846 -0.00590551 -0.0141379 0.0169299 -0.0166667 0.00504587 0.0101322 -0.00695931 -0.00619469 0.0103774 -0.0105 0.0105735 -0.0289374 0.00402299 0.0142105 0.0272727 0.0119048 0.0382353 -0.0134812 -0.018 -0.0212891 0.00704225 -0.0176471 0.0224508 -0.00314685 -0.00981308 0.013745 0.00846995 0.0140845 0.0279412 0.0197168 0.0119816 0.0230028 0.0256329 0.01875 0.0184932 0.0284314 0.0140845 -0.0196203 -0.00454545 -0.0243902 -0.0319277 -0.0252137 -0.0192623 -0.00822785 0 -0.0241758 -0.00154639 0.00729167 -0.00409836 0.018595 0.006 0.0274648 0.0146113 0.0105469
internal_weight=4021 2010 2011 1360 1732 1054 1265 650 508 290 1013 738 218 454 467 226 53 200 279 527 174 95 66 168 306 293 50 512 142 136 559 143 107 251 183 142 68 459 434 363 316 192 73 51 142 237 55 410 166 117 244 79 58 182 97 96 61 121 50 71 373 256
internal_count=4021 2010 2011 1360 1732 1054 1265 650 508 290 1013 738 218 454 467 226 53 200 279 527 174 95 66 168 306 293 50 512 142 136 559 143 107 251 183 142 68 459 434 363 316 192 73 51 142 237 55 410 166 117 244 79 58 182 97 96 61 121 50 71 373 256
is_linear=0
shrinkage=0.05


Tree=9
num_leaves=63
num_cat=0
split_feature=16 7 15 16 10 13 15 16 4 1 14 5 11 8 1 9 8 13 1 1 16 0 2 9 0 16 1 11 10 11 7 16 16 2 15 5 9 14 10 16 1 10 9 4 15 2 13 13 11 1 7 0 15 4 8 16 1 10 1 0 9 14
split_gain=297.966 71.2289 67.4505 46.0222 24.3538 21.9643 21.1225 17.7007 18.0208 16.6154 15.4064 13.4069 11.6346 11.1877 11.0174 17.6635 10.756 10.5628 10.5091 9.99836 9.89898 9.84769 10.9206 11.5639 10.0605 9.83786 8.88333 14.764 10.5053 8.31969 8.1 7.83286 7.6803 7.5772 7.42734 9.60798 7.3319 7.11883 6.94651 6.70892 6.49342 6.39683 7.11352 6.66509 6.64535 6.2845 7.23108 6.88775 6.25541 6.12936 11.7936 6.44493 6.05178 7 6.02131 6.01089 7.78981 5.83333 5.78393 6.12255 5.73233 9.74141
threshold=25.500000000000004 16.750000000000004 5.5000000000000009 218.50000000000003 25.08878391472869 0.68927203065134113 7.5000000000000009 55.500000000000007 9.6022320000000025 14.500000000000002 330.00000000000006 18.650000000000002 51.250000000000007 11.009610445278783 10.500000000000002 0.1472136222910217 8.1778062716931803 0.66115363586659381 10.500000000000002 2.5000000000000004 -32.499999999999993 10.984724408333335 12.500000000000002 0.33558558558558566 10.932213500000001 303.50000000000006 8.5000000000000018 55.350000000000001 11.84323943661972 47.250000000000007 1.1500000000000001 -10.499999999999998 77.500000000000014 22.500000000000004 7.5000000000000009 30.050000000000004 0.10762548262548265 270.00000000000006 19.353684210526314 100.50000000000001 18.500000000000004 15.995138888888892 0.20864427860696519 4.0054830000000008 5.5000000000000009 47.500000000000007 0.96318879855465223 0.84045454545454557 35.050000000000004 19.500000000000004 41.850000000000001 10.456888266666668 6.5000000000000009 8.9433180000000014 8.3918189291023069 67.500000000000014 12.500000000000002 4.1008385744234808 14.500000000000002 11.4818853 0.20400238948626048 90.000000000000014
decision_type=2 8 2 2 8 10 2 2 10 2 10 8 10 8 2 10 10 8 2 2 2 2 2 8 2 2 2 10 8 10 10 2 2 2 2 10 10 10 10 2 2 8 10 10 2 2 10 10 10 2 10 2 2 10 10 2 2 10 2 2 8 10
left_child=1 19 5 4 12 7 11 -2 10 -6 25 26 21 16 15 -15 -8 52 30 -1 -13 24 23 -23 34 36 27 33 31 -12 -7 -28 38 -3 35 -4 -9 45 -14 -20 -41 44 -43 -44 -30 46 47 57 -46 50 51 -38 53 -5 -10 -24 -57 -21 -58 -60 -22 -62
right_child=2 6 3 17 9 18 13 8 54 -11 29 20 32 14 -16 -17 -18 -19 39 37 60 22 55 -25 -26 -27 28 -29 41 -31 -32 -33 -34 -35 -36 -37 49 -39 -40 40 -42 42 43 -45 48 -47 -48 -49 -50 -51 -52 -53 -54 -55 -56 56 58 -59 59 -61 61 -63
leaf_value=-0.87258689170266102 -0.95681089258752461 -0.35369524444072575 1.1358235153086391 7.8833235261079224 -1.6711642950483399 -2.4761617142540531 -0.45123420052404806 -0.97401734914653337 -0.0013558680598632301 0.61891121357386791 -1.9001899553496444 -4.0607790604171807 2.4303565985915796 -0.76349214101728036 -0.7724290205055544 1.241691742431839 0.31979284404112251 4.0736420243898506 2.7489489656067261 1.7263273301873232 -0.47028714105139624 -0.37163088670518674 0.4738757608078718 1.2943019679505134 4.2473323371784417 7.9812178651446235 -1.6410191547301605 3.287581972942542 -4.8002159349623712 0.1808346618034179 4.7205705875506894 1.1385801608384101 3.899443954131546 -1.5136263980697404 2.2314553994725794 -0.85138944878926148 -1.1904004771926151 -0.25781522700997311 -0.079054115385864251 2.310672582272681 -0.10724255994497085 -1.274544342087037 0.31519858972820913 -1.9778280174249283 -0.0077374704390228647 -0.078182425653466586 1.4787542857753662 -0.52844650836871054 -2.5336211580843635 4.7969484713066102 -1.1276879119670593 0.98663056794202864 9.8716595954438588 1.6548443987885866 -0.88880426339189467 1.3005794933860781 4.3081161907810523 0.087715105424772857 0.031938161186063851 4.4269930139585156 -0.005877632379795928 -0.87374765738007243
leaf_weight=30 74 83 187 50 39 20 35 21 37 39 38 177 33 56 190 68 111 35 42 21 177 70 134 31 94 38 66 26 46 23 20 46 97 110 99 27 23 62 29 21 25 132 35 29 20 41 101 42 112 24 40 116 164 20 75 132 35 35 23 20 62 94
leaf_count=30 74 83 187 50 39 20 35 21 37 39 38 177 33 56 190 68 111 35 42 21 177 70 134 31 94 38 66 26 46 23 20 46 97 110 99 27 23 62 29 21 25 132 35 29 20 41 101 42 112 24 40 116 164 20 75 132 35 35 23 20 62 94
internal_value=-2.49875e-05 -0.0136273 0.0136591 0.0199558 0.0153811 0.000235479 -0.0178209 -0.00442043 -0.000574713 -0.0115385 0.00541796 -0.0212757 0.017458 -0.00869565 -0.0140127 -0.00241935 0.00273973 0.0384758 0.01875 0.00753012 -0.027451 0.0151408 0.01 -0.00445545 0.0207617 0.010687 -0.0168085 -0.00844749 -0.0205761 -0.0172131 -0.0025 -0.00714286 0.0298742 -0.0132124 0.0164537 0.011215 0.00669643 0.0102649 0.016129 0.0284091 0.0152174 -0.0245989 -0.0183673 -0.0046875 -0.0314607 0.0141667 0.0178392 0.00816327 -0.0257576 0.00960591 0.00642458 0.0133094 0.0423077 0.03 -0.0178571 0.0142442 0.0195238 0.0196429 0.0320513 0.0197674 -0.0223724 -0.0153846
internal_weight=4002 2007 1995 1358 1089 637 1675 509 435 78 323 1215 1011 460 314 124 146 269 128 332 510 852 445 101 407 262 705 219 486 61 40 112 159 193 313 214 224 302 62 88 46 374 196 64 178 240 199 98 132 203 179 139 234 70 112 344 210 56 78 43 333 156
internal_count=4002 2007 1995 1358 1089 637 1675 509 435 78 323 1215 1011 460 314 124 146 269 128 332 510 852 445 101 407 262 705 219 486 61 40 112 159 193 313 214 224 302 62 88 46 374 196 64 178 240 199 98 132 203 179 139 234 70 112 344 210 56 78 43 333 156
is_linear=0
shrinkage=0.05


Tree=10
num_leaves=63
num_cat=0
split_feature=16 9 15 16 13 15 5 15 16 14 14 5 11 13 1 12 8 1 16 8 8 16 14 12 16 4 11 1 12 12 15 13 2 6 7 12 2 8 6 1 6 12 12 8 1 12 2 1 7 16 16 9 4 6 4 13 7 7 8 1 4 9
split_gain=287.586 76.4626 72.2556 41.921 22.4033 21.3774 19.994 13.1665 17.7151 14.7496 12.5845 12.104 11.7369 11.4148 8.77421 13.302 14.2636 8.64862 8.62476 8.2315 8.22161 8.61543 7.75129 13.0908 7.61438 7.57559 7.36154 7.3138 7.29755 15.0726 9.05709 9.07292 8.24487 7.10474 6.76434 8.99879 6.85772 6.6821 6.60964 6.59114 7.03275 6.41739 6.70703 10.6493 9.51066 7.96923 6.28826 6.28122 5.98442 5.84711 5.79626 5.69823 5.57392 5.54667 5.54505 6.7364 5.50894 5.44231 5.4 5.04927 4.92807 4.90556
threshold=26.500000000000004 0.39159811985898946 5.5000000000000009 193.50000000000003 0.66115363586659381 7.5000000000000009 55.600000000000009 3.5000000000000004 55.500000000000007 330.00000000000006 90.000000000000014 43.050000000000004 27.750000000000004 0.66115363586659381 12.500000000000002 11.465066884617375 12.616801169913813 2.5000000000000004 -40.499999999999993 10.475150552527706 10.920531665934233 -1.4999999999999998 90.000000000000014 11.22652962822707 -73.499999999999986 1.7453935000000003 60.350000000000001 13.500000000000002 18.355691725052363 16.275363871625512 8.5000000000000018 0.29860438069393297 12.500000000000002 27.377181400688865 35.45000000000001 12.317156058931738 27.500000000000004 11.644704534615608 15.781100266193436 10.500000000000002 0.34664031620553365 31.493757020940841 16.81507497232689 13.547871182958591 7.5000000000000009 20.049611723498305 27.500000000000004 12.500000000000002 37.95000000000001 128.50000000000003 -19.499999999999996 0.36240942028985512 2.1303240000000003 16.313172413793108 5.3285570000000009 0.5865817091454274 43.650000000000013 35.850000000000001 11.030880534051621 15.500000000000002 12.118590000000003 0.19378911892152145
decision_type=2 10 2 2 10 2 10 2 2 10 10 10 10 8 2 8 10 2 2 10 10 2 8 10 2 10 10 2 10 10 2 10 2 8 10 10 2 10 10 2 10 10 10 10 2 10 2 2 8 2 2 10 10 10 10 10 10 10 10 2 10 10
left_child=1 5 4 6 7 18 10 26 57 25 49 14 17 33 15 19 -17 -3 61 -7 21 48 47 -24 -22 -10 37 46 29 30 31 32 58 -5 -34 53 -37 -2 -26 40 -6 42 43 -20 -44 -46 -19 -14 -16 51 59 -4 -51 -36 55 -33 -40 -9 -12 -29 -56 -1
right_child=2 12 3 13 39 11 -8 8 9 -11 28 -13 22 -15 20 16 -18 27 41 -21 24 -23 23 -25 38 -27 -28 50 -30 -31 -32 54 34 -35 35 36 -38 -39 56 -41 -42 -43 44 -45 45 -47 -48 -49 -50 52 -52 -53 -54 -55 60 -57 -58 -59 -60 -61 -62 -63
leaf_value=-3.8708344639305312 -0.54391669948108889 -0.73451676296225465 1.1212417349382238 7.8272636523415891 -2.35235362854135 0.19826856519380273 -1.1810408964294468 -0.48966962297897343 2.4181935193321586 -1.6001257737826942 -1.7848572612323339 -0.72138130502892173 1.4992575911764603 3.2353185330072436 -0.11338311549784548 -0.77631494266909873 0.41591733424957256 1.5016212589865978 -0.55335645350997276 2.6484772593480761 -3.6301420807769689 -0.53308455424767165 -3.9796860535812062 0.046349111524025148 -1.4630032218557039 0.36683898555774486 0.53949878765293224 -1.2839773029026684 -1.9924811099462953 4.422249853569336 5.049522597466308 3.2282938864427408 2.8883192954157564 1.7719857767190303 -2.0801788816539335 1.2560206999772026 0.0084489047548480297 -1.4310828768174657 0.19267820079911202 1.9370925901046492 4.6244074612700503 -0.45814335903013731 1.8350223903842069 -2.7210339421060388 0.34353180233864028 -0.8064681976613598 0.27520246955803956 -2.2320459971500388 0.63649296781149733 1.4972601423910312 0.62059835045377076 3.3455883750483646 4.2019046465458194 -0.077229156230483306 0.27851680814638763 0.38041091092415552 -0.78446334831081965 -2.6562835112039247 0.21698064819646179 0.054938479085769966 1.886404850271475 -3.9199711153316117
leaf_weight=168 95 28 224 264 20 39 20 22 56 26 30 45 53 44 35 62 68 102 480 21 42 23 45 47 21 194 26 25 28 34 26 82 50 20 24 21 45 54 21 86 21 34 22 111 23 33 89 33 20 28 36 110 66 26 95 35 20 27 30 42 40 214
leaf_count=168 95 28 224 264 20 39 20 22 56 26 30 45 53 44 35 62 68 102 480 21 42 23 45 47 21 194 26 25 28 34 26 82 50 20 24 21 45 54 21 86 21 34 22 111 23 33 89 33 20 28 36 110 66 26 95 35 20 27 30 42 40 214
internal_value=-0.00059179 -0.0139361 0.0129761 0.0195231 -0.00103668 -0.0195739 0.014497 -0.0058 0.000153846 0.00507246 0.015493 -0.00995204 0.003 0.035061 -0.00698925 0.000526316 -0.00846154 0.00869565 -0.0232719 0.02 -0.0148352 -0.0025641 -0.00730337 -0.0173913 -0.0240385 0.0088 -0.0168571 0.0112245 0.0106007 0.0118959 0.00972222 0.008159 0.000884956 0.0387324 0.00662651 0 0.0121212 -0.0211409 -0.0129032 0.0177165 0.00121951 -0.0199858 -0.0189088 -0.0207276 -0.00512821 -0.0160714 0.0170157 0.00348837 0.00818182 0.0219626 0.000485437 0.0188623 0.0329787 -0.016 0.0146825 0.0226496 -0.00121951 -0.027551 -0.015 -0.00820896 0.00777778 -0.0293194
internal_weight=3971 2002 1969 1342 627 1502 1014 500 325 276 994 417 500 328 372 190 130 322 1085 60 182 78 178 92 104 250 175 294 566 538 504 478 226 284 166 116 66 149 62 127 41 703 669 591 78 56 191 86 55 428 103 334 94 50 252 117 41 49 60 67 135 382
internal_count=3971 2002 1969 1342 627 1502 1014 500 325 276 994 417 500 328 372 190 130 322 1085 60 182 78 178 92 104 250 175 294 566 538 504 478 226 284 166 116 66 149 62 127 41 703 669 591 78 56 191 86 55 428 103 334 94 50 252 117 41 49 60 67 135 382
is_linear=0
shrinkage=0.05


Tree=11
num_leaves=63
num_cat=0
split_feature=11 1 9 1 12 15 7 10 0 15 1 7 4 11 12 4 7 6 15 5 8 5 1 10 2 15 5 8 1 1 6 12 6 1 5 2 9 12 7 15 6 5 10 0 12 12 5 4 12 1 1 4 0 7 15 9 4 11 12 12 9 2
split_gain=76.9675 42.3523 41.6877 40.4803 29.2844 26.5492 19.8584 18.6595 16.911 14.5409 13.436 14.0342 11.4083 11.3692 10.6197 10.5146 10.2438 9.43602 9.17845 8.74324 8.51644 8.47996 8.48998 10.974 8.13176 11.2133 7.51258 7.25433 8.23598 12.7738 7.7381 6.98913 6.97316 6.96092 15.7492 8.32988 6.8544 7.43802 11.3794 8.64286 6.83411 6.64314 6.46054 9.70385 6.72748 6.27287 6.26678 6.22627 6.2228 10.9213 9.7061 6.21118 6.20572 6.16126 5.99738 6.77298 8.2504 5.56586 8.99839 6.50258 5.34104 7.47598
threshold=89.300000000000011 17.500000000000004 0.32173123486682814 20.500000000000004 16.81507497232689 6.5000000000000009 33.650000000000013 21.000318471337582 10.984724408333335 7.5000000000000009 13.500000000000002 45.050000000000004 8.9433180000000014 44.650000000000013 15.011875730956449 1.1185900000000002 36.95000000000001 22.042405797101452 5.5000000000000009 26.450000000000003 7.6826382910828626 20.950000000000003 14.500000000000002 8.6139423076923105 27.500000000000004 6.5000000000000009 16.050000000000004 10.859668826372378 6.5000000000000009 4.5000000000000009 11.84181141439206 11.021251749631739 10.878234265734269 8.5000000000000018 18.450000000000003 22.500000000000004 0.20530382859149984 11.247969927627112 37.550000000000004 6.5000000000000009 18.09446022727273 10.050000000000002 17.031271526980486 10.958796241666667 11.361981605634197 15.806140119949474 32.050000000000004 11.886458000000001 0.58085114979536823 14.500000000000002 12.500000000000002 7.0054830000000008 10.984724408333335 43.250000000000007 6.5000000000000009 0.19890109890109894 1.6022320000000001 33.650000000000013 12.959255635025203 11.465066884617375 0.30860805860805868 22.500000000000004
decision_type=8 2 10 2 10 2 10 10 2 2 2 8 10 10 10 10 10 10 2 10 10 10 2 10 2 2 10 10 2 2 10 10 10 2 10 2 8 10 10 2 10 10 10 2 10 10 10 10 10 2 2 10 2 10 2 10 10 10 10 10 10 2
left_child=1 2 4 14 9 6 26 -6 24 20 11 19 46 21 17 -5 -8 47 45 31 32 22 27 -24 25 -2 48 28 29 -7 -29 -11 41 34 -22 42 51 39 -39 -38 -12 -1 44 -44 -35 -18 -9 60 50 -50 -4 -17 -33 -20 -37 -56 -57 -36 59 -59 61 -3
right_child=8 3 5 15 7 13 16 12 -10 10 40 -13 -14 -15 -16 36 18 -19 53 -21 33 -23 23 -25 -26 -27 -28 30 -30 -31 -32 52 -34 35 57 54 37 38 -40 -41 -42 -43 43 -45 -46 -47 -48 -49 49 -51 -52 -53 -54 -55 55 56 -58 58 -60 -61 -62 -63
leaf_value=-1.0973991318028529 -0.32527129371112479 0.66050296057767621 0.11168144800869584 -0.96891100140397024 3.6421675324755061 1.718694487796335 -2.1702897011540276 2.1493606536356427 -0.53174760852327541 2.4498509445417547 -0.81874315730451386 -0.73311727255138404 -1.4977406578708905 2.8704419891206281 6.9041751857645499 0.037665663204721006 -0.61078973560789884 -0.51985248419818764 2.053682064246698 1.6815048562009229 0.066214643154934111 -0.30805193158685196 -0.95381114225257946 2.2732761871940288 -0.55616377542864714 0.84411841175956792 2.0125392767686208 -1.6262470197254473 3.6931866686368835 -0.89732435833204738 2.3546652685603369 1.2994256186929196 1.9866967460352112 -1.462119242154992 -2.6092804191590373 -0.75851387379817892 1.3093888999633529 1.1676147770797325 0.06118104165951093 -1.1710701436457791 1.8662296555344504 0.46436189914855819 0.38214725041736225 -1.6712246257496859 -2.3857316009659466 -1.9518238848883305 -0.41489948829934264 0.53796339936954773 0.45885482221828638 -0.6945921575133579 2.2754811476048697 -1.1323852664900662 -0.60456372999420882 -1.6823873759055894 -1.4449142875710352 -1.5624077369361407 1.1088481872202665 -1.2552015465034971 -2.4967670801449233 1.0218100291054621 4.4749587027869167 5.6243760924947912
leaf_weight=30 48 64 119 39 58 58 47 59 220 52 70 64 24 121 83 40 43 27 34 37 244 68 35 20 85 27 40 28 139 38 24 26 23 96 23 284 28 29 42 28 22 21 30 48 130 27 37 44 270 87 57 23 51 24 45 20 58 48 57 49 103 58
leaf_count=30 48 64 119 39 58 58 47 59 220 52 70 64 24 121 83 40 43 27 34 37 244 68 35 20 85 27 40 28 139 38 24 26 23 96 23 284 28 29 42 28 22 21 30 48 130 27 37 44 270 87 57 23 51 24 45 20 58 48 57 49 103 58
internal_value=-0.000969041 0.00129418 -0.00115578 0.0133224 -0.00627198 0.00566849 -0.00040107 0.0129213 -0.0223684 -0.00850785 0.000931677 0.0073913 0.00166667 0.0142185 0.0233509 -0.00327511 -0.0151429 0.0189189 -0.0078125 0.0150602 -0.0110282 0.0102439 0.0134503 -0.00454545 -0.01 0.002 0.00410122 0.016899 0.0206383 0.009375 0 0.00891473 0.00540541 -0.0121025 -0.00700713 -0.0151195 0.00157895 0.00826772 0.0190141 -0.00535714 -0.0152174 -0.00490196 -0.0213816 -0.00897436 -0.0256637 -0.02 0.009375 0.0217472 0.00253283 -0.0012605 0.0102273 -0.0119048 -0.000649351 0.00689655 -0.0104423 -0.00121951 0.00769231 -0.0183616 -0.0149351 -0.0056701 0.0251111 0.0180328
internal_weight=3973 3593 2985 608 1706 1279 748 178 380 1528 322 230 120 531 379 229 175 296 128 166 1206 410 342 55 160 75 573 287 235 96 52 129 74 1132 421 711 190 127 71 56 92 51 304 78 226 70 96 269 533 357 176 63 77 58 407 123 78 177 154 97 225 122
internal_count=3973 3593 2985 608 1706 1279 748 178 380 1528 322 230 120 531 379 229 175 296 128 166 1206 410 342 55 160 75 573 287 235 96 52 129 74 1132 421 711 190 127 71 56 92 51 304 78 226 70 96 269 533 357 176 63 77 58 407 123 78 177 154 97 225 122
is_linear=0
shrinkage=0.05


Tree=12
num_leaves=63
num_cat=0
split_feature=16 15 7 16 15 6 10 9 15 16 12 1 1 8 5 16 14 6 10 6 11 16 12 16 16 9 0 5 2 11 5 16 10 12 15 1 7 1 8 5 16 16 1 16 16 12 11 10 7 1 12 11 9 8 15 1 1 9 8 11 2 12
split_gain=255.261 65.052 59.6801 37.713 20.6412 19.4557 19.4129 17.5845 15.3677 17.7479 12.2021 11.7849 11.507 10.0188 10.0128 10.9657 9.72 8.49044 8.31144 8.11503 7.98387 7.87038 7.71992 7.67866 9.45776 16.154 7.65996 7.57514 7.42424 8.01818 7.57576 7.38462 7.18355 8.64036 6.84557 9.71697 7.81972 8.10054 11.2113 7.11829 6.77205 8.01072 6.69294 15.7737 14.7958 8.58306 6.69276 6.36199 6.24935 7.74704 6.10787 6.91719 6.09338 6.0503 6.03791 7.8019 5.58042 5.5526 5.4697 5.96737 5.41694 5.32987
threshold=26.500000000000004 5.5000000000000009 27.850000000000005 169.50000000000003 7.5000000000000009 7.0210622710622719 23.667083333333338 0.53410852713178303 4.5000000000000009 55.500000000000007 11.202224443795261 13.500000000000002 2.5000000000000004 12.929385967221505 1.0500000000000003 -105.49999999999999 210.00000000000003 27.377181400688865 5.6125548726953474 10.305235137533275 35.95000000000001 307.50000000000006 15.806140119949474 2.5000000000000004 -1.4999999999999998 0.37638888888888894 10.417885925000002 8.6500000000000004 52.500000000000007 33.650000000000013 1.9500000000000002 86.500000000000014 10.650161030595816 9.8777877600933923 7.5000000000000009 15.500000000000002 8.1000000000000014 11.500000000000002 10.035249827268485 1.0000000180025095e-35 51.500000000000007 102.50000000000001 12.500000000000002 286.50000000000006 253.50000000000003 8.607845648265954 43.45000000000001 12.907261904761905 50.750000000000007 10.500000000000002 31.493757020940841 117.95000000000002 0.28232998885172805 19.394283878549963 6.5000000000000009 11.500000000000002 13.500000000000002 0.16035714285714289 10.920531665934233 40.550000000000004 17.500000000000004 18.765176639647063
decision_type=2 2 8 2 2 8 8 8 2 2 8 2 2 10 8 2 8 10 10 8 10 2 8 2 2 8 2 10 2 10 10 2 8 8 2 2 10 2 10 10 2 2 2 2 2 10 10 10 10 2 8 10 10 8 2 2 2 10 10 10 2 10
left_child=2 5 11 6 14 42 34 17 32 -10 19 12 -1 23 46 -16 28 54 -13 -6 -20 22 47 24 25 58 27 -17 29 -14 -31 -8 -7 -34 35 36 -3 39 -39 -38 -37 -42 44 -44 45 -2 -4 -11 60 -50 51 -28 -40 -35 55 -5 -21 -41 -12 -60 -15 -48
right_child=1 3 4 7 10 8 31 -9 9 21 13 18 16 48 15 26 -18 -19 20 56 -22 -23 -24 -25 -26 -27 50 -29 -30 30 -32 -33 33 53 -36 40 37 38 52 57 41 -43 43 -45 -46 -47 61 -49 49 -51 -52 -53 -54 -55 -56 -57 -58 -59 59 -61 -62 -63
leaf_value=-0.79333465268271652 -2.7236707613439872 3.7650773847078796 -2.8149511999961905 3.0619540351239629 -1.5780745903595632 -2.1198103047876233 -1.2000313758509422 2.9651632810544202 -1.2971546568673045 -0.20025080734956938 -0.14270834806398025 -0.024501575503641515 1.1390476901720203 -0.50060822507494995 -5.6806602662734278 0.52530899017727106 -0.065269847551551588 1.3946565147349881 -2.3941248903837598 1.5970392403580942 -0.010533236862214435 9.2670430371933659 -1.1567658204842475 -0.048191248221375105 -0.65872485935131175 0.2616781777879173 -1.69226672623972 -1.0043516877154992 -1.0083034620039415 0.74331955224980317 -4.3013127795749027 0.61353583186734151 2.7284585167284892 -0.92570404064568956 1.8650633530971086 1.3171315958885905 1.9680474753547985 0.64961716732041208 1.1887143883546281 0.85187710009835882 -1.7727708190709592 0.77917383734913048 2.2365161407126801 -0.67387309174186649 4.6426650965109362 1.7603066417532642 0.76067831645889594 1.7868250908476544 0.59751530012093723 -1.7183643827221085 -0.50220816600822038 0.016206153734301766 4.0083641959868048 0.21396275752772526 7.696049921477897 6.804956460909775 0.040442271162404092 0.35650919215917248 -1.395427191096966 -2.7189517183564291 1.7338576893318525 -1.4337768090258285
leaf_weight=32 41 29 70 30 21 35 39 79 36 43 22 102 176 31 100 32 60 23 40 39 22 24 21 47 33 31 537 116 20 24 20 39 20 179 264 24 58 46 61 34 45 34 74 21 20 25 55 69 22 23 115 32 39 37 201 70 38 220 26 40 37 21
leaf_count=32 41 29 70 30 21 35 39 79 36 43 22 102 176 31 100 32 60 23 40 39 22 24 21 47 33 31 537 116 20 24 20 39 20 179 264 24 58 46 61 34 45 34 74 21 20 25 55 69 22 23 115 32 39 37 201 70 38 220 26 40 37 21
internal_value=-0.00113522 0.0115657 -0.0138105 0.0178652 -0.0188172 -0.00147287 0.0123391 0.0306452 -0.00689655 0.00388601 -0.00926829 0.00120968 0.00662651 -0.0141026 -0.022449 -0.0243562 0.00966667 0.0358025 -0.0097561 0.00612245 -0.0241935 0.0111465 0.00639098 -0.0208543 -0.0263158 -0.0197479 -0.022476 -0.0121622 0.0141667 0.0168182 -0.00227273 -0.0115385 -0.0145756 -0.0114407 0.0145199 0.0115254 0.0144764 0.0128821 0.0226027 0.00833333 -0.00242718 -0.00949367 0.0124309 0.0215789 0.00232558 -0.00909091 -0.010274 0.0116071 -0.00221239 -0.0166667 -0.0247076 -0.0225835 0.032 -0.0143519 0.0380399 0.028 0.0136364 0.00472441 -0.0306818 -0.0378788 0.00735294 0
internal_weight=3964 1980 1984 1335 1488 645 932 403 464 193 410 496 332 312 1078 932 300 324 164 98 62 157 133 199 152 119 832 148 240 220 44 78 271 236 854 590 487 458 146 312 103 79 181 95 86 66 146 112 113 45 684 569 100 216 301 100 77 254 88 66 68 76
internal_count=3964 1980 1984 1335 1488 645 932 403 464 193 410 496 332 312 1078 932 300 324 164 98 62 157 133 199 152 119 832 148 240 220 44 78 271 236 854 590 487 458 146 312 103 79 181 95 86 66 146 112 113 45 684 569 100 216 301 100 77 254 88 66 68 76
is_linear=0
shrinkage=0.05


Tree=13
num_leaves=63
num_cat=0
split_feature=16 15 9 16 13 6 10 16 15 12 15 12 16 0 6 6 14 16 6 13 8 8 0 11 13 14 0 1 1 1 1 1 1 0 4 14 9 10 12 16 13 0 1 0 13 8 16 10 16 1 4 12 10 12 1 16 13 0 0 16 16 8
split_gain=236.481 59.6067 50.2367 37.3007 18.8704 16.9006 15.7983 12.7338 12.0683 12.629 10.735 11.0308 10.7187 10.483 14.1057 9.64102 9.29555 9.25258 9.24988 11.4872 11.52 8.82573 8.23153 7.99769 11.6789 10.734 10.2932 7.45568 7.429 9.17675 7.37552 7.28312 8.72754 7.19789 10.1246 7.06788 10.0743 6.98018 9.6253 6.74295 9.01727 6.8114 7.10945 6.66667 6.45865 6.38655 8.13481 15.1233 9.40967 6.13002 6.05238 6.00105 5.73524 6.59753 8.02345 5.67475 6.35661 5.57656 6.20419 5.54572 7.41176 12.7582
threshold=26.500000000000004 5.5000000000000009 0.39159811985898946 169.50000000000003 0.66115363586659381 7.9191111111111123 23.667083333333338 55.500000000000007 7.5000000000000009 11.202224443795261 4.5000000000000009 18.183876505217246 -29.499999999999996 10.984724408333335 11.589204545454548 27.837699024139706 90.000000000000014 297.50000000000006 18.263636363636365 0.26401991614255771 13.439213100132708 12.929385967221505 12.444616975000001 7.1500000000000012 0.90098039215686287 270.00000000000006 10.237888300000002 2.5000000000000004 11.500000000000002 7.5000000000000009 9.5000000000000018 16.500000000000004 6.5000000000000009 10.61197581666667 6.4260780000000013 90.000000000000014 0.20864427860696519 15.578819646670551 10.044194702714677 -4.4999999999999991 0.68927203065134113 11.958796241666667 12.500000000000002 11.697393500000002 0.2469862018881627 14.413168522208299 188.50000000000003 15.744135297326787 297.50000000000006 6.5000000000000009 5.2247530000000006 21.791707895867169 11.91942733990148 10.010745938859507 10.500000000000002 292.50000000000006 0.76705426356589157 10.417885925000002 10.522861450000002 2.5000000000000004 -1.4999999999999998 10.683060543542497
decision_type=2 2 10 2 8 10 8 2 2 8 2 10 2 2 8 8 10 2 10 10 10 10 2 10 10 10 2 2 2 2 2 2 2 2 10 10 10 10 10 2 10 2 2 2 8 10 2 10 2 2 10 10 10 8 2 2 10 2 2 2 2 10
left_child=2 5 8 6 22 52 16 -7 12 31 11 45 35 14 -14 33 -3 37 -18 20 -20 59 28 25 26 27 -25 -4 29 -5 -23 32 -10 -16 -35 36 -1 38 -12 41 -41 42 -28 -8 51 46 47 -9 -48 -37 -39 -15 53 54 -2 56 -56 -38 -59 60 61 -11
right_child=1 3 23 4 -6 7 43 10 9 21 17 -13 13 44 15 -17 18 -19 19 -21 -22 30 -24 24 -26 -27 39 -29 -30 -31 -32 -33 -34 34 -36 49 57 50 -40 40 -42 -43 -44 -45 -46 -47 48 -49 -50 -51 -52 -53 -54 -55 55 -57 -58 58 -60 -61 -62 -63
leaf_value=-2.2124334153842815 -0.36835936732924923 1.561377943075124 -0.83060016895986577 6.0268496901396773 1.9700474454255961 -1.2322969240239394 -0.052165690944942528 -2.002930811505732 -1.0346945248607082 -0.0014057311014783914 -1.0293069629768878 1.9988366851035206 1.9715331442756807 -0.29648021878427849 -1.6850107959945697 -0.10717325141843088 0.50291514172252183 9.1261719484291888 2.6467139281277947 3.6537109528557625 -0.21245680414020818 0.72380795574741963 0.70121060105864574 3.4515749506964384 -0.55629739556444757 -0.25077563241468914 -0.21627681765269796 1.0267426793214245 7.5430359427079257 0.38889569970972038 -0.70290372777248544 -0.62767966728962876 1.3965151436036385 0.20774162539464014 -2.2839161391538183 -1.0166102323542667 0.50857594963494379 1.5953696134625419 1.7143141236571453 1.0256732750504824 -0.8566554583733863 0.46465839616383137 -2.1128509135630149 -1.4129532452892601 -0.84646657598209141 -1.0703799465068546 1.1666140036438812 0.063505405161079317 -0.80007855937558847 -3.8497768409043163 -0.66124195499268323 -0.29242695973327809 2.3031298414832619 -0.62616889505059659 0.17995381306925839 -0.1286798273256414 2.2759735921403683 -5.261308524908209 -0.68909155632255215 -0.15901941290375296 -0.62578861638374628 -1.4927687075526239
leaf_weight=83 51 387 24 85 63 64 60 54 21 49 26 40 32 174 94 96 405 22 25 28 25 50 25 29 25 49 79 145 210 35 59 29 44 33 23 34 26 20 56 53 23 30 52 20 136 35 37 25 20 244 23 31 20 41 29 20 61 23 52 49 34 70
leaf_count=83 51 387 24 85 63 64 60 54 21 49 26 40 32 174 94 96 405 22 25 28 25 50 25 29 25 49 79 145 210 35 59 29 44 33 23 34 26 20 56 53 23 30 52 20 136 35 37 25 20 244 23 31 20 41 29 20 61 23 52 49 34 70
internal_value=-0.00126029 0.010835 -0.0134586 0.0167398 0.0291866 -0.00170807 0.0112632 -0.00758294 -0.0181023 -0.0107407 -0.00391061 -0.0111374 -0.0208603 -0.016559 -0.00935252 -0.0134146 0.0132184 0.00646259 0.00859213 0.024359 0.01 -0.0155949 0.033662 9.82318e-05 -0.00532646 0.00733945 -0.00225564 0.0133136 0.0357576 0.0258333 -0.00412844 0.00531915 0.0146154 -0.0213333 -0.00714286 -0.0266234 -0.0190217 0.0012 0.0097561 -0.0056962 0.00657895 -0.0114907 -0.0164122 -0.01 -0.022434 -0.0166667 -0.0117647 -0.0221519 0.00263158 -0.0316547 -0.0151163 -0.0168293 0.00945946 0.00693069 0.0114907 0.0190909 0.0244444 -0.00841584 -0.0153333 -0.0217822 -0.0264706 -0.0205882
internal_weight=4007 2012 1995 1368 418 644 950 422 1486 405 358 211 1081 619 278 246 870 147 483 78 50 311 355 509 291 218 266 169 330 120 109 94 65 150 56 462 184 125 82 237 76 161 131 80 341 171 136 79 57 278 43 205 222 202 161 110 90 101 75 202 153 119
internal_count=4007 2012 1995 1368 418 644 950 422 1486 405 358 211 1081 619 278 246 870 147 483 78 50 311 355 509 291 218 266 169 330 120 109 94 65 150 56 462 184 125 82 237 76 161 131 80 341 171 136 79 57 278 43 205 222 202 161 110 90 101 75 202 153 119
is_linear=0
shrinkage=0.05


Tree=14
num_leaves=63
num_cat=0
split_feature=16 7 15 16 5 15 13 16 4 15 14 11 14 9 14 0 4 0 6 13 16 7 11 13 16 11 12 16 14 4 7 12 11 8 13 0 5 9 2 16 5 4 8 8 7 16 7 16 16 14 13 13 0 16 0 4 11 4 5 16 2 8
split_gain=217.86 61.1 54.0664 33.1147 17.0438 16.2921 12.4128 18.7251 15.2871 19.8588 14.2436 12.512 11.3898 10.8431 10.8121 9.79514 10.3342 9.50808 10.5469 9.32541 9.14713 11.7944 11.5879 10.8286 9.03481 12.6583 8.54505 8.47293 12.2357 7.93667 7.4363 10.8868 9.01333 7.18905 6.86927 6.46355 6.39185 6.3585 7.29935 6.26426 6.1419 6.47244 6.10174 11.7184 5.86625 6.37415 5.71538 5.64201 5.75502 5.70895 5.54543 10.0751 9.64345 7.88523 5.2437 5.2 10.2895 6.21775 5.17697 5.45275 5.14995 5.14941
threshold=26.500000000000004 27.850000000000005 6.5000000000000009 240.50000000000003 64.450000000000017 7.5000000000000009 0.44519519519519524 244.50000000000003 10.833202500000001 3.5000000000000004 330.00000000000006 55.350000000000001 90.000000000000014 0.20864427860696519 210.00000000000003 11.237888300000002 1.3285570000000002 10.967131783333334 10.609498834498838 0.072595520421607398 76.500000000000014 33.650000000000013 32.050000000000004 0.36188554658840799 40.500000000000007 46.250000000000007 11.202224443795261 -29.499999999999996 270.00000000000006 1.7453935000000003 40.650000000000013 11.039059205210171 57.050000000000004 12.838361990543422 0.66115363586659381 10.958796241666667 1.0500000000000003 0.61414392059553358 7.5000000000000009 131.50000000000003 18.450000000000003 14.121639000000002 9.5367067282648517 12.232992811678708 41.650000000000013 -20.499999999999996 33.95000000000001 136.50000000000003 119.50000000000001 90.000000000000014 0.27596784429870963 0.23836580086580089 10.237888300000002 -33.499999999999993 11.092311158333336 3.2247530000000002 46.95000000000001 9.0054830000000017 13.850000000000003 -71.499999999999986 32.500000000000007 5.2095652344699719
decision_type=2 8 2 2 10 2 10 2 10 2 10 10 10 8 10 2 10 2 10 10 2 10 8 8 2 8 10 2 10 10 10 10 10 10 8 2 10 10 2 2 10 10 8 10 10 2 10 2 2 10 8 10 2 2 2 10 10 10 10 2 2 10
left_child=1 40 4 15 6 12 7 10 9 -9 14 -12 13 -3 20 19 -17 55 54 -4 21 22 -2 30 -18 42 -20 28 58 -15 31 46 -32 44 -5 -23 -29 -8 -39 -25 41 -1 -26 60 45 -28 -22 48 -21 -49 51 -31 -52 -54 -19 -7 57 -57 59 -14 -44 -40
right_child=2 5 3 34 -6 17 37 8 -10 -11 11 -13 27 29 -16 16 24 18 26 47 23 35 -24 39 25 -27 33 36 -30 50 32 -33 -34 -35 -36 -37 -38 38 61 -41 -42 -43 43 -45 -46 -47 -48 49 -50 -51 52 -53 53 -55 -56 56 -58 -59 -60 -61 -62 -63
leaf_value=0.20738135798165988 -0.62851325789818413 -1.2389402269359788 -0.44719032965682076 9.0679199192975641 -1.2299907819385361 0.77958826800723602 2.1733876509852603 -0.65410927370575278 -0.55735050221806615 7.4284877222692023 -1.6372154053255352 0.26435308431797772 -3.9419056670217305 0.26859732824374882 3.2227525324306336 2.6961795639962549 -1.4648008264233801 -0.59613279436466748 0.83286089539966113 1.503499107267092 0.76117357635710237 -0.45662323654302989 0.94890310163139524 0.25164240598350446 1.3887699513242759 2.0450993929940209 -2.8940154552961737 -0.18565010756131387 0.5500656531011292 -0.85484493707491438 -0.52571263020847381 1.6803382295707732 2.7460091878538737 -0.20054486245933126 5.8361104076420851 -3.9010331314156503 -0.49108473290762067 -1.3309956773337011 1.4068219067606811 -1.5173934068311044 -1.2764736266157952 -0.41679403114173391 -1.4446706926676371 1.2647526867751788 -2.5083656970609765 0.29331631972143474 -1.1548331979834499 4.1156797845634792 -0.27824650795640127 3.8370025231260252 0.072184350870313857 1.6981791645178643 -4.0267182515283508 -0.50367611218646935 -0.70372740530938782 -0.31647258974855813 -1.0441664739396108 0.24650995053475935 -3.6224022062835703 -2.2344835937931058 -0.15023479975334553 -1.631900155569487
leaf_weight=456 23 151 31 142 22 45 93 33 35 79 57 20 73 36 39 45 23 26 37 355 43 46 38 23 42 45 31 44 25 46 75 77 25 73 22 47 363 25 144 33 25 27 29 26 24 22 26 71 32 55 32 29 40 61 42 32 25 60 138 55 21 25
leaf_count=456 23 151 31 142 22 45 93 33 35 79 57 20 73 36 39 45 23 26 37 355 43 46 38 23 42 45 31 44 25 46 75 77 25 73 22 47 363 25 144 33 25 27 29 26 24 22 26 71 32 55 32 29 40 61 42 32 25 60 138 55 21 25
internal_value=-0.00129235 -0.0128345 0.0105491 0.0192226 0.00262646 -0.0178808 0.00357853 6.9541e-05 0.0159864 0.025 -0.00402098 -0.024026 -0.0210887 -0.0143038 -0.000909091 0.0149032 0.00627706 -0.00947242 -0.0154902 0.0185662 -0.00307018 -0.012987 0.00409836 0.00198675 0.00107527 0.00521472 -0.00935829 -0.0249284 -0.0314433 -0.00778689 0.00650407 0.0136986 -0.004 -0.0146667 0.0396341 -0.0241935 -0.0202703 0.0123693 0.00721649 -0.0178571 0.00216535 0.00341615 -0.00338983 -0.0118421 -0.0253247 -0.0160377 -0.000724638 0.0201754 0.0171835 0.0293651 -0.0115385 -0.000666667 -0.0176692 -0.0252475 -0.0323529 0 -0.00555556 0.00217391 -0.0345865 -0.0273438 -0.026 0.0109467
internal_weight=3985 2018 1967 939 1028 1510 1006 719 147 112 572 77 1093 395 495 775 231 417 255 544 456 154 61 302 186 163 187 698 291 244 246 146 100 150 164 93 407 287 194 56 508 483 118 76 77 53 69 513 387 126 208 75 133 101 68 162 117 92 266 128 50 169
internal_count=3985 2018 1967 939 1028 1510 1006 719 147 112 572 77 1093 395 495 775 231 417 255 544 456 154 61 302 186 163 187 698 291 244 246 146 100 150 164 93 407 287 194 56 508 483 118 76 77 53 69 513 387 126 208 75 133 101 68 162 117 92 266 128 50 169
is_linear=0
shrinkage=0.05


Tree=15
num_leaves=63
num_cat=0
split_feature=16 15 7 16 13 10 10 0 9 6 16 12 5 12 15 16 7 16 11 0 15 9 14 14 12 10 7 12 16 7 14 4 13 7 10 7 2 4 14 11 5 12 4 16 4 4 14 11 7 11 13 13 9 5 9 9 11 2 10 7 13 15
split_gain=190.003 52.0689 47.6183 43.3161 22.7365 20.015 18.462 14.1003 14.2533 11.7515 10.6876 19.2793 11.7342 10.5338 11.5186 12.8684 8.67189 8.58157 8.10108 9.41363 9.27843 7.27305 7.22182 7.01449 6.86238 6.82667 6.81282 6.69733 6.98182 6.47944 10.575 6.41324 6.04614 11.3943 6.06611 8.71089 6.02422 10.6586 8.97304 8.36188 6.20231 7.95334 10.1869 6.01432 5.98888 5.98791 5.83073 9.21246 5.62718 5.62 5.52526 10.8436 5.52806 5.69952 5.36217 7.83571 7.20436 5.32796 5.30021 7.77868 11.2661 5.28844
threshold=25.500000000000004 5.5000000000000009 27.850000000000005 218.50000000000003 0.66115363586659381 4.6630482941958364 23.667083333333338 10.417885925000002 0.17445652173913045 33.60208333333334 -29.499999999999996 26.525196262449676 15.050000000000002 18.547755057340026 4.5000000000000009 307.50000000000006 40.850000000000001 104.50000000000001 48.050000000000004 10.932213500000001 6.5000000000000009 0.18795289855072467 150.00000000000003 90.000000000000014 20.049611723498305 15.319404761904764 4.1500000000000012 15.877053754657251 119.50000000000001 34.45000000000001 90.000000000000014 3.1303240000000003 0.37791327913279138 13.950000000000001 12.41139951426837 37.550000000000004 32.500000000000007 9.1650740000000024 1350.0000000000002 7.1500000000000012 10.65 9.149698187552632 2.9433180000000005 76.500000000000014 9.2247530000000015 11.943318000000001 150.00000000000003 45.650000000000013 18.650000000000002 41.650000000000013 0.23463088939279417 0.1937129690585912 0.37965517241379315 14.750000000000002 0.32173123486682814 0.16035714285714289 46.050000000000004 22.500000000000004 13.216226708074535 35.050000000000004 0.27475490196078439 7.5000000000000009
decision_type=2 2 8 2 10 8 8 2 8 10 2 8 10 10 2 2 10 2 8 2 2 10 10 10 8 10 10 10 2 10 10 10 10 10 10 10 2 10 10 10 10 10 10 2 10 10 10 10 10 10 10 10 8 10 8 10 10 2 10 10 10 2
left_child=2 4 36 6 9 -5 17 8 31 13 12 23 18 14 29 16 46 22 -9 -20 -21 -18 54 -12 45 -14 43 28 -19 30 -2 -4 34 -34 -30 -36 38 40 39 -1 41 42 -38 -6 -41 -7 47 -16 -46 -27 51 -25 53 -52 55 57 -56 -3 -57 -60 -61 -55
right_child=1 3 7 5 26 24 -8 10 -10 -11 11 -13 25 -15 15 -17 21 27 19 20 -22 -23 -24 50 -26 49 -28 -29 32 -31 -32 -33 33 -35 35 -37 37 -39 -40 44 -42 -43 -44 -45 48 -47 -48 -49 -50 -51 52 -53 -54 61 56 58 -58 -59 59 60 -62 -63
leaf_value=1.0203891037982651 2.9473996679431576 0.57758644159297923 -0.085518242111050732 -0.59947755931420876 2.0408377383080625 7.1278841541114675 -0.41300877561684896 -2.4224271040607377 0.0046745952488308927 -0.92168112901511279 -0.14187751456697137 -0.41022019226332368 -3.7589307677660657 3.0798977925153297 0.10901621159381306 7.4259579017987782 1.31420799478197 2.6627236763467841 -1.5556050146697704 -6.9452811989291634 2.1354565372890666 -1.5338154057665279 -0.12309851883757546 -0.24501562347915973 5.5801604693233262 -0.62555767665857032 4.4375776651280106 5.1359597496679319 -0.55981465741632341 -1.1037559165733379 -0.66170273918366762 -1.6031998512986414 -1.2485509314473433 3.6619123058935816 3.0033017014859382 -0.060131191589641378 -0.65273878362780957 -0.80834037681708937 -0.25208925620232531 -0.29463345471982721 -1.2844157250635424 2.6319125711993592 0.4012538125520797 0.26702206855554567 -0.11167279894345339 4.285734991483511 -1.0329111812261029 2.6458202789011205 0.86685818565526529 -2.7675184575282459 -2.3180251038216269 0.34238073167662181 -0.053214401170571794 -2.9447543383022037 1.2567136473686817 -0.32952179598330533 1.9961810372023607 2.0452929006256877 1.8253762329894407 -0.26240274248540135 1.528610680556697 0.25070043202757136
leaf_weight=102 21 37 24 25 29 201 96 189 198 27 184 155 114 35 86 23 22 66 21 21 30 38 84 145 23 29 31 53 31 126 107 49 25 99 39 70 21 60 28 119 22 23 79 69 23 28 20 20 27 114 58 64 32 49 179 69 34 41 33 87 41 20
leaf_count=102 21 37 24 25 29 201 96 189 198 27 184 155 114 35 86 23 22 66 21 21 30 38 84 145 23 29 31 53 31 126 107 49 25 99 39 70 21 60 28 119 22 23 79 69 23 28 20 20 27 114 58 64 32 49 179 69 34 41 33 87 41 20
internal_value=-0.00138232 0.00945409 -0.0123 0.0150257 -0.00214067 0.0326715 0.0105166 -0.0167781 -0.00645756 -0.0067619 -0.0190612 -0.0150636 -0.0245174 -0.00502008 -0.00701944 0.00167464 -0.00268817 0.0125506 -0.0170498 -0.00277778 0.00882353 -0.0183333 0.00884298 -0.0106884 0.0369048 -0.0321012 0.0166667 0.0184073 0.0157576 -0.0141732 -0.00625 -0.0253425 0.0121212 0.0201613 0.005 0.0105505 0.000992063 -0.00560976 0.00551839 0.00830258 0.00172414 0.00609756 0 0.0102041 0.00147929 0.0395197 0.0047619 0.00943396 0.016 -0.0248252 -0.0146739 -0.00933014 -0.0216981 -0.026378 0.0110365 0.00681818 0.0171362 0.0205128 0.00217391 0.00714286 0.0015625 -0.0166667
internal_weight=4015 2015 2000 1361 654 277 1084 1496 271 525 1225 707 518 498 463 209 186 988 261 72 51 60 605 552 252 257 129 383 330 254 128 73 264 124 140 109 504 205 299 271 145 123 100 98 169 229 126 106 50 143 368 209 159 127 521 308 213 78 230 161 128 69
internal_count=4015 2015 2000 1361 654 277 1084 1496 271 525 1225 707 518 498 463 209 186 988 261 72 51 60 605 552 252 257 129 383 330 254 128 73 264 124 140 109 504 205 299 271 145 123 100 98 169 229 126 106 50 143 368 209 159 127 521 308 213 78 230 161 128 69
is_linear=0
shrinkage=0.05


Tree=16
num_leaves=63
num_cat=0
split_feature=16 9 15 16 15 5 15 16 16 16 5 6 7 1 7 9 16 1 7 11 1 15 4 14 1 10 1 9 16 8 6 9 1 1 1 1 16 15 16 9 1 15 1 11 7 10 13 13 8 7 9 16 10 2 14 6 9 10 1 9 11 1
split_gain=164.311 58.0776 39.4548 30.9364 14.5499 15.9683 14.0678 17.3146 14.0409 12.6427 11.1333 12.7266 13.1733 10.424 11.0224 11.6129 10.1236 10.305 9.51433 9.47865 9.39249 9.0299 10.0709 8.98093 8.05668 7.62019 9.70981 7.76866 7.5956 8.80005 15.1989 8.48683 9.19864 7.67943 7.47644 7.34159 7.24263 9.00325 7.79179 7.22017 6.98023 7.52592 7.37276 6.82669 6.7473 9.76375 6.93097 7.9723 7.39633 6.42605 6.41573 7.86782 8.17907 6.35938 6.30735 8.16256 8.63375 6.01091 5.89598 5.76 5.65402 6.77911
threshold=57.500000000000007 0.37089947089947095 6.5000000000000009 244.50000000000003 7.5000000000000009 56.350000000000001 3.5000000000000004 307.50000000000006 -27.499999999999996 75.500000000000014 47.800000000000004 20.738636363636367 47.150000000000013 21.500000000000004 7.1500000000000012 0.85357142857142865 76.500000000000014 7.5000000000000009 34.45000000000001 50.45000000000001 11.500000000000002 7.5000000000000009 7.1303240000000008 90.000000000000014 15.500000000000002 11.279045718432512 13.500000000000002 0.49590163934426235 9.5000000000000018 11.333908997188308 15.334870426829271 0.16152751423149908 6.5000000000000009 18.500000000000004 6.5000000000000009 2.5000000000000004 -3.4999999999999996 2.5000000000000004 -131.49999999999997 0.22886904761904764 6.5000000000000009 8.5000000000000018 13.500000000000002 44.45000000000001 34.95000000000001 10.650161030595816 0.20848321342925663 0.2469862018881627 8.3331030372042392 28.050000000000004 0.70601851851851871 153.50000000000003 12.41139951426837 22.500000000000004 330.00000000000006 12.108452380952384 0.29459980713596917 14.413627752782384 10.500000000000002 0.15831244778613202 45.850000000000001 15.500000000000002
decision_type=2 10 2 2 2 10 2 2 2 2 10 10 10 2 10 10 2 2 10 8 2 2 10 10 2 10 2 10 2 8 8 10 2 2 2 2 2 2 2 10 2 2 2 10 8 10 10 10 10 10 10 2 10 2 10 8 10 10 2 8 10 2
left_child=1 4 6 21 8 28 9 10 23 -2 11 12 16 14 35 -16 57 -18 20 -9 -11 22 -4 39 -22 27 -27 -24 29 40 -31 33 -33 -32 -25 -3 37 -37 -39 58 -6 42 -42 53 45 -10 48 -48 -47 -5 51 52 -23 -41 55 -46 -57 -8 59 -1 61 -19
right_child=2 13 3 49 5 -7 7 19 44 18 -12 -13 -14 -15 15 -17 17 60 -20 -21 24 50 25 34 -26 26 -28 -29 -30 30 31 32 -34 -35 -36 36 -38 38 -40 43 41 -43 -44 -45 54 46 47 -49 -50 -51 -52 -53 -54 -55 -56 56 -58 -59 -60 -61 -62 -63
leaf_value=-2.2940797236743364 2.2753048256529325 -0.64935622300684437 1.2076238005236943 3.1378634157910188 -1.0489516451588023 -0.54418153623315935 -0.38676521753889798 8.5312803224198515 -0.81357630406438897 -1.7173589519344699 -1.1647919099256723 2.7272077765691658 -1.4194932614217592 -1.249425778564353 0.047175086602970387 -3.1150523159627319 2.1740375621209993 0.33528090076951006 -0.84152946365496395 -0.11228766991485273 0.92918202249820903 3.9582067695317478 2.138553803407476 -0.60489177412074291 -0.238279597225171 -0.5554307068701142 2.8492885257590319 -0.58115355049711703 0.13820497150760663 -1.514493366274104 -0.54744875383337654 2.0167852828856176 -0.44294040591099021 0.40436165516443173 -3.3371678616835299 -0.047462664109232125 1.1678322582488201 2.5572881571788244 0.57970860909622979 -3.4745682848410597 1.2039399999362252 1.5401207745578112 -1.0182055389894777 1.0998192388619286 0.56984299623516299 0.056270900021087478 1.1920651951234082 -0.6530357857462582 -0.89867523501386515 8.7164138931956128 -0.21422258969670002 5.6565019396523626 1.4731048734117276 0.46979430713210779 -1.9730072776355347 -0.27223743908106529 -2.0141775425849295 -1.5014655315461027 -3.6241320743809049 0.027846656063916342 1.5356112720116399 -1.3905298636269887
leaf_weight=20 23 29 222 41 24 32 53 59 43 45 21 65 29 21 289 31 104 191 70 20 31 60 23 42 51 47 20 20 124 35 79 22 51 20 249 63 112 20 72 26 30 21 38 23 25 22 30 37 37 135 22 58 114 28 31 530 36 20 57 25 36 56
leaf_count=20 23 29 222 41 24 32 53 59 43 45 21 65 29 21 289 31 104 191 70 20 31 60 23 42 51 47 20 20 124 35 79 22 51 20 249 63 112 20 72 26 30 21 38 23 25 22 30 37 37 135 22 58 114 28 31 530 36 20 57 25 36 56
internal_value=-0.000822943 -0.00922494 0.0113692 0.019685 -0.0139609 -0.00651261 0.00411899 0.00779817 -0.0167724 -0.00681818 0.00478261 0.00613718 0.00337423 0.00368917 0.00487013 -0.0015625 0.00543478 0.00865633 -0.0109137 0.0297468 -0.00275591 0.0141638 0.00873494 -0.023617 0.00731707 -0.00363636 -0.0141791 0.0127907 -0.00405405 -0.008125 -0.0142512 -0.00813953 0.00479452 -0.0176768 -0.0290378 0.0118243 0.0144195 0.00741935 0.0173913 -0.0148045 0.00309735 0.00955056 0.00147059 -0.00324675 -0.0127054 -0.00384615 0.0031746 0.0141791 -0.00932203 0.0380682 0.0212598 0.0237069 0.0183908 -0.012963 -0.0151125 -0.0139594 -0.0151943 -0.0116438 -0.0235294 -0.01 0.00371025 0.00101215
internal_weight=4010 2374 1636 762 1737 476 874 654 1261 220 575 554 489 637 616 320 460 387 197 79 127 586 332 470 82 110 67 43 444 320 207 172 73 99 291 296 267 155 92 179 113 89 68 77 791 169 126 67 59 176 254 232 174 54 622 591 566 73 102 45 283 247
internal_count=4010 2374 1636 762 1737 476 874 654 1261 220 575 554 489 637 616 320 460 387 197 79 127 586 332 470 82 110 67 43 444 320 207 172 73 99 291 296 267 155 92 179 113 89 68 77 791 169 126 67 59 176 254 232 174 54 622 591 566 73 102 45 283 247
is_linear=0
shrinkage=0.05


Tree=17
num_leaves=63
num_cat=0
split_feature=16 9 15 16 6 13 16 9 0 10 8 12 1 1 1 14 5 8 16 15 8 6 16 13 10 13 15 9 1 0 9 6 13 2 9 0 15 9 9 5 15 9 10 1 12 10 16 16 0 9 14 14 5 8 1 12 1 1 9 13 13 8
split_gain=134.703 56.9153 41.2649 30.3945 18.0359 16.7783 14.5989 15.1399 14.6914 12.2341 13.4676 11.2339 10.4063 12.5166 9.47583 8.77645 9.3588 8.40627 7.92783 7.6112 14.661 7.49707 7.4375 6.90564 6.78675 9.91979 6.75452 9.20529 7.81259 10.836 8.68617 9.23123 9.92256 8.01196 7.5222 6.7277 7.6771 7.07143 6.68416 9.21369 6.65049 8.48198 6.61172 6.60729 6.56507 6.51601 6.46074 7.39546 6.28622 6.16038 8.35243 10.9786 6.10203 6.0595 5.94016 6.45861 5.9204 6.56289 5.90843 5.75266 6.51254 8.2618
threshold=64.500000000000014 0.36602542081758854 4.5000000000000009 244.50000000000003 7.0210622710622719 0.31230095541401276 -105.49999999999999 0.32282878411910676 10.958796241666667 23.235353456365345 16.320975704632783 13.577179478106041 17.500000000000004 13.500000000000002 12.500000000000002 90.000000000000014 8.2500000000000018 19.033005458816508 -11.499999999999998 7.5000000000000009 10.683060543542497 16.738911290322587 31.500000000000004 0.32173123486682814 15.944685990338165 0.1993589743589744 7.5000000000000009 0.70601851851851871 4.5000000000000009 10.932213500000001 0.15470085470085473 11.069047619047621 0.66915422885572151 32.500000000000007 0.23354978354978359 10.932213500000001 7.5000000000000009 0.22557928214447981 0.26713615023474185 40.150000000000013 6.5000000000000009 0.60357142857142865 15.628899690676096 15.500000000000002 11.465066884617375 5.1780555555555567 -131.49999999999997 42.500000000000007 11.932213500000001 0.62910052910052927 150.00000000000003 2040.0000000000002 9.0500000000000025 8.9184622137068406 7.5000000000000009 11.539701180963887 9.5000000000000018 12.500000000000002 0.44782214156079864 0.2469862018881627 0.17664992826398854 11.810511523036595
decision_type=2 10 2 2 8 8 2 8 2 10 10 8 2 2 2 8 10 10 2 2 10 8 2 10 10 10 2 10 2 2 8 8 10 2 8 2 2 10 10 10 2 8 8 2 10 10 2 2 2 10 10 10 10 8 2 10 2 2 10 10 10 8
left_child=1 6 4 9 49 -5 7 19 21 10 26 12 13 24 -11 46 18 -6 56 -1 -21 35 -18 38 53 54 28 45 29 -4 -30 32 43 34 -33 36 -8 -38 39 48 41 -7 -23 -32 -35 -28 -3 -48 -13 -2 -51 -52 -14 -10 55 -26 -17 -58 -20 60 -15 -62
right_child=2 15 3 5 17 40 8 -9 11 14 -12 23 52 59 -16 16 22 -19 58 20 -22 42 -24 -25 25 -27 27 -29 30 -31 31 33 -34 44 -36 -37 37 -39 -40 -41 -42 -43 -44 -45 -46 -47 47 -49 -50 50 51 -53 -54 -55 -56 -57 57 -59 -60 -61 61 -63
leaf_value=-4.8765054171005664 2.1319297098623249 1.8902713413999863 -0.91211146077197547 9.0816912578793456 -0.69035226128874416 5.3770113682915222 -0.32804716672272438 0.30032139162342908 0.50739413332967931 -1.5191111617628215 3.6098785142446932 -0.48162543373515254 3.3059827692217434 -1.1149358955621904 0.58768061250474346 -0.9013366303043977 -2.8849017604243041 4.268616563014227 3.9419976574034168 0.24860766282007291 -2.843829041937493 -1.7703591580438045 2.4353167064187193 0.397646778063589 0.16659107270994145 3.124534544515114 10.882222106565619 -0.44889560322551675 2.0837440324540757 3.5038999625486174 2.0701890444780586 -0.28527417084063433 -0.17904818597202646 -1.1127390483073829 0.99656656916048481 3.9020744473838094 0.82589220006716557 -0.20938921733328161 -1.7193589857749103 -0.47873888097668066 5.8294327370727217 -0.88442033104597917 -0.32212805829863567 -0.21468758912028571 -0.0064071825647957327 2.6421084402212189 0.32106981425739511 3.172751346291931 -0.26673773291888142 -0.66286304675435115 2.3087650799180017 -0.18366262545880138 -0.069827340931955903 -1.0772324179318324 1.0194948102175641 -1.3756774784399168 0.90618343203489582 -0.28711166018674739 0.44683847093522061 -2.2770165745797408 0.30649317467306852 -1.4124776856287247
leaf_weight=113 21 26 21 118 190 46 198 34 44 33 57 129 21 55 34 44 57 25 21 23 48 39 20 24 24 20 20 21 47 54 99 63 66 52 113 22 28 44 35 103 91 22 336 25 61 141 226 44 81 52 23 20 38 183 30 27 42 61 138 51 31 23
leaf_count=113 21 26 21 118 190 46 198 34 44 33 57 129 21 55 34 44 57 25 21 23 48 39 20 24 24 20 20 21 47 54 99 63 66 52 113 22 28 44 35 103 91 22 336 25 61 141 226 44 81 52 23 20 38 183 30 27 42 61 138 51 31 23
internal_value=-0.000825413 -0.00799436 0.0109241 0.0152872 -0.00468278 0.0297834 -0.0126386 -0.0247706 -0.010971 0.01086 0.0125 -0.0150707 -0.0105119 -0.0129098 -0.00970149 0.00434462 -0.000652742 -0.0132558 0.00326797 -0.0304348 -0.0176056 -0.00532234 -0.0162338 -0.0217742 -0.00731707 0.00346535 0.0107918 0.0192308 0.00823627 0.0233333 0.00608365 0.00407098 0.0126316 -0.00155709 0.00511364 0.000684932 -0.00148148 0.0125 -0.0235632 -0.021246 0.0191824 0.00735294 -0.01 0.0209677 -0.0119469 0.0232919 0.0108108 0.00851852 -0.0152381 0.0112069 0.00578947 0.022093 0.00932203 -0.0121145 -0.00432099 -0.0147059 -0.00510204 0.00145631 0.0110063 -0.024375 -0.0178899 -0.00555556
internal_weight=3998 2483 1515 1184 331 277 1804 218 1586 907 840 919 547 488 67 679 383 215 306 184 71 667 77 372 328 101 783 182 601 75 526 479 190 289 176 292 270 72 348 313 159 68 375 124 113 161 296 270 210 116 95 43 59 227 81 51 147 103 159 160 109 54
internal_count=3998 2483 1515 1184 331 277 1804 218 1586 907 840 919 547 488 67 679 383 215 306 184 71 667 77 372 328 101 783 182 601 75 526 479 190 289 176 292 270 72 348 313 159 68 375 124 113 161 296 270 210 116 95 43 59 227 81 51 147 103 159 160 109 54
is_linear=0
shrinkage=0.05


Tree=18
num_leaves=63
num_cat=0
split_feature=16 7 16 15 15 13 0 6 0 4 4 8 4 5 16 14 12 2 13 15 4 16 4 16 1 12 16 1 6 0 7 2 1 6 13 11 11 16 5 5 6 16 16 15 15 7 1 12 5 6 4 7 6 8 2 4 0 4 16 6 13 6
split_gain=130.372 40.6061 32.1216 33.8037 18.8821 20.8749 12.4618 14.7811 11.6276 11.7414 11.0262 10.9922 10.9649 10.5862 10.2259 11.4021 9.22206 12.0745 9.20167 9.92611 11.5538 13.4206 11.3035 10.8812 9.16607 16.8783 9.09818 8.97502 8.79766 8.75508 9.84213 8.6861 11.1456 8.2347 9.90998 7.59397 7.45759 7.30723 7.11559 8.2993 6.79233 6.75032 6.47534 6.34885 6.11251 6.07995 5.92347 5.6063 8.51081 7.75345 5.46275 5.41127 6.45333 5.28284 5.27479 5.25494 5.53824 8.09919 5.18572 5.13049 5.16896 4.96821
threshold=26.500000000000004 27.850000000000005 244.50000000000003 3.5000000000000004 6.5000000000000009 0.44519519519519524 10.417885925000002 15.003723404255322 11.237888300000002 1.3285570000000002 11.118590000000003 11.644704534615608 3.7886000000000002 1.0500000000000003 77.500000000000014 330.00000000000006 18.063377900401949 27.500000000000004 1.0000000180025095e-35 7.5000000000000009 15.328557000000002 -5.4999999999999991 11.943318000000001 -78.499999999999986 12.500000000000002 5.5143707681860334 -23.499999999999996 6.5000000000000009 14.532738095238097 10.958796241666667 36.250000000000007 47.500000000000007 2.5000000000000004 38.005880281690146 0.27970588235294125 38.050000000000004 53.550000000000004 336.50000000000006 10.250000000000002 12.950000000000001 12.33307818480044 42.500000000000007 -4.4999999999999991 4.5000000000000009 7.5000000000000009 38.95000000000001 15.500000000000002 7.8152387636653238 11.950000000000001 1.0000000180025095e-35 2.2247530000000002 4.1500000000000012 1.2935483870967743 0.5725621266021228 17.500000000000004 2.1303240000000003 11.4818853 5.7453935000000014 119.50000000000001 10.041944847605226 0.36188554658840799 0.41928571428571432
decision_type=2 8 2 2 2 10 2 10 2 10 10 10 10 10 2 10 8 2 8 2 10 2 10 2 2 10 2 2 10 2 10 2 2 8 10 8 10 2 10 10 10 2 2 2 2 8 2 10 10 10 10 10 10 10 2 10 2 10 2 10 10 10
left_child=1 31 4 11 5 14 7 44 16 -10 37 -4 -9 -8 29 33 36 -18 -15 26 22 -22 23 -21 25 -7 27 28 -20 30 40 32 -1 34 54 -12 -6 -5 -28 -40 -2 -32 47 -27 -3 -41 59 49 -49 -34 -44 -51 -53 -33 -16 -11 -57 -58 61 -36 -61 -26
right_child=2 6 3 10 8 24 13 12 9 55 35 -13 -14 18 15 -17 17 -19 19 20 21 -23 -24 -25 58 43 38 -29 -30 -31 41 53 42 -35 46 -37 -38 -39 39 45 -42 -43 50 -45 -46 -47 -48 48 -50 51 -52 52 -54 -55 -56 56 57 -59 -60 60 -62 -63
leaf_value=-0.8729802731218268 -0.33844481220191547 0.027971043164185978 0.15014669099312672 4.7315876177527443 1.410837611915529 -2.1450554187682189 -0.23550534881239737 0.0072116588430087836 2.386017075841282 -1.5277719040235258 3.9893195176569982 -1.5899411455251469 -1.8725392413304669 -0.048287142638505823 2.1167647880849145 -1.0390792910300064 2.0683191315614127 -1.0115002909340789 0.30843939046981123 -2.3716857871401924 0.26364330527400598 -0.49599504445495007 1.1099705249783942 -0.12152791427606342 2.1933268259221013 -0.55788356480618606 -1.5030349452745044 -3.1536751302289598 -2.027212873580678 -1.4001946630401017 0.12269217221671824 0.10345663917093582 -0.0072664766193593529 -0.81154483444773295 1.2124319949449629 -0.53058149855805536 3.1800039432732738 9.8357405052073208 0.29713665945557677 -0.050586327814516413 2.5023977010314371 -1.4867122870165088 -0.17888156369387531 2.7268730324726058 0.25843933172900185 -0.38809073454343457 -1.8392069168085514 -1.0164940841980492 0.1765829645713666 2.025128861996238 0.86343768315814595 -0.36893278121012746 0.98212308048552943 -1.1504720321712096 0.57790860503739627 -1.4616125437790934 1.251632930302959 -0.24243025555564268 0.79458178125424495 0.128262121818638 -1.3983469268086957 1.0511351267921962
leaf_weight=28 20 111 45 137 440 43 161 50 44 27 22 21 64 83 52 53 21 25 29 61 20 48 20 141 45 24 88 259 30 115 20 37 93 24 27 34 64 106 29 74 21 29 24 52 38 183 33 68 36 23 98 20 30 43 116 25 52 90 44 67 21 28
leaf_count=28 20 111 45 137 440 43 161 50 44 27 22 21 64 83 52 53 21 25 29 61 20 48 20 141 45 24 88 259 30 115 20 37 93 24 27 34 64 106 29 74 21 29 24 52 38 183 33 68 36 23 98 20 30 43 116 25 52 90 44 67 21 28
internal_value=-0.000679074 -0.00972851 0.00837947 0.0217808 0.00536375 0.000119904 -0.0138684 -0.0039924 0.0109137 0.00168067 0.0289298 -0.0106061 -0.0175439 -0.0159869 -0.0048495 -0.000127226 0.0149091 -0.00652174 -0.0177934 -0.0191446 -0.0113793 -0.0294118 -0.00585586 -0.00940594 0.0127119 0.00294118 -0.0223988 -0.0286164 -0.0110169 -0.0139024 -0.00222222 0.0026 0.00547619 0.00323529 0.00537975 0.00892857 0.0168651 0.0335391 -0.0171123 -0.0132867 0.0158537 -0.0173469 0.00765306 0.0171053 0.00637584 -0.0161479 -0.00405405 0.00333333 -0.00576923 0.00903614 0.0172131 0.0212329 0.012 -0.0125 0.0136905 -0.00360825 -0.000299401 0.00352113 0.0226496 0.00130435 -0.00454545 0.0308219
internal_weight=3976 1989 1987 365 1622 834 1489 263 788 238 299 66 114 1226 598 393 550 46 1065 982 290 68 222 202 236 119 692 318 59 205 90 500 420 340 316 56 504 243 374 286 41 49 392 76 149 257 148 270 104 166 122 73 50 80 168 194 167 142 117 115 88 73
internal_count=3976 1989 1987 365 1622 834 1489 263 788 238 299 66 114 1226 598 393 550 46 1065 982 290 68 222 202 236 119 692 318 59 205 90 500 420 340 316 56 504 243 374 286 41 49 392 76 149 257 148 270 104 166 122 73 50 80 168 194 167 142 117 115 88 73
is_linear=0
shrinkage=0.05


Tree=19
num_leaves=63
num_cat=0
split_feature=16 7 15 16 16 12 7 0 15 12 12 13 16 9 10 9 9 4 1 10 14 10 15 13 16 12 15 8 12 8 11 12 12 1 5 1 16 1 1 16 8 1 11 8 8 13 9 0 0 0 7 16 13 4 4 16 11 13 8 5 10 12
split_gain=111.229 42.2268 33.3916 34.2821 12.9882 14.0174 12.5057 11.6377 16.4323 11.718 10.6344 9.85769 9.32128 7.83435 7.71023 11.0592 7.88901 7.68062 8.36895 7.84098 7.51501 7.45921 7.43173 7.37749 7.3494 17.5306 13.2045 9.33096 8.47339 7.77143 7.68591 9.04579 13.1894 9.42352 8.33333 8.05625 7.28995 7.21381 8.63284 9.2175 8.0965 8.58974 7.75194 9.45048 8.2282 7.31403 7.17283 8.17575 7.01494 6.83744 6.72 6.71243 6.5478 8.22486 6.52196 7.66462 8.07701 6.71788 7.09085 6.95496 6.50195 6.38657
threshold=26.500000000000004 26.850000000000005 5.5000000000000009 244.50000000000003 76.500000000000014 18.765176639647063 20.050000000000004 10.950360425000001 8.5000000000000018 15.979842800176607 12.342855299153291 0.66115363586659381 -1.4999999999999998 0.32173123486682814 23.235353456365345 0.14400921658986179 0.16568627450980394 1.8192075000000003 19.500000000000004 26.100769384492409 150.00000000000003 10.107575757575759 4.5000000000000009 0.24085229808121375 -52.499999999999993 12.317156058931738 7.5000000000000009 12.929385967221505 11.884576341636441 10.950394349348167 46.750000000000007 16.81507497232689 19.505097910367997 15.500000000000002 61.100000000000009 12.500000000000002 -100.49999999999999 4.5000000000000009 11.500000000000002 100.50000000000001 14.413168522208299 14.500000000000002 41.95000000000001 9.7354293885465868 14.745378600987939 0.6239754098360657 0.17262664963814392 11.4818853 11.108811808333334 10.984724408333335 56.050000000000004 54.500000000000007 0.20577805590321238 1559.4166675000004 13.165074000000002 253.50000000000003 60.350000000000001 0.21231060606060609 11.456048803388184 10.250000000000002 18.117272727272731 11.539701180963887
decision_type=2 8 2 2 2 8 10 2 2 8 10 8 2 10 10 8 10 10 2 10 10 10 2 10 2 8 2 8 10 10 8 10 10 2 10 2 2 2 2 2 8 2 10 8 10 10 8 2 2 2 10 2 10 10 10 2 10 10 10 10 10 10
left_child=1 -1 6 4 5 48 -2 8 9 10 13 20 23 36 15 -6 -16 22 19 54 50 -15 -8 -12 26 28 -9 29 61 -28 46 35 -33 34 -34 -32 -3 -17 42 -40 41 -41 43 45 -44 -39 -27 -48 51 -43 -5 60 53 -37 55 56 57 -19 59 -59 -4 -26
right_child=2 7 3 11 14 -7 17 24 -10 -11 12 -13 -14 21 16 37 -18 18 -20 -21 -22 -23 -24 -25 25 30 27 -29 -30 -31 31 32 33 -35 -36 52 -38 38 39 40 -42 49 44 -45 -46 -47 47 -49 -50 -51 -52 -53 -54 -55 -56 -57 -58 58 -60 -61 -62 -63
leaf_value=0.16332292480344979 0.77871608813848803 -3.657381299663419 1.4081230023197702 7.2161802290597201 3.0766235789259322 -1.0268978166185962 -0.27791446624925931 -3.0683231971092839 0.27406196976374497 0.03216739199669312 -1.682246264476595 2.3299982958169339 -0.14799641159309404 -0.49224341104655017 -0.8603783988964615 2.7631314558119824 3.7451404360982146 -0.031097457646785554 2.8360337392331698 -0.78350944085590735 4.182073089083377 2.3620110299218782 2.2722342845431016 -3.3396827492869088 -0.12731018371828023 -1.5497129073513984 -0.042610468385863735 0.62072566763603731 0.42791785483166306 -3.1611886733611372 -1.1680727216500733 0.67333729772930084 0.43517065121911397 -0.56335186914677648 -0.19611130140915545 -0.0077360304817187782 -0.45292965762428672 3.3282055550203982 0.20711749937518109 2.2034357624927572 8.1001951477798357 2.0943115863628017 2.1736318398608345 -0.99927509606481169 -0.61566636802779129 -0.20598043204288707 0.72178115719096148 -0.71521165203936587 -0.16796953677444046 -0.44143106378980834 1.6128611084667739 0.048564509154674342 -2.216170083043782 -0.37774135642626328 0.33426658146719346 1.7606559988313824 0.34329958802717542 -1.594643428367472 -1.7950924780156621 0.11404904763474538 -0.20530233221012681 -2.1136147937948717
leaf_weight=455 172 45 131 150 41 33 58 168 48 164 79 33 45 39 31 89 22 45 30 21 31 27 46 58 182 30 34 23 34 36 78 20 28 29 21 44 144 33 65 53 45 46 58 65 28 31 31 27 132 49 25 135 23 53 34 54 20 61 64 41 29 22
leaf_count=455 172 45 131 150 41 33 58 168 48 164 79 33 45 39 31 89 22 45 30 21 31 27 46 58 182 30 34 23 34 36 78 20 28 29 21 44 144 33 65 53 45 46 58 65 28 31 31 27 132 49 25 135 23 53 34 54 20 61 64 41 29 22
internal_value=-5.01505e-05 -0.00842979 0.00827086 0.0127306 0.00905018 0.0026087 -0.00108359 -0.0124021 -0.00731895 -0.00956739 -0.0138444 0.0299163 -0.0230769 -0.0072549 0.0135671 0.0151741 -0.00471698 -0.00527426 -0.00864865 -0.0108824 0.0339806 0.00757576 0.00673077 -0.029562 -0.0161382 -0.0131833 -0.0231801 -0.00806452 -0.00252101 -0.0171429 -0.0197917 -0.0236486 -0.0112245 -0.0205128 -0.00714286 -0.029798 -0.0124339 0.0133452 0.0108879 0.0170543 0.0225389 0.0168919 0.00348837 -0.00426357 0.0151163 0.009375 -0.00681818 0.00344828 0.00503513 0.00789474 0.038 0.00932203 -0.0216667 -0.0159794 -0.00893417 -0.0114035 -0.015368 -0.0182464 -0.0228916 -0.0147059 0.01625 -0.00637255
internal_weight=3988 1987 2001 1355 1116 460 646 1532 649 601 437 239 182 255 656 603 53 474 370 340 206 66 104 137 883 622 261 93 238 70 384 296 98 78 49 198 189 562 473 258 193 148 215 129 86 64 88 58 427 95 175 295 120 97 319 285 231 211 166 102 160 204
internal_count=3988 1987 2001 1355 1116 460 646 1532 649 601 437 239 182 255 656 603 53 474 370 340 206 66 104 137 883 622 261 93 238 70 384 296 98 78 49 198 189 562 473 258 193 148 215 129 86 64 88 58 427 95 175 295 120 97 319 285 231 211 166 102 160 204
is_linear=0
shrinkage=0.05


Tree=20
num_leaves=63
num_cat=0
split_feature=16 9 16 7 14 14 0 16 14 13 11 10 8 4 9 14 13 1 13 1 9 16 1 9 1 11 1 11 1 11 12 4 6 9 10 11 14 7 8 14 10 13 11 13 8 16 13 13 8 6 13 2 16 16 16 9 11 10 1 11 7 7
split_gain=97.3889 40.4167 21.9922 15.0878 14.8793 15.5087 14.3437 16.876 13.2663 17.4085 10.4802 14.229 10.6628 12.5898 9.78659 9.75271 9.74697 8.53333 8.49491 8.49021 8.80432 9.62388 8.40661 8.13872 8.11438 11.5541 13.4511 16.5323 10.1889 12.3206 10.1882 8.42308 7.50705 7.42803 8.48813 7.17391 6.97582 6.87918 6.79256 6.66317 7.23397 9.37945 6.48829 6.47076 12.3627 10.2031 6.41643 6.28233 7.44856 6.16455 6.13795 8.00224 6.05448 5.74149 6.80613 6.72883 6.62252 5.72422 6.57208 5.70398 7.84305 6.63438
threshold=57.500000000000007 0.38138528138528144 253.50000000000003 55.350000000000001 330.00000000000006 690.00000000000011 10.950360425000001 -4.4999999999999991 270.00000000000006 0.3401030927835052 45.050000000000004 15.524505928853758 11.292792541855716 5.3285570000000009 0.042572463768115944 90.000000000000014 1.0000000180025095e-35 13.500000000000002 0.23463088939279417 17.500000000000004 0.30079365079365084 -113.49999999999999 18.500000000000004 0.087337909992372245 11.500000000000002 49.850000000000001 14.500000000000002 39.95000000000001 4.5000000000000009 38.050000000000004 14.894802993488511 5.8332025000000014 15.650687960687963 0.31622807017543864 22.198541026766129 43.45000000000001 90.000000000000014 37.45000000000001 10.475150552527706 90.000000000000014 0.11378020713463753 0.84045454545454557 7.1500000000000012 0.7386128364389235 8.3918189291023069 128.50000000000003 0.37987341772151906 0.28519290928050056 7.8656436743934268 15.996428571428574 0.1924501424501425 17.500000000000004 41.500000000000007 169.50000000000003 128.50000000000003 0.49590163934426235 17.050000000000004 15.11252516537245 7.5000000000000009 34.250000000000007 35.550000000000004 41.650000000000013
decision_type=2 10 2 8 10 10 2 2 10 10 8 10 10 10 8 10 8 2 10 2 8 2 2 10 2 8 2 10 2 10 10 10 8 10 10 10 10 8 8 8 10 10 10 10 10 2 10 10 10 10 10 2 2 2 2 10 10 10 2 10 10 10
left_child=1 6 4 8 14 -6 7 19 9 17 11 12 15 -14 -2 -8 38 -4 32 20 21 -1 59 -21 28 26 27 -26 -16 37 31 57 -9 34 -32 -29 -5 43 -12 40 -3 -42 -43 44 45 -30 -33 48 -17 -37 -50 -52 -18 54 56 -55 -28 58 -31 -11 -61 -62
right_child=2 39 3 36 5 -7 10 18 -10 22 16 -13 13 -15 24 47 52 -19 -20 23 -22 -23 -24 -25 25 -27 53 35 29 30 33 46 -34 -35 -36 49 -38 -39 -40 -41 41 42 -44 -45 -46 -47 -48 -49 50 -51 51 -53 -54 55 -56 -57 -58 -59 -60 60 61 -63
leaf_value=-3.6856988284026131 -0.64039880282472539 1.7330198919997508 2.789078520249237 2.5976773706955942 -1.3644438449693226 0.64395938189102286 0.26591088343417307 0.50730704512710056 -0.33718204940262952 4.8700417587260656 -0.19633339426018426 0.071183039239723148 -3.3202675753949187 -1.5101764396025397 2.1768505020427207 1.3469903295739059 -0.48364999958905353 11.10154357336965 0.72893194563693475 -1.0115445059111388 -0.016919484836289422 -1.0209866260912919 -0.56581735420512447 0.39019442839420032 2.1851421629343828 2.0698485618551112 1.9634505381306355 -0.54568376980952937 5.1207657700611113 4.1965086697114762 1.7170251952947169 -0.1716360237833488 -0.14300825579286677 -0.45825090657974937 -1.3704031911853285 2.3660232071079399 -0.63496206570424663 -2.1455169832095526 0.13807302018989417 -0.0032373037564106255 0.92068815171464746 0.2264629872942841 -0.51297383536790064 -0.95417401389700773 -0.43567660999200175 -0.11809128761747303 1.6954932875134803 -2.5482095171249504 -1.5391278385954921 -0.57132894686174962 -1.6364297082585264 0.15214764717669585 -0.11251252555099311 5.2760151255235597 -0.82300639400797526 -0.76860284647851695 -0.20222100747678021 1.8511108402299645 0.08450483833874288 -0.85801260050837136 6.5436635503434237 2.1144578447507416
leaf_weight=48 28 58 45 26 64 26 60 35 35 43 25 169 68 41 134 20 426 90 109 20 95 207 27 39 101 144 27 20 22 26 28 57 156 22 23 26 30 21 28 367 154 29 28 38 92 23 21 69 29 20 26 41 30 31 39 26 120 34 35 23 21 20
leaf_count=48 28 58 45 26 64 26 60 35 35 43 25 169 68 41 134 20 426 90 109 20 95 207 27 39 101 144 27 20 22 26 28 57 156 22 23 26 30 21 28 367 154 29 28 38 92 23 21 69 29 20 26 41 30 31 39 26 120 34 35 23 21 20
internal_value=-0.000112923 -0.00654186 0.00939055 0.0202778 0.00625 -0.0133333 -0.0104825 -0.00500705 0.0246711 0.0284387 -0.0142442 -0.00927342 -0.0149718 -0.0279817 0.00777202 -0.00918367 -0.0193517 0.0411111 0.004 -0.0116137 -0.0145714 -0.0194118 0.0156716 0.0059322 0.00849558 0.0128159 0.00853659 0.0194611 0.00434028 0.000678733 0.00813008 0.0147399 -0.00235602 -0.00753425 0.00294118 0 -0.00357143 -0.00867347 0.000943396 0.00424528 0.010223 0.00592417 -0.0114035 -0.00542857 -0.000364964 0.0211111 0.0025641 -0.0148649 -0.00775862 0.0108696 -0.0135417 -0.00522388 -0.0217105 0.00102881 -0.00322581 0.0149123 0.00170068 0.0247368 0.0155738 0.0219626 0.0125 0.0256098
internal_weight=3985 2377 1608 360 1248 90 1741 709 304 269 1032 523 354 109 1158 245 509 135 300 409 350 255 134 59 1130 554 410 167 576 442 246 173 191 73 51 66 56 196 53 636 269 211 57 175 137 45 78 185 116 46 96 67 456 243 186 57 147 95 61 107 64 41
internal_count=3985 2377 1608 360 1248 90 1741 709 304 269 1032 523 354 109 1158 245 509 135 300 409 350 255 134 59 1130 554 410 167 576 442 246 173 191 73 51 66 56 196 53 636 269 211 57 175 137 45 78 185 116 46 96 67 456 243 186 57 147 95 61 107 64 41
is_linear=0
shrinkage=0.05


Tree=21
num_leaves=63
num_cat=0
split_feature=16 7 15 16 10 13 6 6 16 15 4 9 0 0 15 5 16 9 0 9 4 4 16 2 13 13 2 7 8 7 5 7 13 16 7 0 2 4 16 8 4 14 2 9 16 16 15 0 16 6 8 0 0 16 4 12 0 14 6 16 0 7
split_gain=93.8164 32.0759 30.3775 30.8987 18.9686 16.1061 12.2488 11.4307 10.7483 18.5598 8.19862 8.30936 7.52638 16.4606 11.0269 12.3238 7.34832 7.94273 7.34741 8.57591 8.51295 7.29511 7.62504 7.29286 6.89547 12.0301 6.78954 10.6234 6.51946 6.36542 8.52973 8.02571 6.33224 6.1679 10.3568 6.11028 5.98343 7.1714 5.85594 7.43826 5.79487 5.79087 5.91412 5.48123 7.86395 5.4088 8.05415 8.6808 8.03041 6.61225 9.68 9.0566 8.62244 8.70187 5.57143 5.33597 5.24769 5.12959 7.62676 5.25172 5.46038 5.09639
threshold=26.500000000000004 27.850000000000005 5.5000000000000009 336.50000000000006 23.667083333333338 0.66115363586659381 17.927083333333339 16.580322580645166 -29.499999999999996 8.5000000000000018 1559.4166675000004 0.36425061425061428 10.984724408333335 10.932213500000001 7.5000000000000009 30.850000000000005 86.500000000000014 0.14854215918045707 10.417885925000002 0.15831244778613202 2.9433180000000005 1.8864580000000002 67.500000000000014 37.500000000000007 0.21317502410800387 0.32954104718810606 32.500000000000007 40.150000000000013 7.8029335285099872 34.850000000000001 2.6500000000000008 39.050000000000004 0.26939799331103681 178.50000000000003 46.050000000000004 10.456888266666668 32.500000000000007 9.1650740000000024 -161.49999999999997 7.2714971937401023 11.943318000000001 1350.0000000000002 27.500000000000004 0.49590163934426235 -31.499999999999996 55.500000000000007 3.5000000000000004 12.984724408333335 307.50000000000006 20.738636363636367 12.273700559650793 11.066474675000002 10.950360425000001 112.50000000000001 3.8332025000000005 16.275363871625512 10.958796241666667 150.00000000000003 0.58452380952380967 74.500000000000014 10.950360425000001 23.050000000000004
decision_type=2 8 2 2 8 8 8 10 2 2 10 8 2 2 2 8 2 8 2 8 10 10 2 2 10 10 2 10 10 8 10 8 10 2 8 2 2 10 2 10 10 8 2 10 2 2 2 2 2 8 10 2 2 2 10 10 2 10 10 2 2 10
left_child=1 36 5 4 6 45 7 12 9 18 11 -10 13 14 15 -4 -6 -18 19 -3 -20 22 -14 29 -9 -26 27 -23 -16 -22 -31 -32 33 34 -8 -13 37 41 -38 -40 -5 42 43 44 -1 -2 47 -47 49 50 51 52 53 -48 -53 -36 -33 58 59 -7 -61 -39
right_child=2 8 3 40 16 57 32 24 10 -11 -12 35 21 -15 28 -17 17 -19 20 -21 23 26 -24 -25 25 -27 -28 -29 -30 30 31 56 -34 -35 55 -37 38 61 39 -41 -42 -43 -44 -45 -46 46 48 -49 -50 -51 -52 54 -54 -55 -56 -57 -58 -59 -60 60 -62 -63
leaf_value=-3.1054855022156738 -0.81797396196742556 -4.0589092653821544 0.6261870627757844 8.9889956970380052 -0.93867261422354753 1.4433825766134425 1.8054120228223731 -1.0984245621537043 -0.23749697766643224 0.32151523916730906 -0.34597659358903182 0.4644632324851129 -0.21687020763683229 2.6215048516584107 0.061802664218522811 -1.3042251994703615 -0.65934346350504303 1.4492972788429086 -2.5965821561480649 0.091641104938231882 -2.47118196920038 -0.34088141255885029 2.625078080148405 -2.6610740868103093 1.6086841219297356 -1.9642752389737763 0.80712225174212482 1.7770758984234278 2.7039937850590414 0.68836715933094905 0.47443780534772878 -1.0738591450951345 2.8409013935116265 5.3536438122603593 -1.0128687544088293 -0.07606866127278003 1.1881913382920433 0.37144544840741606 -0.020889653405723154 -0.97934455281368149 11.488725533660281 -0.44110636624324934 0.84043799231493765 0.42988095414211475 0.10478331616295114 -0.68381874858741576 -3.3165903587275842 0.23407647403037909 7.4574307000133331 1.9823102101406143 -1.0150478525396174 -0.0052124511779529925 2.0939105155066762 1.0954720842861625 -1.3641586608373133 1.9781678609407198 -2.4572768613239266 0.9600855201094094 4.2288265310740147 0.31781014151275377 -0.81271603297937434 1.2298934782074031
leaf_weight=28 78 24 205 77 40 22 65 20 611 45 115 41 27 96 25 22 28 43 158 83 55 158 77 107 36 21 135 37 71 24 40 37 89 32 24 116 21 59 142 35 24 26 21 114 21 126 23 25 32 44 40 26 47 36 28 22 63 50 25 23 26 22
leaf_count=28 78 24 205 77 40 22 65 20 611 45 115 41 27 96 25 22 28 43 158 83 55 158 77 107 36 21 135 37 71 24 40 37 89 32 24 116 21 59 142 35 24 26 21 114 21 126 23 25 32 44 40 26 47 36 28 22 63 50 25 23 26 22
internal_value=-0.000309943 -0.00796813 0.00728395 0.0114993 0.00938727 -0.0016129 0.0112737 0.00870968 -0.0115537 -0.0165094 -0.00798414 -0.00611979 0.0103751 0.0151551 0.00975232 0.00374449 -0.0103604 -0.000704225 -0.0188663 -0.00700935 -0.0214876 0.00576037 0.0173077 -0.0168712 -0.00974026 -0.000877193 0.00212121 -0.00384615 0.0239583 -0.0116438 -0.00670732 -0.0114286 0.0215517 0.015035 0.00945946 0.00414013 0.00316973 0.00773196 -0.00353535 -0.00649718 0.0381188 0.00285714 0.00597826 0.00276074 -0.0112245 -0.00584158 -0.00362998 -0.0129139 0.00144928 -0.00163934 -0.0055 0 0.00849057 -0.00423729 -0.0166667 -0.00869565 -0.019 0.0130137 0.00625 -0.00211268 -0.0112245 0.0203704
internal_weight=4033 2008 2025 1374 1273 651 1162 930 1519 636 883 768 853 419 323 227 111 71 591 107 484 434 104 326 77 57 330 195 96 219 164 140 232 143 111 157 489 291 198 177 101 210 184 163 49 505 427 151 276 244 200 160 106 59 54 46 100 146 96 71 49 81
internal_count=4033 2008 2025 1374 1273 651 1162 930 1519 636 883 768 853 419 323 227 111 71 591 107 484 434 104 326 77 57 330 195 96 219 164 140 232 143 111 157 489 291 198 177 101 210 184 163 49 505 427 151 276 244 200 160 106 59 54 46 100 146 96 71 49 81
is_linear=0
shrinkage=0.05


Tree=22
num_leaves=63
num_cat=0
split_feature=16 15 9 16 8 9 16 15 0 9 8 14 14 14 5 7 15 16 15 14 13 16 11 16 13 14 6 12 14 10 11 8 8 11 5 9 10 0 15 0 15 8 16 5 10 8 0 11 13 7 10 16 0 10 7 14 8 16 12 0 0 5
split_gain=71.8404 36.4515 36.332 25.0687 16.0437 10.892 10.7388 15.6781 12.3193 12.3782 10.1275 9.89723 8.33374 10.6299 7.95895 7.75152 7.73195 7.73073 7.60826 7.66046 7.54302 7.49467 6.86437 6.75682 6.66667 6.6199 6.33813 7.95869 6.19568 5.93783 5.85724 5.70974 7.42931 5.67932 9.52769 7.67583 10.187 5.98195 5.64872 8.64821 5.63333 5.51282 7.74 5.625 5.35562 5.71429 5.22557 6.1716 5.19229 5.908 5.58458 5.52142 6.66949 5.22648 5.17914 5.06288 5.00028 4.96413 4.9 4.88948 6.26112 5.78273
threshold=64.500000000000014 4.5000000000000009 0.36602542081758854 244.50000000000003 7.5826459968289912 0.58198924731182811 -27.499999999999996 7.5000000000000009 10.958796241666667 0.30341388569236677 19.394283878549963 150.00000000000003 90.000000000000014 270.00000000000006 6.0500000000000007 28.050000000000004 6.5000000000000009 -131.49999999999997 8.5000000000000018 90.000000000000014 0.17664992826398854 -76.499999999999986 47.650000000000013 -20.499999999999996 0.043797953964194385 150.00000000000003 14.842222222222224 15.877053754657251 2040.0000000000002 13.998451923628235 34.650000000000013 11.175775237204787 12.989083867223512 42.050000000000004 11.65 0.36240942028985512 13.267268445839877 10.522861450000002 7.5000000000000009 10.522861450000002 6.5000000000000009 13.122359057728 -71.499999999999986 13.65 21.648758865248229 14.449575234214366 10.719983033333335 42.750000000000007 0.36434624697336565 43.650000000000013 21.935563566027785 167.50000000000003 11.154141975000003 26.100769384492409 56.050000000000004 90.000000000000014 13.067434223839458 -82.499999999999986 15.684247915525567 12.61197581666667 11.456888266666668 28.550000000000004
decision_type=2 2 10 2 8 8 2 2 2 8 10 10 10 10 10 10 2 2 2 10 10 2 8 2 10 10 10 10 10 8 8 10 10 10 10 10 10 2 2 2 2 8 2 10 8 10 2 10 10 8 8 2 2 8 10 10 10 2 10 2 2 10
left_child=2 4 6 18 25 11 7 12 22 15 30 54 26 24 17 -10 -7 55 19 33 -21 -16 38 40 -14 -2 -1 -28 -27 -20 -6 -9 -33 34 -3 36 -36 -35 39 -8 57 42 -26 -44 45 -24 -25 -48 49 51 -51 -32 -53 -52 -5 -4 -39 -19 -49 60 -17 -62
right_child=1 3 14 5 10 16 8 31 9 -11 -12 -13 13 -15 21 59 -18 23 29 20 -22 -23 44 46 41 28 27 -29 -30 -31 48 32 -34 37 35 -37 -38 56 -40 -41 -42 -43 43 -45 -46 -47 47 58 -50 50 53 52 -54 -55 -56 -57 -58 -59 -60 -61 61 -63
leaf_value=-0.65743060320854685 -0.12588822509299896 1.2181254036059705 1.7634984798538 6.1503858636144768 -0.0018729646329806117 -0.6834518697443337 -0.6207678096398932 0.17420602371847571 0.75025195716379434 -0.39498763512246632 1.9996170916189966 3.4518105174875644 0.020871281533250043 0.6757289184801557 -2.8714885315137142 -0.11155513629309731 5.9670826529077692 0.33268966330914423 2.0187741024152817 -0.71041941932634745 0.72909891618824219 -0.019859107941956999 -0.086492378952545357 0.79428636802552866 -3.272711455504647 1.8635004809395737 -2.4090471437587908 0.13631614821296623 0.26836116033930468 5.1891005933422409 -1.2854886409141071 -1.6300854299862053 0.36657079436229117 1.2000743297681495 -1.6682780753346738 0.3907722785859109 0.62230836450679383 3.7637090873971824 1.0369077239947491 0.56220240778065989 0.81289467532076454 -3.7605355738287742 0.38314418480896878 -2.4537740892887756 -0.03782022854124998 -2.0330466283258399 0.13782775605178479 3.5073036613894901 -1.5778597019077549 -0.92990589393841072 0.018763694934459976 2.122412022419041 -0.44755569827754371 -0.48155735046781473 0.99900233289637519 0.92386513685318583 1.8548015644064302 -0.80492730257893297 0.25770887706875184 0.14245349183003678 -1.1290461167801591 -0.13501421799460941
leaf_weight=82 61 118 20 166 43 22 104 82 39 191 24 33 20 20 26 230 28 31 21 76 416 136 35 93 100 30 76 21 23 27 31 47 38 51 21 34 25 27 60 72 40 78 32 40 167 35 183 20 31 21 20 22 21 21 24 26 57 89 20 61 115 61
leaf_count=82 61 118 20 166 43 22 104 82 39 191 24 33 20 20 26 230 28 31 21 76 416 136 35 93 100 30 76 21 23 27 31 47 38 51 21 34 25 27 60 72 40 78 32 40 167 35 183 20 31 21 20 22 21 21 24 26 57 89 20 61 115 61
internal_value=-0.00110442 0.00756359 -0.00630522 0.0118674 -0.0066092 0.0250916 -0.0100221 -0.0152516 -0.00717949 -0.011406 -0.0141026 0.0298206 -0.019936 -0.0251724 0.00350877 -0.00731225 0.004 0.00651341 0.00773196 0.00660606 0.00264228 -0.00617284 -0.000951374 0.00462185 -0.0277778 0.00877193 -0.0114525 -0.0201031 0.0216981 0.0270833 -0.017619 -0.00209581 -0.0111765 0.0124625 0.00707071 -0.00625 -0.0195652 0.0203704 0.00508475 0.000568182 -0.00375 -0.03 -0.025 -0.0125 -0.00696203 -0.0185714 0.00886076 0.00470852 -0.0218563 -0.0176471 -0.0290323 -0.00810811 0.00348837 -0.0182927 0.0342105 0.026087 0.0285714 -0.00916667 0.0225 -0.00910064 -0.0110837 -0.0181818
internal_weight=3984 1494 2490 1146 348 273 1806 636 1170 697 234 223 469 290 684 506 50 522 873 825 492 162 473 476 270 114 179 97 53 48 210 167 85 333 198 80 46 135 236 176 160 250 172 72 237 70 316 223 167 136 62 74 43 41 190 46 84 120 40 467 406 176
internal_count=3984 1494 2490 1146 348 273 1806 636 1170 697 234 223 469 290 684 506 50 522 873 825 492 162 473 476 270 114 179 97 53 48 210 167 85 333 198 80 46 135 236 176 160 250 172 72 237 70 316 223 167 136 62 74 43 41 190 46 84 120 40 467 406 176
is_linear=0
shrinkage=0.05


Tree=23
num_leaves=63
num_cat=0
split_feature=16 7 16 4 14 0 16 5 10 13 13 14 7 6 4 12 4 11 13 9 0 0 6 12 12 12 16 6 11 6 11 0 10 14 14 4 0 8 4 7 7 5 16 13 13 13 7 11 13 16 16 12 2 16 8 14 5 12 6 9 14 0
split_gain=79.2494 31.3745 22.1942 13.5836 16.3362 14.5326 11.7964 12.2119 15.2979 10.8271 10.341 9.6152 9.0441 8.87084 8.3787 7.65092 7.41097 7.20356 8.01515 7.41083 6.96397 6.83746 7.0421 6.49493 10.4598 9.9066 6.45902 10.5199 7.7342 9.07596 12.3835 8.38996 7.14645 6.40143 11.4166 6.68887 10.8462 11.4889 6.42312 11.3064 6.37263 6.01807 6.00277 5.92798 12.4475 7.1832 7.10583 5.72302 15.8424 5.8115 5.88636 11.5399 7.03774 5.62968 5.4943 5.47988 10.112 5.44444 5.40859 11.9663 5.4819 8.29184
threshold=26.500000000000004 27.850000000000005 244.50000000000003 11.118590000000003 270.00000000000006 11.417885925000002 -28.499999999999996 21.850000000000005 15.995138888888892 0.37096026873624471 0.22163742690058483 90.000000000000014 43.250000000000007 9.9168253968253968 14.114214000000002 20.910291478706377 2055.5054830000004 45.050000000000004 0.16724941724941728 0.19264507422402163 11.456888266666668 14.040689041666669 23.0771686746988 14.538659878536974 17.399180796358429 20.186267524468622 67.500000000000014 0.28809523809523813 3.8500000000000001 9.4227659574468081 40.050000000000004 10.950360425000001 23.898120300751881 930.00000000000011 270.00000000000006 5.2247530000000006 11.950360425000001 14.505981729248555 13.165074000000002 43.050000000000004 57.050000000000004 56.350000000000001 -73.499999999999986 0.23226861167002014 0.32173123486682814 0.20848321342925663 111.45 44.95000000000001 0.2469862018881627 48.500000000000007 98.500000000000014 10.319361408941228 22.500000000000004 -109.49999999999999 10.888997252740173 150.00000000000003 14.15 10.044194702714677 10.543684210526317 0.39159811985898946 270.00000000000006 12.61197581666667
decision_type=2 8 2 10 10 2 2 10 8 10 10 10 8 10 10 8 10 10 8 10 2 2 10 10 10 10 2 8 8 10 10 2 10 10 10 10 2 10 10 8 10 10 2 8 10 10 8 10 10 2 2 10 2 2 10 10 10 10 10 10 10 2
left_child=1 58 11 4 9 14 7 8 10 40 -3 26 13 -12 -5 21 20 18 -10 -19 23 22 33 -8 -25 -26 27 -2 -28 -30 31 -31 -32 34 35 36 47 55 -37 57 -4 -18 -20 45 -45 46 54 49 -49 -13 51 -51 -52 -21 -22 -38 -57 -40 59 -1 61 -61
right_child=2 6 3 5 -6 -7 16 -9 17 -11 12 15 -14 -15 -16 -17 41 19 42 53 43 -23 -24 24 25 -27 28 -29 29 30 32 -33 -34 -35 -36 38 37 -39 39 -41 -42 -43 -44 44 -46 -47 -48 48 -50 50 52 -53 -54 -55 -56 56 -58 -59 -60 60 -62 -63
leaf_value=-0.94837139690381544 3.3847948462485804 -2.7796622824577399 6.7291810974885742 -0.45964411451962317 -0.30818885659985717 -1.8749756956603851 0.0070877199538891492 -2.3755452577923384 0.94552253436325528 1.8725319251750108 -1.6911584574141891 0.32711045767008362 -2.9213955095537401 -0.57543884632198605 8.6362090576569415 -0.47364017417397347 -0.25496122222164025 -2.5151226825279895 0.7237139511446784 -2.6049230124172178 -1.1467281328501968 -1.9853049075138935 1.0508363540821379 -1.6554277805450841 1.8744521633367324 -0.11257061561701756 -0.68643789445806469 -0.061522612147090941 2.4060018524506455 -1.3256964193353005 2.1296765102353397 0.2676100000588395 -0.35428167667084998 0.82862847828658281 -1.2200707925123819 -0.24110801959351549 2.3131108777073495 -0.91432957134592552 4.3145100715025455 -0.37493414627626176 0.36315660229936281 -0.3881179839135791 -0.98729465767995039 -1.0746706430816853 0.067791949439470228 1.0866335768645941 0.10179546308711807 -1.2894724990294029 1.6465611306822874 1.2335155798087349 -0.9643562370308193 -2.0228598470673798 2.5579306491304892 0.52487542859300729 -0.19849186196804558 2.8630447982512699 -0.42517791336366673 0.54500264257643105 0.42828385320035489 0.27251521171732362 -0.079672963103773503 0.91063896399893629
leaf_weight=49 21 53 149 22 33 24 401 211 22 95 24 32 33 148 28 45 39 41 37 25 21 26 89 64 23 56 23 190 105 42 157 53 22 28 58 282 50 22 20 22 22 47 29 69 39 21 26 29 62 33 40 32 49 26 50 30 21 25 49 312 59 29
leaf_count=49 21 53 149 22 33 24 401 211 22 95 24 32 33 148 28 45 39 41 37 25 21 26 89 64 23 56 23 190 105 42 157 53 22 28 58 282 50 22 20 22 22 47 29 69 39 21 26 29 62 33 40 32 49 26 50 30 21 25 49 312 59 29
internal_value=-0.000251004 -0.0072641 0.00683998 0.0178284 0.0225753 -0.00135135 -0.0108638 -0.0159476 -0.0111872 0.0266917 -0.0189922 0.00429104 -0.0139024 -0.00930233 0.014 0.00125628 -0.00700935 0 0.0102273 -0.00978261 -0.00545455 0.00221053 0.00292208 -0.00238971 -0.0115385 0.000632911 0.00921697 0.0021327 0.0129353 0.0146438 0.00985401 -0.00473684 0.0175978 0.00149701 0.000681537 0.00233645 0.00675 0.0191057 -0.00272206 0.011194 0.0342105 -0.0209302 0.00151515 -0.0128319 -0.0212963 -0.00508475 -0.0108247 0.00126354 0.0115385 -0.00376344 -0.00779221 -0.0192308 0.000561798 0.00294118 -0.0190141 0.0262376 0.0147059 0.0255556 0.00361446 0.0018931 0.00475 0.00718475
internal_weight=3984 2003 1981 373 299 74 1505 649 438 266 258 1608 205 172 50 995 856 180 88 92 770 950 924 544 143 79 613 211 402 379 274 95 179 835 807 749 400 123 349 67 171 86 66 226 108 118 97 277 91 186 154 65 89 51 71 101 51 45 498 449 400 341
internal_count=3984 2003 1981 373 299 74 1505 649 438 266 258 1608 205 172 50 995 856 180 88 92 770 950 924 544 143 79 613 211 402 379 274 95 179 835 807 749 400 123 349 67 171 86 66 226 108 118 97 277 91 186 154 65 89 51 71 101 51 45 498 449 400 341
is_linear=0
shrinkage=0.05


Tree=24
num_leaves=63
num_cat=0
split_feature=14 15 13 12 1 1 1 12 9 6 2 9 8 10 13 1 1 14 12 6 12 15 11 5 1 12 12 15 10 10 0 12 13 13 11 5 5 0 13 1 0 10 10 9 15 7 11 1 12 7 6 1 8 6 0 6 10 5 2 2 15 10
split_gain=28.3153 15.809 15.1236 14.0561 12.3284 13.6386 12.2996 10.7384 10.3549 10.3253 7.69101 8.13223 7.18605 7.80619 8.95659 10.5268 13.1033 7.80489 7.42976 8.00476 6.98108 6.62789 16.5653 7.32841 11.6154 6.61665 10.0387 6.60268 6.54638 8.22857 8.78738 6.83624 7.85714 6.49047 10.3742 6.35839 12.0178 6.35517 9.4248 9.1929 6.78421 6.61409 14.3128 6.44899 6.19702 9.8383 7.45758 8.15417 9.82105 7.45313 6.9246 6.09524 6.05238 5.78058 5.75494 5.71154 5.65402 5.53131 5.43745 5.40346 5.31494 5.15302
threshold=90.000000000000014 7.5000000000000009 0.51492869875222824 20.910291478706377 21.500000000000004 17.500000000000004 20.500000000000004 14.610962235504106 0.28232998885172805 18.952342342342344 7.5000000000000009 0.20530382859149984 7.5826459968289912 15.11252516537245 0.17664992826398854 12.500000000000002 6.5000000000000009 330.00000000000006 14.397935573012456 25.715865384615388 14.397935573012456 6.5000000000000009 38.050000000000004 29.950000000000003 7.5000000000000009 12.521162984319105 16.130346541433216 4.5000000000000009 13.362636669470144 14.571572104018916 11.958796241666667 9.6402081128751416 0.25872210953346864 0.32827009056517259 41.350000000000001 4.4500000000000011 21.850000000000005 11.237888300000002 0.5865817091454274 20.500000000000004 11.522861450000002 12.693513957307063 15.411644695543004 0.45889639639639646 6.5000000000000009 42.350000000000001 43.45000000000001 14.500000000000002 11.159159886943636 48.650000000000013 10.351717171717173 18.500000000000004 10.555433740447866 18.839384057971021 11.932213500000001 14.532738095238097 16.234054325955736 15.950000000000001 22.500000000000004 22.500000000000004 4.5000000000000009 25.311468555131245
decision_type=10 2 10 8 2 2 2 10 10 10 2 8 8 8 8 2 2 10 10 10 10 2 10 10 2 8 10 2 10 10 2 10 10 10 10 10 10 2 10 2 2 10 10 8 2 10 10 2 10 10 10 2 10 8 2 10 10 10 2 2 2 10
left_child=4 2 12 37 5 8 7 9 -1 10 -7 -12 35 21 54 16 27 18 -17 -20 -4 23 57 24 -14 -18 -27 -16 31 30 52 32 -26 34 -24 -2 -37 38 -3 40 -39 43 55 -42 45 -10 47 48 50 -48 -46 -13 -30 56 -15 -43 -29 58 -23 -31 -56 -28
right_child=1 3 20 -5 -6 6 -8 -9 44 -11 11 51 13 14 15 17 25 -19 19 -21 -22 22 33 -25 28 26 61 53 29 59 -32 -33 -34 -35 -36 36 -38 39 -40 -41 41 42 -44 -45 46 -47 49 -49 -50 -51 -52 -53 -54 -55 60 -57 -58 -59 -60 -61 -62 -63
leaf_value=-0.033593877939512802 -0.047531698353440538 1.8255156815264244 0.13399184862116353 -0.3099397653820708 -0.36871208471790018 4.8237673962914975 -0.24221316111055824 5.4258816969859218 0.28001650430542924 -0.46689110097165953 3.2161679337076539 6.895156321012994 0.0064764378490692392 -0.42056659866208845 -0.76459053264366761 0.035101260748948558 0.14232969129424938 -1.4142624814537088 2.7216493327224334 -0.2717487141999323 3.7821025953606835 -2.0102633404022456 0.48806982710694941 -3.2808098759879671 -1.9115950326581796 -3.4145868610906747 -0.046247556570913062 2.3704756755137382 -0.15663022203045429 -3.382380186179947 -2.1589678126058267 -1.7709488791399282 0.059224223224287512 3.0364596052260349 -1.7263247119438909 3.597008258355503 -0.16008660131036623 -0.3593085433252009 -0.42536741622092572 -0.52215883899172899 1.6703459108489858 -0.037455195187838977 1.305420419766161 0.47103258570413176 1.3856242779662393 -1.6418992498308329 3.9459440395026739 -0.75832150967130174 -0.64561150692544467 0.93163310564057622 1.7225871178102949 0.19184374131837592 1.3295898069041343 2.9889347743047989 0.15244376615993618 -2.6856605886979636 -0.63930282579576048 -2.2751615930928883 0.033400632237587845 -1.0962498151211366 -0.98914034653669158 -1.1928197193048324
leaf_weight=591 49 120 376 58 72 27 69 41 276 30 20 28 89 197 24 140 29 22 60 24 21 35 22 55 20 71 54 25 20 20 20 127 35 49 32 25 20 61 26 25 44 22 84 36 122 33 50 38 36 48 25 56 23 21 29 26 28 24 31 22 47 23
leaf_count=591 49 120 376 58 72 27 69 41 276 30 20 28 89 197 24 140 29 22 60 24 21 35 22 55 20 71 54 25 20 20 20 127 35 49 32 25 20 61 26 25 44 22 84 36 122 33 50 38 36 48 25 56 23 21 29 26 28 24 31 22 47 23
internal_value=-0.000314624 -0.00371215 -0.00578837 0.00418327 0.00492958 0.00590604 0.0160517 0.0222772 0.00365053 0.0164596 0.0225191 0.0163462 -0.00806878 -0.00895628 -0.00566751 -0.00182342 -0.00854545 0.00569106 0.00848214 0.0202381 0.00289673 -0.013141 -0.00544041 -0.0165893 -0.0140957 -0.0166667 -0.0209459 0.00612245 -0.0189895 -0.00904762 0.00238095 -0.0247253 -0.01 0.00825243 -0.0037037 0.00531915 0.0188889 0.00720721 0.0157534 0.00302013 0.00567766 0.00990566 0.0030303 0.02125 0.00812102 0.00307443 0.0130094 0.00791855 0.0122951 0.0244898 0.0180272 0.00952381 0.0151163 0.0135135 -0.0130037 -0.01875 0.00471698 -0.0211111 -0.0136364 -0.0261905 -0.00131579 -0.00844156
internal_weight=3973 2411 1909 502 1562 1490 271 202 1219 161 131 104 1512 1418 794 521 275 246 224 84 397 624 193 431 376 177 148 98 287 105 63 182 55 103 54 94 45 444 146 298 273 212 132 80 628 309 319 221 183 98 147 84 43 74 273 48 53 90 66 42 76 77
internal_count=3973 2411 1909 502 1562 1490 271 202 1219 161 131 104 1512 1418 794 521 275 246 224 84 397 624 193 431 376 177 148 98 287 105 63 182 55 103 54 94 45 444 146 298 273 212 132 80 628 309 319 221 183 98 147 84 43 74 273 48 53 90 66 42 76 77
is_linear=0
shrinkage=0.05


Tree=25
num_leaves=63
num_cat=0
split_feature=16 15 16 9 10 1 12 14 13 16 8 8 13 8 16 13 10 13 6 1 1 8 13 11 6 16 15 15 15 1 16 15 6 1 1 7 5 10 12 16 9 5 7 16 14 14 7 15 8 1 9 16 5 8 16 15 16 13 7 5 11 5
split_gain=79.7669 33.4211 29.3541 23.5604 12.7734 18.262 13.8394 12.1597 11.265 9.9196 9.87898 9.33863 9.09907 9.09088 9.72602 15.7188 10.898 8.50661 8.07692 8.01177 7.8032 7.72924 7.51355 7.52399 7.36522 7.28655 12.5509 7.26181 7.25913 7.02657 7.0257 7.01565 7.01458 6.91537 11.4588 11.9137 6.90716 11.709 7.66447 9.03849 7.476 6.50348 6.43181 6.50301 6.33383 7.9249 6.23119 7.37385 6.11186 6.08804 8.94422 5.8191 5.66553 8.91675 7.95896 6.4381 6.09524 5.60661 7.14647 5.4028 5.30906 6.88699
threshold=26.500000000000004 5.5000000000000009 336.50000000000006 0.39559108527131787 22.421240601503765 13.500000000000002 11.818071675577938 90.000000000000014 1.0000000180025095e-35 -206.49999999999997 11.366551064612095 11.810511523036595 0.66115363586659381 8.1274044343350855 98.500000000000014 0.37791327913279138 13.630007309941522 0.44519519519519524 9.1362455197132633 20.500000000000004 3.5000000000000004 7.5826459968289912 0.23836580086580089 35.150000000000013 9.9168253968253968 57.500000000000007 3.5000000000000004 6.5000000000000009 3.5000000000000004 11.500000000000002 320.50000000000006 8.5000000000000018 10.944097222222224 19.500000000000004 15.500000000000002 44.650000000000013 40.550000000000004 17.269304556354921 14.490469530855608 -66.499999999999986 0.20864427860696519 10.250000000000002 32.750000000000007 -31.499999999999996 210.00000000000003 150.00000000000003 34.050000000000004 5.5000000000000009 9.7354293885465868 20.500000000000004 0.18441295546558709 224.50000000000003 3.1500000000000008 13.978543543594094 1.5000000000000002 6.5000000000000009 11.500000000000002 0.34131994261119086 34.45000000000001 43.600000000000009 42.95000000000001 29.250000000000004
decision_type=2 2 2 10 8 2 10 10 8 2 8 8 10 10 2 10 10 10 10 2 2 8 10 10 10 2 2 2 2 2 2 2 10 2 2 10 10 8 10 2 10 10 10 2 8 10 10 2 10 2 8 2 10 10 2 2 2 10 8 10 10 10
left_child=3 12 4 7 6 -6 13 10 29 -5 22 -12 20 18 31 16 -16 -17 51 59 -2 -10 23 -1 -24 28 57 -26 -22 -9 33 32 -15 34 35 -28 37 38 39 -23 -39 42 -41 -44 45 -11 -43 -48 -25 50 -7 -3 53 -13 -54 -56 -57 58 -27 60 -8 -62
right_child=1 2 -4 9 5 49 19 8 21 44 11 52 -14 14 15 17 -18 -19 -20 -21 25 36 24 48 27 26 30 -29 -30 -31 -32 -33 -34 -35 -36 -37 -38 40 -40 41 -42 46 43 -45 -46 -47 47 -49 -50 -51 -52 -53 54 -55 55 56 -58 -59 -60 -61 61 -63
leaf_value=-1.3073806645463328 3.2335782250002101 1.9030984247100478 7.897247258027928 1.7345844196934814 -0.97349190261596308 0.091651887069056415 3.1855204240969424 -0.12555901363603975 0.4365420809802702 0.036643803599378445 -1.5961616946234105 0.3632748784441015 0.87895260311374734 -0.63450534578293238 -0.62685663025407201 4.183133251465013 1.8731531239068488 1.2629847864010373 2.0250072472244951 -0.40399890119595627 0.062255441365321296 -2.682738410671297 -0.542980066563441 0.26941958659340148 0.075622980169888443 0.47434822168894775 0.46719580984604314 1.5383893478716133 -1.7917278485739954 0.070596118199598087 6.296106400071479 1.3372999288447502 -0.067594186189930211 3.1175512428820671 -0.98389916739643213 -1.0164358064771661 -0.3943547560685392 -0.37523169288306302 -4.0019491102221902 -2.3786599118345868 0.79092236495654356 0.082967043940571583 0.32993878371441993 -0.95260455984999826 -0.38353004483718478 1.8569771952082683 -4.3016634815746668 -0.80666860450671685 -0.31295815598357152 -0.52645894024220852 8.8054735143714407 -0.65552955465924934 -0.46344116236750693 -1.0338423671697694 -0.40405836913524706 0.71014757658946526 -0.013564373837574806 -1.1701830352135802 -0.4398334264671892 3.122241809137333 1.4278532579387173 0.011135769978032783
leaf_weight=25 20 158 101 27 75 28 105 34 22 363 37 36 132 57 72 40 29 43 28 27 21 142 20 34 37 25 165 55 47 28 23 21 131 29 32 31 99 216 31 33 55 65 20 56 80 28 25 94 52 20 23 24 207 22 28 21 21 53 70 29 254 73
leaf_count=25 20 158 101 27 75 28 105 34 22 363 37 36 132 57 72 40 29 43 28 27 21 142 20 34 37 25 165 55 47 28 23 21 131 29 32 31 99 216 31 33 55 65 20 56 80 28 25 94 52 20 23 24 207 22 28 21 21 53 70 29 254 73
internal_value=-0.000412603 0.00669688 0.0112108 -0.00742673 0.00909458 -0.00479452 0.0109533 -0.0105281 -0.0141304 0.00200803 -0.00495798 -0.00994624 -0.00262346 0.00588723 0.00139949 0.00978261 -0.00346535 0.0259036 0.0142857 0.0172131 -0.00562016 -0.0156177 0.00336323 -0.00585586 0.0125 -0.00685484 -0.00443925 0.0184783 -0.0220588 0.00645161 0.00178571 -0.00598086 -0.00904255 -0.000583658 -0.00350877 0.00102041 -0.0163876 -0.0147218 -0.0195279 -0.0178161 -0.00645756 -0.0127986 -0.0224771 -0.0144737 0.000318471 0.00294118 -0.00706522 -0.0138655 0.00116279 0.0133803 0.022549 0.0104396 -0.00731343 0.00689655 -0.0102888 0.00428571 0.0166667 -0.0162162 -0.00894737 0.0187636 0.0173611 0.0142202
internal_weight=3999 1986 1338 2013 1237 146 1091 1515 920 498 595 372 648 603 393 184 101 83 210 488 516 858 223 111 112 496 428 92 68 62 280 209 188 257 228 196 836 737 466 435 271 293 109 76 471 391 184 119 86 71 51 182 335 58 277 70 42 148 95 461 432 327
internal_count=3999 1986 1338 2013 1237 146 1091 1515 920 498 595 372 648 603 393 184 101 83 210 488 516 858 223 111 112 496 428 92 68 62 280 209 188 257 228 196 836 737 466 435 271 293 109 76 471 391 184 119 86 71 51 182 335 58 277 70 42 148 95 461 432 327
is_linear=0
shrinkage=0.05


Tree=26
num_leaves=63
num_cat=0
split_feature=13 15 4 1 13 12 12 15 6 6 1 1 5 1 1 13 11 6 1 8 5 0 6 6 2 2 13 15 15 1 10 6 4 15 10 12 5 1 13 6 6 6 1 6 11 8 6 0 8 4 8 10 5 10 1 11 2 1 5 2 4 6
split_gain=18.9691 15.1104 14.7082 13.1243 19.367 9.18534 8.71131 8.39554 10.2498 13.2763 9.7281 10.4099 8.8643 8.35861 8.83967 9.69501 9.30742 9.17734 8.4626 8.2491 9.7467 7.80759 8.25737 9.74432 9.69699 7.63058 9.22534 7.40479 7.09423 9.58569 7.23594 7.00814 6.79678 10.84 6.79029 6.78473 6.50746 6.46331 10.1372 9.5033 10.3806 11.2667 6.26775 5.91429 5.88683 5.83739 5.78575 5.743 5.73766 5.69608 6.66168 7.35194 7.00269 7.50804 5.88802 5.85143 5.8112 10.4001 11.0958 7.63823 6.62818 5.99679
threshold=0.32173123486682814 7.5000000000000009 2150.8353540000003 17.500000000000004 0.22259759759759762 21.188924836042002 12.083895883800265 6.5000000000000009 10.203774928774932 20.40706521739131 4.5000000000000009 12.500000000000002 21.850000000000005 6.5000000000000009 19.500000000000004 0.88303693570451447 46.350000000000001 15.587487781036172 17.500000000000004 8.6179601926492122 33.550000000000004 10.417885925000002 24.211274509803925 15.587487781036172 42.500000000000007 42.500000000000007 0.16345083487940634 5.5000000000000009 6.5000000000000009 8.5000000000000018 18.795211333567497 3.0090000000000008 5.8024625000000016 4.5000000000000009 13.035226990821139 26.525196262449676 11.050000000000002 4.5000000000000009 0.40936473165388837 0.67017543859649131 6.4632142857142867 12.907993730407524 8.5000000000000018 6.4632142857142867 33.650000000000013 13.275414124263937 11.516202346041057 10.984724408333335 11.069093424185928 3.8332025000000005 9.3062534883139723 93.616666666666674 25.050000000000004 12.693513957307063 5.5000000000000009 40.050000000000004 22.500000000000004 11.500000000000002 13.050000000000002 27.500000000000004 3.1216390000000005 23.828000000000007
decision_type=10 2 10 2 10 10 8 2 8 10 2 2 10 2 2 10 10 10 2 10 10 2 8 10 2 2 10 2 2 2 8 10 10 2 10 8 10 2 10 10 10 10 2 10 10 10 10 2 8 10 10 10 10 10 2 10 2 2 10 2 10 10
left_child=1 3 21 19 6 7 -5 8 12 10 -10 -12 -2 37 15 16 18 -18 36 20 28 45 23 24 34 26 -8 -13 29 -1 -30 -16 -31 -34 -23 -22 42 39 -39 -9 -41 -42 -15 -38 -45 -3 -44 -28 -29 56 -51 52 53 -52 55 -55 60 59 -59 -58 61 -21
right_child=5 2 -4 4 -6 -7 25 13 9 -11 11 27 -14 14 31 -17 17 -19 -20 49 35 22 -24 -25 -26 -27 47 48 30 32 -32 -33 33 -35 -36 -37 43 38 -40 40 41 -43 46 44 -46 -47 -48 -49 -50 50 51 -53 -54 54 -56 -57 57 58 -60 -61 -62 -63
leaf_value=1.3378524732363895 0.14513008825270335 0.89101847974205273 -0.33030089050449973 2.6537858838925481 2.0788262328633036 3.0105657308944123 0.042341964240726074 3.6578417133603249 2.183144966765231 4.9217028131996603 -1.6162267538735926 -1.7779185990607596 1.9927322505683471 3.4147809691592799 -1.7315685545764188 3.1944638441470392 4.6525035980985328 0.20965393643440963 10.098528352515798 -0.95762803501515814 -0.0010620865938277041 0.23622782984728055 -0.26482516641534842 0.97496196376366651 1.9608436406466561 -0.34659896916548055 -1.6067909622747232 -0.37385947163557581 0.12296768482930238 -1.0342416643027215 -0.35807518493159995 0.1129712452750133 -1.1691386229144278 0.25594860726373148 -0.73465594820396729 -0.86183893710866699 -1.2072548563454646 1.2067914166266336 -1.0734470054588006 -0.43749215257335927 1.5412623773261598 -1.0224557357043715 -0.049866608737509033 0.47069917125696858 -0.87939671143084797 0.0253934764866834 1.4400911061806387 -0.19866155745114328 0.7214501959465679 -1.4353464071754933 0.32914172286751209 0.15299213934670283 -1.0845041382087925 -1.2843087602540557 -1.131055639945171 0.69405182143019073 1.4862712938892 -0.44924128621344012 1.1833251773333426 -1.0057314167883273 0.30184086871938903 0.11947129180567571
leaf_weight=47 594 60 38 28 93 25 79 24 24 27 94 31 27 40 20 43 63 29 35 143 27 31 99 196 44 46 20 20 27 44 23 65 23 70 96 25 20 22 45 22 30 30 94 31 61 31 25 29 35 39 40 28 223 20 315 50 20 66 78 156 24 20
leaf_count=47 594 60 38 28 93 25 79 24 24 27 94 31 27 40 20 43 63 29 35 143 27 31 99 196 44 46 20 20 27 44 23 65 23 70 96 25 20 22 45 22 30 30 94 31 61 31 25 29 35 39 40 28 223 20 315 50 20 66 78 156 24 20
internal_value=-0.000327126 -0.00312761 0.00378151 -0.00540765 0.00423729 0.00393401 -0.00445545 0.00344939 0.000117371 -0.00887446 -0.0132353 -0.0172222 0.00346216 0.00751073 0.0106464 0.0134921 0.0110553 0.025 0.00686275 -0.00729443 0.00034965 0.00583483 0.00321888 0.00667575 -0.00204678 -0.00862069 -0.00234375 -0.00465116 0.00470085 0.00923913 -0.012 -0.00411765 0.00255474 0.0102151 -0.00905512 -0.0192308 0.00387454 -0.00202312 -0.0141791 0.00566038 -0.00243902 0.00833333 0.0103774 -0.00535714 0 0.0192308 0.00462185 -0.0193878 0.00636364 -0.00908347 -0.011958 -0.0107988 -0.0118827 -0.00811765 -0.0102597 0.00285714 -0.00502959 -0.0009375 0.00902778 -0.00909091 -0.0120321 -0.0156442
internal_weight=3974 2398 595 1803 295 1576 202 1551 852 231 204 180 621 699 526 441 398 92 306 1508 286 557 466 367 171 174 128 86 234 184 50 85 137 93 127 52 271 173 67 106 82 60 159 112 92 91 119 49 55 1222 715 676 648 425 385 70 507 320 144 176 187 163
internal_count=3974 2398 595 1803 295 1576 202 1551 852 231 204 180 621 699 526 441 398 92 306 1508 286 557 466 367 171 174 128 86 234 184 50 85 137 93 127 52 271 173 67 106 82 60 159 112 92 91 119 49 55 1222 715 676 648 425 385 70 507 320 144 176 187 163
is_linear=0
shrinkage=0.05


Tree=27
num_leaves=63
num_cat=0
split_feature=16 15 16 7 0 16 15 12 4 12 0 1 8 13 12 12 1 11 1 8 0 14 0 1 13 7 13 11 9 1 9 1 9 0 13 11 0 12 13 0 4 0 7 1 1 12 8 16 7 1 13 16 8 6 11 9 11 16 11 12 11 13
split_gain=68.8957 26.0215 23.7034 19.8555 13.7609 11.3997 12.3309 9.86071 9.80205 9.05119 10.3136 9.4866 8.86566 8.25714 7.80325 9.48526 12.2316 9.79334 7.71714 12.5259 7.46281 7.06329 11.7708 9.83495 7.11785 7.20857 6.87459 6.86833 8.34544 13.9021 7.18081 7.30827 7.05333 6.78344 7.36549 6.77183 6.61621 9.91849 6.59693 6.57253 11.5038 6.35376 8.79737 8.19179 9.1204 8.40758 12.512 8.13704 10.3504 7.21703 7.12443 6.31953 10.0585 6.07417 5.91315 7.07265 5.83802 5.66274 7.84149 5.62987 8.96837 5.44051
threshold=26.500000000000004 5.5000000000000009 277.50000000000006 26.850000000000005 12.237888300000002 -52.499999999999993 7.5000000000000009 9.8777877600933923 11.943318000000001 18.183876505217246 10.237888300000002 14.500000000000002 16.320975704632783 0.25463121783876502 12.317156058931738 16.81507497232689 20.500000000000004 80.250000000000014 8.5000000000000018 11.910845473142405 11.456888266666668 270.00000000000006 12.61197581666667 2.5000000000000004 0.96318879855465223 25.750000000000004 0.12254524451289951 44.050000000000004 0.11566332218506133 13.500000000000002 0.34330357142857149 15.500000000000002 0.23779761904761906 11.967131783333334 0.31383948928408578 57.050000000000004 11.092311158333336 10.346550850881643 0.2669211195928754 11.932213500000001 5.8332025000000014 11.237888300000002 39.650000000000013 8.5000000000000018 11.500000000000002 12.109626330292846 14.928330437491423 136.50000000000003 35.95000000000001 14.500000000000002 0.5674242424242425 -82.499999999999986 10.950394349348167 16.439285714285717 39.95000000000001 0.30860805860805868 56.350000000000001 172.50000000000003 37.750000000000007 13.191841419448473 46.95000000000001 0.28647416413373866
decision_type=2 2 2 8 2 2 2 10 10 8 2 2 10 10 8 10 2 10 2 10 2 10 2 2 10 10 8 10 8 2 8 2 10 2 8 10 2 8 10 2 10 2 10 2 2 10 10 2 10 2 10 2 10 8 10 8 8 2 10 8 8 10
left_child=3 7 4 21 9 6 26 -2 51 10 -3 13 39 -11 -7 20 17 -17 19 57 38 22 23 -1 25 -25 -5 30 -29 32 31 -20 -30 34 -4 -31 37 -28 53 41 -41 43 -43 45 -45 47 -47 48 50 -46 -12 52 -8 -16 55 -38 -39 58 -9 -55 -61 -44
right_child=1 2 33 5 -6 14 8 18 -10 11 12 -13 -14 -15 15 16 -18 -19 27 -21 -22 -23 -24 24 -26 -27 36 28 29 35 -32 -33 -34 -35 -36 -37 54 56 -40 40 -42 42 61 44 49 46 -48 -49 -50 -51 -52 -53 -54 59 -56 -57 -58 -59 -60 60 -62 -63
leaf_value=-1.0249853610156283 0.3189919799968699 2.6792946619334526 7.8118162878924879 -7.0341225708966766 -0.57678151900199637 -0.023690459487308149 0.28575740654656129 -0.37960648572330336 0.9518368762122098 -2.2834089406124449 1.6931898313729867 2.9429450916414481 3.3536149793414967 0.19506537364619581 0.17751657866297796 2.4496401414875395 -0.52038236889413636 -0.064107616130022929 0.026488050214077054 -0.66242316831532411 -0.74351382031272917 -0.24560754531250187 0.83503337307444303 -0.088115629350706742 0.57645200667074725 1.0288575317132829 -2.0626329323424453 -0.62599897377198377 0.13088125598946584 2.9544171763253284 -1.8351866751259616 -2.4031593006309095 -1.2275894245316252 4.0640629631278165 3.1341058240380164 -0.038478431217436264 -0.56073288205821936 -1.8553222272388787 -1.9035271242795884 2.2180560353396173 0.16289773910562105 -1.383396944833988 -0.096353096197604238 -0.42113949832181813 1.3966193824102875 3.3974790152639742 -0.1834298824539019 3.3310659309724673 -1.4681469139370122 0.050776501130572173 -0.26505535930038066 0.20326489039972212 -2.9048311339597399 -0.57340518943578389 -2.9830615355279062 -4.1647295653445582 0.67774895461989104 2.2407364793374533 2.1314297061838547 0.52377244555471569 -0.30093079329067751 3.2085066694569186
leaf_weight=29 242 96 72 20 84 407 37 22 24 35 48 26 52 28 37 70 31 53 48 56 130 54 28 200 125 24 36 34 20 37 41 28 30 29 75 27 24 148 63 64 51 77 26 93 94 56 20 52 35 186 25 32 58 33 41 25 30 20 26 27 204 24
leaf_count=29 242 96 72 20 84 407 37 22 24 35 48 26 52 28 37 70 31 53 48 56 130 54 28 200 125 24 36 34 20 37 41 28 30 29 75 27 24 148 63 64 51 77 26 93 94 56 20 52 35 186 25 32 58 33 41 25 30 20 26 27 204 24
internal_value=-0.000365331 0.00624053 0.0101632 -0.00693467 0.00759386 -0.0096732 -0.0161053 -0.00213946 -0.00430464 0.00909926 0.0104605 -0.00617978 0.00880399 -0.0166667 -0.00677725 -0.0101852 0.000649351 0.00772358 -0.00706941 0.00322581 -0.0135628 0.00217391 0.0044335 0.0021164 0.00444126 -0.000892857 -0.0216049 -0.0118868 -0.00472973 0.00175439 -0.0209402 -0.0118421 -0.018 0.0272727 0.0316327 0.0171875 -0.0197368 -0.0149533 -0.00989011 0.00757932 0.0186957 0.00584239 -0.00433071 0.00796388 0.00335121 0.0152542 0.0289474 0.00875 0.000925926 0.00785714 0.0116438 -0.00984252 -0.0163158 -0.00681063 -0.0311111 -0.0193878 -0.0101124 0.0176471 0.00833333 -0.0094697 -0.00670996 0.012
internal_weight=3969 1979 1348 1990 1172 1530 475 631 151 1088 999 89 903 63 1055 648 154 123 389 124 494 460 406 378 349 224 324 265 148 114 117 76 50 176 147 64 304 214 364 851 115 736 127 609 373 236 76 160 108 280 73 127 95 301 90 49 178 68 48 264 231 50
internal_count=3969 1979 1348 1990 1172 1530 475 631 151 1088 999 89 903 63 1055 648 154 123 389 124 494 460 406 378 349 224 324 265 148 114 117 76 50 176 147 64 304 214 364 851 115 736 127 609 373 236 76 160 108 280 73 127 95 301 90 49 178 68 48 264 231 50
is_linear=0
shrinkage=0.05


Tree=28
num_leaves=63
num_cat=0
split_feature=16 15 8 16 1 10 1 0 16 15 4 16 16 4 16 4 0 5 4 5 5 4 10 0 1 9 15 10 2 4 1 10 1 16 5 16 0 6 9 9 6 8 5 2 10 7 1 2 14 5 1 10 2 0 9 6 4 12 4 10 5 1
split_gain=55.0035 33.2097 20.3741 17.5023 11.126 19.1909 10.6395 9.42627 10.5638 10.5189 11.4031 9.06548 10.6982 8.8618 10.5609 11.8255 9.88891 9.85042 8.73071 8.64866 8.24951 7.66436 11.6684 7.59193 10.4496 8.57873 7.51696 7.7974 7.33752 7.29332 9.36296 11.2501 9.06633 6.88696 6.83062 6.74097 6.57698 6.57651 6.38601 8.55472 7.49315 7.0646 6.14446 6.62966 6.12524 9.93198 7.97437 6.10992 8.17932 6.09773 6.05797 7.16538 6.03068 5.9548 7.23969 6.31755 9.59596 8.87554 5.53813 5.4922 5.42815 11.6486
threshold=64.500000000000014 6.5000000000000009 7.9585863777407866 356.50000000000006 12.500000000000002 24.212628205128208 20.500000000000004 11.108811808333334 -78.499999999999986 6.5000000000000009 2055.5054830000004 -2.4999999999999996 38.500000000000007 7.9433180000000005 274.00000000000006 2.8864580000000006 10.697393500000002 47.800000000000004 6.1203630000000011 21.250000000000004 5.9500000000000011 15.835354000000001 11.358203524004088 10.237888300000002 9.5000000000000018 0.15688468158347679 3.5000000000000004 12.454925673973294 27.500000000000004 10.075762000000003 6.5000000000000009 14.364304600740352 4.5000000000000009 -148.99999999999997 7.6500000000000012 282.50000000000006 10.237888300000002 3.8189393939393947 0.23861283643892342 0.17883795309168446 20.40706521739131 10.535999326284776 1.9500000000000002 22.500000000000004 15.11252516537245 35.45000000000001 6.5000000000000009 47.500000000000007 150.00000000000003 27.550000000000004 15.500000000000002 15.578819646670551 27.500000000000004 13.958796241666667 0.94868421052631591 1.526904761904762 3.6022320000000003 8.2640128813974325 2.9433180000000005 13.922136273864387 1.0000000180025095e-35 12.500000000000002
decision_type=2 2 8 2 2 8 2 2 2 2 10 2 2 10 2 10 2 8 10 10 10 10 10 2 2 8 2 10 2 10 2 10 2 2 10 2 2 10 10 10 10 10 10 2 8 8 2 2 10 10 2 8 2 2 10 10 10 10 10 10 10 2
left_child=2 13 21 4 5 29 35 9 19 11 23 42 34 14 16 -16 36 26 38 28 -14 22 53 24 -11 -25 27 -15 -9 30 31 32 -3 -30 -13 37 -2 -6 39 40 -10 52 43 -4 -44 -46 -47 48 50 -27 51 -28 -40 54 55 -1 -57 -58 -41 -24 61 -18
right_child=1 3 7 -5 6 -7 -8 8 18 10 -12 12 20 17 15 -17 60 -19 -20 -21 -22 -23 59 25 -26 49 47 -29 33 -31 -32 -33 -34 -35 -36 -37 -38 -39 41 58 -42 -43 44 -45 45 46 -48 -49 -50 -51 -52 -53 -54 -55 -56 56 57 -59 -60 -61 -62 -63
leaf_value=-0.69363177086626693 0.21823222105180218 0.51693032674038975 0.35687582094164783 8.8789590296299377 5.958618814348938 -2.0835543706654098 -0.19424504185926017 0.24412395732680992 -1.541795357799179 -0.15194992397977902 -0.29554283817387095 0.57121381181234643 -1.168246849881712 -0.63406982865812256 0.089828458598307181 2.6403847461456538 -0.69751770706420313 -1.6904421653114348 -0.093747326319001761 -2.972811355110053 -0.28818429408797641 -0.41267786467069084 1.2400103991673372 -0.29905596477450391 1.8012108670406584 -0.083721824309059723 1.7790055062040011 -1.1576915454921561 -1.3491107832039315 -0.2741405925009307 1.2807709514639876 4.4129927136406231 -1.4742297888903211 -3.907059238772824 -0.019937461200241684 7.7817775143969303 -1.1144237736352476 1.8534975284408874 -1.6484065151819161 0.77997160123020925 -0.053465343679325233 -1.5283288570412383 -2.0658636234458698 -2.2019896112712338 0.82390349379963779 0.31145269621718968 -1.5854074195108805 -1.1058158135824834 -0.60437136671148262 0.61612149907134561 -0.37022229373842075 -0.22760640647153105 0.19107484936513264 -0.83893266688762624 0.37934054050269261 1.0408981288632533 0.27317561330341533 -3.2075552050255967 -1.2026372638459157 0.048033329273936914 0.54817424396036007 1.1286643686654843
leaf_weight=35 38 43 29 58 23 26 34 31 40 32 42 36 22 38 50 59 58 24 262 35 51 21 34 111 62 362 76 24 23 57 149 39 30 22 164 35 80 177 21 37 42 95 107 31 24 20 95 35 34 76 32 31 23 25 267 33 59 22 33 32 213 41
leaf_count=35 38 43 29 58 23 26 34 31 40 32 42 36 22 38 50 59 58 24 262 35 51 21 34 111 62 362 76 24 23 57 149 39 30 22 164 35 80 177 21 37 42 95 107 31 24 20 95 35 34 76 32 31 23 25 267 33 59 22 33 32 213 41
internal_value=-0.000681818 0.0068484 -0.00529316 0.0151267 0.0126427 0.00668605 0.0202602 -0.00767635 -0.0125 -0.00514241 -0.000948905 -0.0101036 -0.00347985 0.000180072 0.00398887 0.0178899 0.000465116 -0.00680272 -0.0096745 -0.0265766 -0.019863 0.00340909 0.00463511 0.000699844 0.0138298 -0.00154827 -0.00407407 -0.0193548 -0.0171053 0.0100629 0.0136015 0.00267857 -0.00890411 -0.03 0.0025 0.0240426 -0.0118644 0.0205 -0.0156357 -0.00855263 -0.0195122 -0.0233813 -0.0160131 -0.00166667 -0.0195122 -0.0125899 -0.0186957 0.000480769 0.00433526 0.00159817 0.00971223 0.0154206 -0.00681818 0.00170068 0.003125 -0.0057047 0 -0.00925926 0.00428571 0.0242424 0.00512821 -0.00454545
internal_weight=3960 1504 2456 671 613 344 269 1928 664 1264 685 579 273 833 539 109 430 294 553 111 73 528 507 643 94 549 270 62 76 318 261 112 73 45 200 235 118 200 291 152 82 139 306 60 246 139 115 208 173 438 139 107 44 441 416 149 114 81 70 66 312 99
internal_count=3960 1504 2456 671 613 344 269 1928 664 1264 685 579 273 833 539 109 430 294 553 111 73 528 507 643 94 549 270 62 76 318 261 112 73 45 200 235 118 200 291 152 82 139 306 60 246 139 115 208 173 438 139 107 44 441 416 149 114 81 70 66 312 99
is_linear=0
shrinkage=0.05


Tree=29
num_leaves=63
num_cat=0
split_feature=16 15 15 7 16 7 14 16 16 1 13 16 1 14 13 7 14 1 4 10 8 0 6 12 12 2 12 15 2 4 4 4 13 10 6 13 12 10 16 16 0 11 13 13 13 15 12 10 10 16 11 8 6 11 15 6 1 10 16 11 13 1
split_gain=54.5838 31.3993 19.2497 19.2415 17.876 16.9634 11.2079 10.3784 10.0625 12.3313 11.0924 9.52655 12.1289 8.21884 8.21792 7.64515 7.07045 6.98876 11.4001 10.5109 8.03848 7.7962 7.34532 6.97527 6.72625 8.21368 6.52371 6.42483 6.41771 6.23492 7.34458 6.07232 5.80779 11.1215 6.55511 6.60687 6.33232 5.9727 5.46619 7.16944 5.4442 10.5075 6.98195 6.49233 6.97615 8.99928 9.04671 12.9335 10.5179 10.4727 7.64052 7.21309 8.02778 7.77838 6.60222 9.52969 6.49593 6.27845 7.23594 6.01091 5.73717 6.81687
threshold=64.500000000000014 7.5000000000000009 3.5000000000000004 7.1500000000000012 336.50000000000006 52.050000000000004 330.00000000000006 244.50000000000003 -54.499999999999993 5.5000000000000009 0.12599206349206352 121.50000000000001 12.500000000000002 270.00000000000006 0.14909495077802479 3.0500000000000003 90.000000000000014 11.500000000000002 14.121639000000002 24.540545454545459 16.320975704632783 11.932213500000001 18.343713850837144 13.191841419448473 11.22652962822707 22.500000000000004 11.843440480920069 6.5000000000000009 22.500000000000004 2941.9243020000004 4070.4026725000003 4.9433180000000005 0.47114317425083246 11.279045718432512 24.855082191780827 0.22742946708463954 11.818071675577938 5.1780555555555567 76.500000000000014 86.500000000000014 11.328667200000002 63.300000000000004 0.20848321342925663 0.15958653400010311 0.17407773386034259 5.5000000000000009 13.650717002708397 8.9457019171304903 16.297902097902103 -24.499999999999996 28.050000000000004 11.456048803388184 20.038913043478264 39.850000000000001 6.5000000000000009 15.2613369467028 5.5000000000000009 1.6885093167701866 12.500000000000002 34.650000000000013 0.53093112244897978 10.500000000000002
decision_type=2 2 2 8 2 8 10 2 2 2 8 2 2 8 10 10 10 2 10 8 10 2 8 10 10 2 8 2 2 8 10 10 10 10 8 10 10 10 2 2 2 10 10 8 8 2 8 10 8 2 10 10 10 10 2 10 2 10 2 10 10 2
left_child=3 2 11 13 6 -6 17 32 9 26 -11 12 -2 15 27 -1 24 19 20 22 21 28 38 -18 25 -16 -5 -12 31 40 -31 -19 33 -3 35 -35 -37 -34 -4 -40 43 60 -43 56 -45 51 47 50 -48 -49 57 53 -53 59 55 -51 -10 -47 -59 -46 -42 -62
right_child=1 7 4 8 5 -7 -8 -9 29 10 14 -13 -14 -15 16 -17 23 18 -20 -21 -22 -23 -24 -25 -26 -27 -28 -29 -30 30 -32 -33 37 34 -36 36 -38 -39 39 -41 41 42 -44 44 45 46 48 49 -50 54 -52 52 -54 -55 -56 -57 -58 58 -60 -61 61 -63
leaf_value=0.37519279597085742 -0.58679016510482673 6.2507959403415221 -1.1028630161313118 -0.7703692475225461 7.6705268908649602 -1.1971922180695445 -1.1935760041537851 6.4912107544177005 -0.31830677071188435 -5.3254600936748986 -1.4348696961886032 -0.47402747647844851 1.0844131710235723 -0.1502550929133161 -0.28539798922474463 1.4633253353548072 -2.5095991697953535 -1.131365780091885 -0.30631107615124981 -1.875994441857052 3.2845116205710152 2.0630904325376611 1.7198006767443268 -0.39540127910054146 -1.5759571634978553 0.93250719943826754 1.4232164973880375 1.3724740987068342 1.2925919890122957 -0.44284650051052321 -0.2010619974384035 1.7314128349187905 2.5253623018375828 3.8622781324654945 -0.21917011683299403 -0.48807779248017502 1.6151346784118035 -0.93673301520666863 1.2436667926028973 0.029922612390336313 -0.61231088641399922 -0.0045243680216234599 1.0291366576726819 0.2101326143396266 -0.01603109914381683 -0.244952194177041 -1.4882187878051272 -0.37844085308517317 -0.11504461116391358 0.20031422804589383 -1.2668113966173657 -3.1608090225701346 -0.23707742013252134 0.50741796241017456 1.0092453174939624 -1.4593822412908783 -0.045745597980423928 0.82726577123237455 -0.67302559499533532 -2.4747776579077554 -1.2164403034632709 0.79083286114248574
leaf_weight=203 34 27 44 21 81 20 32 74 53 27 22 140 29 80 36 38 182 53 32 36 55 61 54 51 88 39 22 26 164 28 25 44 29 26 26 24 70 20 24 311 399 65 22 40 53 23 34 63 199 39 49 48 24 29 183 23 135 23 27 20 22 21
leaf_count=203 34 27 44 21 81 20 32 74 53 27 22 140 29 80 36 38 182 53 32 36 55 61 54 51 88 39 22 26 164 28 25 44 29 26 26 24 70 20 24 311 399 65 22 40 53 23 34 63 199 39 49 48 24 29 183 23 135 23 27 20 22 21
internal_value=-0.000475952 0.00701987 0.00345964 -0.00503626 0.00628091 0.0262376 0.00406593 0.0216216 -0.00673299 -0.0128405 -0.0151805 -0.0105911 0.00555556 0.00638629 -0.0132883 0.0109959 -0.0156566 0.00512528 0.0099022 0.000959488 0.0123342 0.00931677 0.00311778 -0.0212446 -0.00766871 0.00333333 0.0127907 0.00625 0.00555556 -0.00482696 -0.0216981 -0.00463918 0.0162162 0.0205202 0.0150685 0.02 0.0138298 0.00102041 0.000659631 0.00283582 -0.004266 -0.0084121 0.00747126 -0.00220657 -0.000399088 -0.00137395 0.00128205 0.0055814 -0.00665236 0.011039 -0.00819672 -0.0114943 -0.0236111 -0.00294118 0.0157143 0.0016129 -0.0106383 0.00205479 0.012 -0.0116438 -0.0115385 0.00581395
internal_weight=3992 1510 1214 2482 1011 101 910 296 2161 514 471 203 63 321 444 241 396 878 409 469 377 322 433 233 163 75 43 48 261 1647 53 97 222 173 146 120 94 49 379 335 1594 529 87 1065 877 837 663 430 233 308 122 174 72 102 245 62 188 73 50 73 442 43
internal_count=3992 1510 1214 2482 1011 101 910 296 2161 514 471 203 63 321 444 241 396 878 409 469 377 322 433 233 163 75 43 48 261 1647 53 97 222 173 146 120 94 49 379 335 1594 529 87 1065 877 837 663 430 233 308 122 174 72 102 245 62 188 73 50 73 442 43
is_linear=0
shrinkage=0.05


Tree=30
num_leaves=63
num_cat=0
split_feature=16 15 16 15 6 13 1 1 13 15 16 4 1 6 7 1 12 0 8 12 14 11 9 7 9 7 11 13 1 12 16 16 11 12 13 0 15 12 13 6 7 9 11 1 12 16 11 1 15 4 1 9 9 9 1 1 11 11 6 4 13 4
split_gain=46.8415 25.608 24.0065 13.9507 12.2726 12.5704 12.0607 17.8848 13.1328 13.6262 11.0054 10.1543 9.98148 9.59555 8.96296 8.81574 15.1077 8.70148 8.60905 12.793 9.90944 8.91879 10.6115 8.59663 8.32406 8.0975 14.071 8.14821 8.03373 8 7.98592 7.6826 7.52782 12.1286 10.2085 7.26431 8.78362 7.17266 8.09037 7.05333 7.05195 7.02639 8.67857 6.88556 6.87755 10.1114 8.01723 9.36528 7.66229 6.79488 7.1551 7.04165 6.51696 9.47211 9.04176 12.9999 9.18849 11.689 9.24547 8.00476 7.87449 8.87223
threshold=253.50000000000003 3.5000000000000004 -4.4999999999999991 8.5000000000000018 28.844652406417122 0.31383948928408578 20.500000000000004 12.500000000000002 0.92770034843205595 4.5000000000000009 -234.49999999999997 7.9433180000000005 18.500000000000004 21.629824561403513 28.050000000000004 14.500000000000002 15.011875730956449 10.374214716666669 11.366551064612095 16.694700095647899 90.000000000000014 38.250000000000007 0.20864427860696519 49.050000000000004 0.042572463768115944 37.45000000000001 32.95000000000001 0.18530782438067209 17.500000000000004 12.223104383154768 48.500000000000007 -2.4999999999999996 53.250000000000007 14.894802993488511 0.25463121783876502 10.237888300000002 6.5000000000000009 11.32472959938743 0.32672684458398749 17.927083333333339 8.1000000000000014 0.3551971326164875 60.350000000000001 8.5000000000000018 9.4401398005347943 -9.4999999999999982 36.45000000000001 6.5000000000000009 7.5000000000000009 11.943318000000001 14.500000000000002 0.29805897723030988 0.14400921658986179 0.083835341365461849 10.500000000000002 11.500000000000002 39.350000000000001 33.95000000000001 17.654700854700859 3.6022320000000003 0.60749299719887961 1.1185900000000002
decision_type=2 2 2 2 8 10 2 2 10 2 2 10 2 10 10 2 8 2 10 10 10 10 8 8 8 10 10 10 2 10 2 2 10 10 10 2 2 10 10 8 10 10 10 2 8 2 8 2 2 10 2 10 8 10 2 2 10 8 10 10 10 10
left_child=2 11 3 10 5 -3 7 24 9 13 -1 -2 14 40 -7 -11 23 -8 20 49 21 -12 -23 25 -4 26 28 -28 -17 -16 -19 -26 33 35 -34 36 -33 -27 -39 -5 -9 -36 -43 -21 -22 46 -46 -48 -49 50 -20 -52 53 -37 56 59 57 60 -58 -56 -54 -62
right_child=1 4 6 39 -6 12 17 8 -10 15 18 -13 -14 -15 29 16 -18 30 19 43 44 22 -24 -25 31 37 27 -29 -30 -31 -32 32 34 -35 41 52 -38 38 -40 -41 -42 42 -44 -45 45 -47 47 48 -50 -51 51 -53 54 -55 55 -57 58 -59 -60 -61 61 -63
leaf_value=1.8554576706857659 0.32991529759614374 6.4944005239163136 -0.18106322842699904 1.6876007469967655 -0.88989500008077871 0.65722507446221679 0.25245601434688381 0.10169289708797483 1.7090441755474459 0.45622187635120093 -0.15511996898936237 -0.87561375448673684 -0.5606626363710131 0.39923880106638321 5.1415099053518309 -1.2788081487362075 0.88495411066198537 -0.27501346570698176 -2.5381478089584015 2.7363062100734705 -0.24937580738498299 -0.20512667187747216 1.1776594239087272 0.56068001475922802 1.0431851950616811 -1.8519759251419581 -0.227211738642351 1.7942433018565276 2.2287325892126275 2.9326533037321378 -0.029648963169285916 -0.2837907907858721 -0.27980614400101533 -1.5260146794733378 1.3053680875701155 -0.71940779923398201 1.8311348652082757 -1.0338293547664876 4.0451230322838203 -0.17737588161268403 -0.98256139601884129 -0.57473047250510412 4.2513255115578419 -0.17041924148673523 -2.6245952723558705 -1.4211653071634753 0.58700721257907262 -1.3575918359360768 0.46478582118273615 -0.1546881443537225 -1.2409301986161003 0.63416059500308386 0.67902980658500633 1.4103821769203044 -0.4943597946650824 0.079405684358581224 0.91438546520326303 -0.38002237572400832 -0.29688967618744028 -1.079768146241836 -1.5065981426282056 -0.041839115419110319
leaf_weight=26 37 119 52 50 23 36 27 29 73 218 208 29 24 21 36 57 96 123 207 29 182 33 38 31 20 21 20 64 32 36 80 41 111 43 73 21 39 68 20 30 73 27 21 46 48 26 24 120 28 40 82 24 109 49 24 62 201 173 41 60 22 138
leaf_count=26 37 119 52 50 23 36 27 29 73 218 208 29 24 21 36 57 96 123 207 29 182 33 38 31 20 21 20 64 32 36 80 41 111 43 73 21 39 68 20 30 73 27 21 46 48 26 24 120 28 40 82 24 109 49 24 62 201 173 41 60 22 138
internal_value=-0.000391315 0.0173529 -0.00205744 -0.00769541 0.0240876 0.0272908 0.000882353 0.00204651 0.00783718 0.00586667 -0.00908699 -0.0106061 0.0166667 -0.00934959 0.0231481 0.00885167 0.00452323 -0.01 -0.00982379 -0.0154206 -0.00643564 0.000896057 0.0161972 -0.000798722 -0.00154484 -0.0035461 0.00317919 0.0178571 -0.0106742 0.0333333 -0.0135468 -0.000745098 -0.00123506 -0.00307918 0.00689655 -0.00193878 0.0125 -0.0142202 -0.00795455 0.0125 -0.0156863 0.0169421 0.00208333 0.00333333 -0.011215 -0.0166667 -0.0131818 -0.00813953 -0.0128378 -0.0194051 -0.021885 -0.0113208 -0.00322222 0.0114286 -0.00445783 -0.0157534 -0.00204678 -0.00633484 0.00578512 -0.0285714 0.000185874 -0.006875
internal_weight=3961 340 3621 1241 274 251 2380 2150 823 750 1161 66 132 123 108 627 409 230 1135 428 707 279 71 313 1327 282 173 84 89 72 203 1275 1255 1023 232 980 80 109 88 80 102 121 48 75 428 246 220 172 148 353 313 106 900 70 830 146 684 442 242 84 269 160
internal_count=3961 340 3621 1241 274 251 2380 2150 823 750 1161 66 132 123 108 627 409 230 1135 428 707 279 71 313 1327 282 173 84 89 72 203 1275 1255 1023 232 980 80 109 88 80 102 121 48 75 428 246 220 172 148 353 313 106 900 70 830 146 684 442 242 84 269 160
is_linear=0
shrinkage=0.05


Tree=31
num_leaves=63
num_cat=0
split_feature=16 7 16 15 7 13 1 13 1 9 1 1 1 12 8 15 16 8 11 9 13 5 5 16 5 15 12 11 4 10 8 7 8 1 16 16 12 9 7 15 2 1 14 7 8 10 13 16 10 10 8 11 7 15 4 11 5 16 4 1 7 1
split_gain=38.1781 21.7811 19.9888 19.2854 18.1097 16.9917 13.7098 10.7695 10.1161 9.75941 9.63238 11.6281 9.60831 11.603 9.4686 9.4371 9.90023 9.21799 8.91289 8.75744 8.27003 8.0867 10.3114 11.6644 8.05926 7.86273 7.81467 8.97446 10.3006 12.3264 8.89069 14.6112 8.73247 7.72995 7.08966 8.15052 6.99905 6.97997 7.17784 6.87741 6.82646 8.87823 6.75463 6.62205 6.92263 6.64516 6.46003 6.20982 7.33312 14.4343 11.2877 9.38463 8.24819 7.33851 7.0743 6.48505 6.48341 6.32214 7.13156 6.18384 7.08925 12.013
threshold=26.500000000000004 26.850000000000005 253.50000000000003 3.5000000000000004 56.050000000000004 0.31605800214822777 12.500000000000002 0.37791327913279138 18.500000000000004 0.60990338164251223 13.500000000000002 8.5000000000000018 4.5000000000000009 0.81593330139562104 11.644704534615608 6.5000000000000009 167.50000000000003 16.079603713225755 42.650000000000013 0.31287650602409645 0.29561459667093476 105.05000000000001 21.050000000000004 -32.499999999999993 7.0500000000000007 7.5000000000000009 15.091931081798029 43.95000000000001 13.165074000000002 16.357255747126441 8.3918189291023069 24.850000000000005 12.006241950673873 15.500000000000002 -206.49999999999997 -141.49999999999997 26.525196262449676 0.39339826839826847 25.950000000000003 7.5000000000000009 47.500000000000007 2.5000000000000004 90.000000000000014 53.550000000000004 14.983452898816823 25.774372759856632 0.2007194244604317 16.500000000000004 11.727766798418974 15.995138888888892 13.882500645492572 45.95000000000001 29.350000000000005 7.5000000000000009 3.9433180000000005 41.050000000000004 0.95000000000000007 -23.499999999999996 4.8354865000000009 3.5000000000000004 48.050000000000004 15.500000000000002
decision_type=2 8 2 2 10 8 2 8 2 10 2 2 2 8 8 2 2 10 10 8 10 8 10 2 10 2 8 10 10 10 10 10 10 2 2 2 10 10 10 2 2 2 10 8 10 8 8 2 8 8 8 8 8 2 10 10 10 2 10 2 8 2
left_child=1 10 6 14 5 -5 12 15 37 21 11 40 19 -14 -4 16 17 18 20 39 46 22 34 42 -18 -21 27 28 29 30 31 -15 -29 -12 -3 -36 -25 -7 -39 -2 41 -1 -24 44 -28 -45 -8 48 52 50 53 -51 -37 56 -49 -55 -50 58 -54 -53 -61 -62
right_child=2 9 3 4 -6 8 7 -9 -10 -11 33 -13 13 26 -16 -17 24 -19 -20 25 -22 -23 23 36 -26 -27 43 32 -30 -31 -32 -33 -34 -35 35 47 -38 38 -40 -41 -42 -43 -44 45 -46 -47 -48 54 49 51 -52 59 57 55 -56 -57 -58 -59 -60 60 61 -63
leaf_value=-0.73152716605549983 -0.26970806814793491 1.4291096146624547 0.31341953271633649 6.5648127784717563 -0.84540025007674025 2.0800847866069341 -0.18778496526652455 1.1993805806839106 -0.53262950455246261 -2.6658162271401693 -0.8491634086317017 0.81632388858482585 -2.4726181200149129 -0.301930617781965 -1.1457045935582415 0.77827260040332191 1.8603799565314867 3.28662039916065 -1.0226218440758961 2.3131236112973905 -1.8329497984737178 0.14094677349419113 -1.2777213523884621 -0.17326793845367627 -0.087345147609711668 -0.0094877542722411334 -0.2261714057799612 1.9726334615982315 1.7645760541982582 3.092640232492228 -0.56077744996694889 2.8433461861965017 0.032744012907928166 0.055080012517685198 -2.9340885244781814 -0.42303331931500665 -0.093307248114115893 3.3332830708841699 3.8588183874489488 1.8554281892687463 -0.73115504894582273 0.32243080358236365 -2.2795131141849629 0.33757715254984 -0.88642950260591824 -1.0978722412098396 1.2725572343492939 0.0061537311569884959 0.36016906928962178 0.46429419471473027 -1.7133927257381931 -0.32539650343193016 0.36856978979186439 0.85187779443827416 -1.8506862961397865 -0.67859513623841883 -1.2228300959346168 1.3807812192234696 -0.69295150785428139 -0.48693511679438795 0.23104658866146366 -0.54573099703406658
leaf_weight=29 81 20 45 109 31 38 20 261 36 22 50 133 31 86 24 209 20 21 67 55 31 22 86 363 34 25 32 55 38 21 241 27 99 104 62 22 28 26 41 30 35 123 104 52 29 42 37 27 34 87 28 25 21 38 42 23 169 41 29 68 103 52
leaf_count=29 81 20 45 109 31 38 20 261 36 22 50 133 31 86 24 209 20 21 67 55 31 22 86 363 34 25 32 55 38 21 241 27 99 104 62 22 28 26 41 30 35 123 104 52 29 42 37 27 34 87 28 25 21 38 42 23 169 41 29 68 103 52
internal_value=-2.51004e-05 -0.00492462 0.00486459 0.0157143 0.0215302 0.026 0.00255474 0.00785714 0.014539 -0.0078496 0.00443038 0.009375 -0.00137712 -0.00391766 -0.00797101 0.00307517 -0.00391304 -0.00965909 -0.013871 0.00863874 -0.00340909 -0.00736278 -0.0078125 -0.0129948 0.0148148 0.02125 -0.00263158 8.81834e-05 -0.00375303 -0.00626667 -0.00847458 0.00309735 0.0103896 -0.00584416 -0.00443322 -0.00510907 -0.00805627 0.022381 0.0320896 -0.00045045 0.0013369 0.00592105 -0.0231579 -0.0125806 -0.0254098 -0.00425532 0.00789474 -0.00377009 -0.00243243 -0.00454545 -0.0126712 0.00253731 0.00929204 -0.0094697 -0.0181159 0.0057377 -0.0140394 0.0159341 0.004 -0.00241935 0.000224215 0.00612903
internal_weight=3984 1990 1994 350 281 250 1644 700 141 1516 474 320 944 753 69 439 230 176 155 191 88 1494 1472 581 54 80 722 567 413 375 354 113 154 154 891 871 391 105 67 111 187 152 190 155 61 94 57 809 740 627 292 335 113 264 69 61 203 91 50 248 223 155
internal_count=3984 1990 1994 350 281 250 1644 700 141 1516 474 320 944 753 69 439 230 176 155 191 88 1494 1472 581 54 80 722 567 413 375 354 113 154 154 891 871 391 105 67 111 187 152 190 155 61 94 57 809 740 627 292 335 113 264 69 61 203 91 50 248 223 155
is_linear=0
shrinkage=0.05


Tree=32
num_leaves=63
num_cat=0
split_feature=16 16 15 7 5 14 8 9 14 12 8 4 16 15 10 6 10 10 11 8 11 15 1 4 4 15 15 10 2 7 16 4 1 11 12 11 12 1 6 1 2 5 6 5 12 16 1 11 1 10 2 1 1 16 12 1 9 1 9 4 16 10
split_gain=29.125 19.4305 20.5664 18.7273 14.3383 14.2307 14.0873 12.4786 10.1625 10.6403 9.71645 9.56167 8.87669 8.74445 11.6101 8.67889 12.6568 8.5444 7.58784 9.5291 7.54848 7.34748 7.12248 6.74526 7.70762 6.71801 6.55461 6.39772 8.23129 6.75032 6.09524 5.96581 7.8438 13.2063 9.92271 8.21786 9.14108 7.96668 12.8285 16.4976 7.68154 7.47326 7.40629 6.42268 5.95238 6.25 5.8598 11.159 10.4259 9.34356 6.89635 5.81689 5.6613 11.1239 10.7572 9.31086 8.84693 6.70157 9.31874 6.14142 5.99376 5.56608
threshold=-19.499999999999996 253.50000000000003 3.5000000000000004 56.050000000000004 20.850000000000005 1.0000000180025095e-35 8.3918189291023069 0.58198924731182811 330.00000000000006 31.493757020940841 11.267492415027705 11.118590000000003 76.500000000000014 6.5000000000000009 0.64957142857142858 14.842222222222224 15.11252516537245 18.38206208425721 36.250000000000007 11.132188299043452 56.050000000000004 6.5000000000000009 12.500000000000002 0.07576200000000001 0.72670100000000015 6.5000000000000009 8.5000000000000018 12.807636363636366 27.500000000000004 3.7500000000000004 314.50000000000006 2941.9243020000004 6.5000000000000009 55.850000000000001 14.24967131670765 30.350000000000005 13.320157705500504 20.500000000000004 20.18882575757576 9.5000000000000018 42.500000000000007 18.650000000000002 15.996428571428574 0.95000000000000007 9.5180933873210627 76.500000000000014 13.500000000000002 49.250000000000007 19.500000000000004 14.480536659108088 22.500000000000004 6.5000000000000009 11.500000000000002 121.50000000000001 7.2808736182113778 9.5000000000000018 0.82971014492753636 17.500000000000004 0.16774891774891779 9.8864580000000011 51.500000000000007 21.648758865248229
decision_type=2 2 2 10 10 10 8 8 10 10 8 10 2 2 10 10 10 10 8 8 10 2 2 10 10 2 2 10 2 8 2 10 2 10 8 8 10 2 8 2 2 10 10 10 10 2 2 10 2 8 2 2 2 2 10 2 10 2 8 10 2 10
left_child=4 6 10 7 5 -1 52 11 9 12 30 -4 23 15 -15 16 22 -16 -6 25 44 -9 27 -8 -25 -20 -14 28 29 -7 -3 32 33 34 43 -34 46 38 42 -40 41 -41 -38 -26 -10 -46 -37 48 49 -48 -50 -21 53 54 55 -2 57 58 -54 -58 -60 -19
right_child=1 2 3 -5 18 13 8 21 20 -11 -12 -13 26 14 17 -17 -18 61 19 51 -22 -23 -24 24 31 -27 -28 -29 -30 -31 -32 -33 35 -35 -36 36 37 -39 39 40 -42 -43 -44 -45 45 -47 47 -49 50 -51 -52 -53 56 -55 -56 -57 59 -59 60 -61 -62 -63
leaf_value=1.3594660591292307 0.11252213604704196 1.3072723718607369 5.1834759943521771 -1.1126330040248795 -1.9192538827441048 -0.074338173748785957 0.23272120451911271 -0.87551288314471809 -0.026537925994569101 -0.16510866457017143 -1.0884193638803292 2.0390940639924944 0.1843052656973205 1.2374747619701516 -0.43002644304387111 -2.1637852645991207 0.93063009889862414 1.4154487092419572 -0.62663089720600185 0.54199174435735564 0.20660951338558053 4.7134796677029263 -1.3461434059337301 -0.65397890999528174 1.1028001229251263 0.80077200808436155 2.7418682343819558 -3.1564866015977677 -0.45355890516963965 0.91858891337401227 -0.42391606796520098 -0.24924073197131211 -1.6935172802693188 1.2265373029774218 -0.49481866295844362 0.23561577855936555 0.037180877921009881 -0.62811467662116671 -1.2040504379421906 2.1881388241499273 0.39221425401554844 -0.009461627280599634 -1.456378295004515 -0.93886662491053219 -1.1956924808806491 -0.97227610483751514 0.17451645869418525 0.4796049481715956 -0.24223998805085054 -0.50939039216765003 0.45981091134548735 -1.7651163645670083 0.078109366259318247 -0.53422346589343295 1.3767260784177888 -1.9039378323802794 0.9717059315966623 1.5189485970392385 -0.81343325504786967 1.7370158260480295 -0.35917857389015212 -0.045041996518357642
leaf_weight=24 171 21 163 29 45 20 44 23 20 39 24 30 697 35 254 73 30 32 40 20 22 26 122 35 21 23 30 22 56 29 21 45 42 35 43 191 46 39 36 21 23 39 60 161 32 32 62 21 34 91 52 152 21 61 94 32 113 48 32 35 55 22
leaf_count=24 171 21 163 29 45 20 44 23 20 39 24 30 697 35 254 73 30 32 40 20 22 26 122 35 21 23 30 22 56 29 21 45 42 35 43 191 46 39 36 21 23 39 60 161 32 32 62 21 34 91 52 152 21 61 94 32 113 48 32 35 55 22
internal_value=-0.000860135 0.00159363 0.012908 0.0190037 -0.00825826 -0.00452017 0.000168224 0.0235537 -0.00191257 -0.00107499 -0.0121212 0.0292746 -0.000535332 -0.00582734 -0.000145773 -0.0113636 -0.00734767 -0.00324675 -0.0178571 -0.0142553 -0.0169811 0.00102041 -0.0110442 -0.00328659 -0.00405652 0.00238095 0.00378267 -0.00275591 0.00238095 0.0173469 0.00238095 -0.00329567 -0.00250737 -0.01 -0.0144444 6.60502e-05 0.00132867 -0.00606061 -0.00244444 0.00882353 0.0210843 0.0116667 -0.0150943 -0.00934066 -0.0238095 -0.03125 0.0056541 0.000769231 -0.00230126 -0.0101307 0.0116279 -0.0203488 0.00649547 0.00223464 0.00622896 -0.000246305 0.0115132 0.00320513 -0.0037037 0.0202703 -0.0109195 0.0148148
internal_weight=4011 3012 337 271 999 719 2675 242 2013 1907 66 193 1868 695 343 352 279 308 280 235 106 49 249 1141 1097 63 727 127 105 49 42 1062 1017 260 225 757 715 264 225 119 83 60 106 182 84 64 451 260 239 153 86 172 662 358 297 203 304 156 108 148 87 54
internal_count=4011 3012 337 271 999 719 2675 242 2013 1907 66 193 1868 695 343 352 279 308 280 235 106 49 249 1141 1097 63 727 127 105 49 42 1062 1017 260 225 757 715 264 225 119 83 60 106 182 84 64 451 260 239 153 86 172 662 358 297 203 304 156 108 148 87 54
is_linear=0
shrinkage=0.05


Tree=33
num_leaves=63
num_cat=0
split_feature=16 16 8 14 15 7 15 4 9 4 1 13 12 1 15 14 4 1 11 13 4 9 1 10 15 6 13 1 15 9 16 12 12 1 12 11 7 8 9 8 7 1 8 13 11 1 11 9 0 8 8 16 15 8 11 16 10 9 15 1 16 4
split_gain=29.9565 17.6047 19.5959 17.2417 16.843 16.6682 12.181 12.0089 10.8221 10.526 10.2695 19.7086 9.64392 8.27515 9.94034 9.1159 8.30769 7.96001 10.4369 13.6185 8.57211 6.93096 6.92885 13.6634 6.91929 6.89473 10.0825 7.2779 6.42186 9.20804 7.1988 6.4185 7.99049 7.39461 17.8524 13.5176 7.05333 7.04162 6.93464 6.3893 6.18545 6.00533 7.63139 5.99744 7.9655 8.61038 5.93255 8.12856 6.93217 5.89301 5.87247 5.81818 5.79317 8.25401 5.56284 7.67493 8.66562 5.53549 6.45377 7.6455 7.82397 5.52416
threshold=253.50000000000003 -20.499999999999996 11.333908997188308 90.000000000000014 7.5000000000000009 55.350000000000001 3.5000000000000004 1397.6372360000003 0.59175084175084181 11.118590000000003 11.500000000000002 0.54366895499618628 10.954543209186804 10.500000000000002 6.5000000000000009 150.00000000000003 7.8864580000000011 14.500000000000002 34.45000000000001 0.37573529411764711 14.726701000000002 0.19890109890109894 8.5000000000000018 17.269304556354921 6.5000000000000009 16.313172413793108 0.26239754098360663 2.5000000000000004 6.5000000000000009 0.15470085470085473 146.50000000000003 9.6402081128751416 10.82353627749781 21.500000000000004 15.091931081798029 51.050000000000004 37.050000000000004 13.926382932835129 0.16568627450980394 8.1778062716931803 45.95000000000001 12.500000000000002 12.232992811678708 0.53504749426793319 34.45000000000001 6.5000000000000009 38.250000000000007 0.21089696071163827 10.857762616666669 9.3062534883139723 11.623567721930774 -62.499999999999993 7.5000000000000009 13.691226425493275 35.050000000000004 183.50000000000003 13.406086419753086 0.43804824561403516 6.5000000000000009 19.500000000000004 38.500000000000007 3.7657680000000004
decision_type=2 2 10 10 2 8 2 8 10 10 2 8 10 2 2 8 10 2 10 10 10 10 2 10 2 10 8 2 2 10 2 10 10 2 10 10 10 10 10 10 10 2 10 8 10 2 10 10 2 8 10 2 2 10 10 2 10 8 2 2 2 10
left_child=1 2 3 46 5 6 12 10 9 -8 13 17 -2 15 21 25 -16 20 39 31 28 -15 23 -4 -9 26 -3 -27 29 50 -30 -20 36 34 37 -35 -33 40 -36 -19 -34 -24 -43 44 -5 -46 48 -48 49 -1 -12 -51 -29 -54 -31 56 -56 -13 -59 60 -60 -41
right_child=4 7 22 43 -6 -7 8 24 -10 -11 11 57 -14 14 16 -17 -18 18 19 -21 -22 -23 41 -25 -26 27 -28 52 30 54 -32 32 33 35 38 -37 -38 -39 -40 61 -42 42 -44 -45 45 -47 47 -49 -50 51 -52 -53 53 -55 55 -57 -58 58 59 -61 -62 -63
leaf_value=-0.51646800187276887 0.34286687415197487 0.75388682766397286 -1.5922458009372225 -1.6622513566942159 5.7009928601920317 -1.0570013538236354 3.2782498548965395 -0.0034907288549306695 -0.40077546189624375 -0.85053911683217087 0.074203897946352335 3.2287758490559781 -1.5732770129791143 -0.027600211660135113 0.25435198517917756 -0.313001822201805 -0.62096718464330558 0.0087790265186491693 1.5101714113040301 2.4912466747963493 -0.34296498578998258 -1.6009510561843012 -3.5546432420021832 0.99651148899499553 -0.22158301269374636 -0.91672250736829275 0.10689602924468994 -0.1734551299933223 1.6540445447046637 0.42411445761990629 -0.052763699249150878 -0.52725991761374302 -0.29592544002910603 0.92027990010548288 0.0053052512255866106 -0.7812000471983096 -1.8382756950800081 -1.2685841079487401 2.6240620864271729 -0.35181660479182403 0.28759247054762865 -2.6348572644785122 -0.54814721323122295 -0.027420437306465307 0.65473695680125499 -1.4331398947883809 0.05612785726281893 1.1275491749118438 0.6391410294474954 1.7110584309214312 1.061584967147555 -1.0225554663927341 1.9599483910887749 -0.21360266353104029 -2.282289295263459 1.5118549472397476 -0.015500877796806556 0.88952038071471906 -0.46120672037731297 -0.51810961643044529 3.0386778285527658 -1.7844804222530586
leaf_weight=60 38 134 48 56 70 37 131 55 29 23 21 22 20 20 52 267 26 34 23 44 31 57 117 46 74 28 497 203 93 38 21 30 140 22 45 36 20 56 66 28 25 54 121 136 21 130 32 34 82 22 20 22 22 34 37 21 65 151 20 30 34 33
leaf_count=60 38 134 48 56 70 37 131 55 29 23 21 22 20 20 52 267 26 34 23 44 31 57 117 46 74 28 497 203 93 38 21 30 140 22 45 36 20 56 66 28 25 54 121 136 21 130 32 34 82 22 20 22 22 34 37 21 65 151 20 30 34 33
internal_value=-0.000224775 -0.00155908 -0.00728848 -0.00159664 0.0137931 0.00827338 0.0130705 0.000542056 0.0193989 0.0246753 0.00129615 0.00464345 -0.00689655 -0.00171642 -0.0125806 -0.000295359 0 0.00131718 -0.00215947 0.000690335 0.0073487 -0.0253247 -0.0160622 -0.00425532 -0.0143411 0.00206972 0.00499208 -0.0043554 0.00981013 0.00445545 0.0192982 -0.00183585 -0.00318182 -0.000769231 0.00210843 -0.0172414 -0.022 -0.0061086 0.0184685 -0.0173684 -0.000909091 -0.019863 -0.014 -0.00889213 -0.0142512 -0.00827815 0.00833333 0.0212121 0.00376344 -0.00480769 0.0256098 0.00909091 -0.00173745 0.0125 -0.000931677 -0.00609756 -0.0117647 0.0169261 0.0146809 0.00357143 0.0148148 -0.0270492
internal_weight=4004 3656 981 595 348 278 241 2675 183 154 2546 1206 58 1340 155 1185 78 949 602 507 347 77 386 94 129 918 631 287 316 202 114 463 440 390 332 58 50 221 111 95 165 292 175 343 207 151 252 66 186 104 41 44 259 56 161 123 102 257 235 84 54 61
internal_count=4004 3656 981 595 348 278 241 2675 183 154 2546 1206 58 1340 155 1185 78 949 602 507 347 77 386 94 129 918 631 287 316 202 114 463 440 390 332 58 50 221 111 95 165 292 175 343 207 151 252 66 186 104 41 44 259 56 161 123 102 257 235 84 54 61
is_linear=0
shrinkage=0.05


Tree=34
num_leaves=63
num_cat=0
split_feature=16 5 16 14 15 1 15 13 1 16 6 10 16 9 11 9 2 13 11 13 1 12 8 16 13 1 11 16 16 1 14 9 0 15 16 16 9 8 0 10 13 5 13 10 0 10 13 5 6 1 1 12 8 1 16 2 13 16 15 5 0 8
split_gain=28.0573 14.9976 14.6253 14.3232 14.2839 11.5516 11.1356 16.7969 16.1863 11.0375 11.4689 10.8534 10.4551 10.1896 10.0622 10.0571 9.18906 8.44898 7.80138 7.38678 7.00594 6.41813 12.768 10.3225 9.5561 10.2603 8.13675 6.22904 6.22222 5.9581 6.38889 5.80202 6.71658 5.77053 8.38881 6.70476 5.69412 5.84022 5.65558 7.62222 7.49769 6.10179 6.52524 5.74644 10.3119 7.56001 7.28024 10.9082 5.67967 8.47507 5.59549 20.4831 12.6484 11.8379 7.47608 9.17802 6.77289 10.3704 8.10438 8.33838 5.50538 6.44575
threshold=26.500000000000004 21.050000000000004 372.50000000000006 1.0000000180025095e-35 5.5000000000000009 12.500000000000002 6.5000000000000009 0.19657494145199064 19.500000000000004 112.50000000000001 18.422413793103452 25.506120689655173 -32.499999999999993 0.16035714285714289 7.1500000000000012 0.41004623791509043 27.500000000000004 0.90098039215686287 41.050000000000004 0.17001204335608192 4.5000000000000009 16.275363871625512 11.644704534615608 178.50000000000003 0.27042925278219404 13.500000000000002 18.100000000000005 150.50000000000003 144.50000000000003 15.500000000000002 90.000000000000014 0.62033462033462039 10.932213500000001 2.5000000000000004 -18.499999999999996 -56.499999999999993 0.12579113924050636 15.592383408184316 11.417885925000002 17.599356060606066 0.61620294599018022 10.050000000000002 0.36434624697336565 11.727766798418974 10.237888300000002 10.548863636363638 0.2669211195928754 6.0500000000000007 12.043173758865249 10.500000000000002 6.5000000000000009 10.687169791256084 13.978543543594094 7.5000000000000009 164.50000000000003 27.500000000000004 0.37987341772151906 188.50000000000003 6.5000000000000009 16.150000000000002 11.950360425000001 12.177315912783026
decision_type=2 8 2 8 2 2 2 10 2 2 10 8 2 10 8 10 2 10 8 10 2 10 10 2 10 2 10 2 2 2 10 10 2 2 2 2 8 10 2 10 10 10 8 8 2 10 10 10 10 2 2 10 10 2 2 2 10 2 2 10 2 8
left_child=1 3 5 -1 -4 11 7 -7 9 10 18 13 -3 16 33 36 -2 38 -8 -15 31 22 24 -24 -9 -26 28 -13 -27 -28 -31 32 -21 34 35 -5 -10 -38 43 40 41 42 -40 44 -16 -46 -45 48 -48 -50 51 -22 -53 54 55 -52 57 -55 59 -58 -43 -62
right_child=2 12 4 14 -6 6 8 21 15 -11 -12 27 -14 19 17 -17 -18 -19 -20 20 50 -23 23 -25 25 26 29 -29 -30 30 -32 -33 -34 -35 -36 -37 37 -39 39 -41 -42 60 -44 46 45 -47 47 -49 49 -51 53 52 -54 56 -56 -57 58 -59 -60 -61 61 -63
leaf_value=0.82564685439926322 -0.015549019261210439 -1.67904826545543 -0.038010069815979187 -0.019608957051747391 5.7451512570065235 -0.28634457179996631 0.59572122133150318 2.4940730323062628 -0.91050697750365972 5.4209264973886278 2.885726112159948 -0.063643584995060662 -0.11591895112343185 -0.28724586645744293 2.2676118669612237 -1.1555410291358619 1.4071967553416784 -0.65612557790725878 -0.71820933138586951 -0.11058447906990168 -1.5075455668400164 3.0709250655437055 -2.2418699496350185 0.98433866400277348 1.2797621092842848 1.2029166045956174 0.26485059260062932 -1.7932706548379327 -0.60242413695123531 0.21960266077207571 -1.1550839904558055 4.4238099081308206 1.7026297036588212 0.73626072959650724 0.19088768897500616 -0.96137464829922448 0.13531878664517408 2.1304894134635646 -2.3446498882447746 0.22210525825118943 0.15189224154444719 -1.3159737833014118 -0.16986410976485158 -0.043381917950520391 -0.087332542380773509 0.59791059628917886 0.48619503132014014 -1.5297002980598586 2.4082837600676101 -1.4848147231781761 1.6615103610113271 0.8407590248674599 -0.88758910878516917 -0.20489828030061297 2.4561024591719396 -0.91539174125910783 -0.95345595741379197 -1.4617632188545528 1.6526969514373349 3.5793883943993805 0.42573479893114075 -0.23556076388291231
leaf_weight=37 40 195 49 22 74 86 64 39 23 113 27 38 409 24 32 32 53 28 25 43 65 37 47 35 32 42 50 20 21 24 45 25 116 122 47 20 65 21 84 63 26 31 49 437 132 37 29 64 22 40 38 62 25 189 38 34 88 35 83 21 37 25
leaf_count=37 40 195 49 22 74 86 64 39 23 113 27 38 409 24 32 32 53 28 25 43 65 37 47 35 32 42 50 20 21 24 45 25 116 122 47 20 65 21 84 63 26 31 49 437 132 37 29 64 22 40 38 62 25 189 38 34 88 35 83 21 37 25
internal_value=-0.000980885 -0.00518109 0.00321932 -0.00231214 0.0199187 0.00211796 0.00652174 0.00131004 0.012973 0.021179 0.0103448 -0.00139826 -0.011755 -0.000153218 -0.00315516 -0.00035461 0.0155914 -0.00501761 0.00168539 -0.00180587 -0.00104408 0.00591398 0.00373134 -0.0134146 0.00928854 0.00514019 0.000549451 -0.0224138 0.0150794 -0.00714286 -0.0166667 0.0076087 0.00408805 0.00687204 -0.00280899 -0.0190476 0.00688073 0.0127907 -0.00433213 -0.01 -0.0138889 -0.0168142 -0.0236842 -0.00208071 0.00522388 0.000295858 -0.00456081 -0.013871 -0.00274725 -0.0112903 -0.00339233 -0.0118421 0.00402299 -0.00095057 0.0136364 0.00416667 -0.00480769 -0.0107143 0.00208333 -0.00688073 -0.00698925 0.0016129
internal_weight=3976 1988 1988 1384 123 1865 828 458 370 229 116 1037 604 979 1347 141 93 1136 89 886 862 372 335 82 253 214 182 58 63 119 69 184 159 211 89 42 109 86 1108 315 252 226 133 793 201 169 592 155 91 62 678 152 87 526 110 72 416 224 192 109 93 62
internal_count=3976 1988 1988 1384 123 1865 828 458 370 229 116 1037 604 979 1347 141 93 1136 89 886 862 372 335 82 253 214 182 58 63 119 69 184 159 211 89 42 109 86 1108 315 252 226 133 793 201 169 592 155 91 62 678 152 87 526 110 72 416 224 192 109 93 62
is_linear=0
shrinkage=0.05


Tree=35
num_leaves=63
num_cat=0
split_feature=16 7 16 15 16 8 15 6 10 15 6 1 13 1 16 10 1 8 16 13 16 7 13 7 8 5 10 16 1 6 4 4 13 5 15 16 4 5 5 0 6 4 16 13 16 12 10 10 4 12 12 0 7 16 15 7 8 10 13 8 1 10
split_gain=28.2309 17.6834 14.1662 11.8114 13.7603 12.887 11.5599 10.5266 9.91019 12.364 16.0521 9.75618 12.2954 12.0466 11.589 10.3787 10.287 8.96242 8.63633 8.4604 8.8375 11.134 8.4191 9.66511 8.05698 8.91953 7.70914 7.53613 7.47036 7.37458 7.33442 7.12155 7.00362 6.91128 6.8252 9.2915 6.47024 6.40888 8.47596 5.54179 5.34545 5.29317 6.90533 5.25952 5.25133 5.8395 5.24267 11.269 8.37429 5.15555 8.78402 9.50303 10.5786 9.29481 9.07157 8.4344 7.47405 9.18453 8.34679 11.9991 8.03091 7.26215
threshold=204.50000000000003 7.1500000000000012 -4.4999999999999991 3.5000000000000004 363.50000000000006 11.644704534615608 8.5000000000000018 17.927083333333339 25.506120689655173 4.5000000000000009 23.477065826330534 12.500000000000002 0.31843156843156845 8.5000000000000018 282.50000000000006 20.711111111111112 18.500000000000004 13.024444500234905 119.50000000000001 0.72850122850122856 153.50000000000003 48.650000000000013 0.20848321342925663 33.250000000000007 8.1274044343350855 39.550000000000004 24.046784420289857 61.500000000000007 8.5000000000000018 21.871250000000003 11.943318000000001 12.130324000000002 0.36018018018018022 7.6500000000000012 7.5000000000000009 2.5000000000000004 8.240019000000002 26.050000000000004 2.8500000000000001 10.932213500000001 8.7390940766550536 8.1142140000000023 4.5000000000000009 0.79626426841923215 -76.499999999999986 9.3342599684092828 5.6125548726953474 7.0589503042596364 15.835354000000001 13.650717002708397 11.818071675577938 11.456888266666668 40.850000000000001 32.500000000000007 5.5000000000000009 36.550000000000004 11.366551064612095 14.692783059636996 0.25728429985855733 13.067434223839458 15.500000000000002 14.101000000000001
decision_type=2 8 2 2 2 10 2 10 8 2 10 2 10 2 2 10 2 10 2 10 2 10 10 10 8 10 10 2 2 8 10 10 10 10 2 2 10 10 10 2 8 10 2 10 2 10 10 10 10 10 10 2 10 2 2 10 10 10 10 10 2 10
left_child=1 18 6 5 11 32 -3 -8 9 10 22 13 15 14 17 -13 -14 -5 31 20 24 37 -4 -24 33 26 46 29 39 -27 -6 44 -2 -11 41 -36 -35 38 -22 -10 -15 -30 -43 -21 -1 -46 -26 -48 49 50 53 54 -53 55 -52 -49 -51 -58 59 -59 -60 -55
right_child=3 2 8 4 30 -7 7 -9 28 19 -12 12 16 40 -16 -17 -18 -19 -20 43 21 -23 23 -25 25 27 -28 -29 34 -31 -32 -33 -34 36 35 -37 -38 -39 -40 -41 -42 42 -44 -45 45 -47 47 48 -50 56 51 52 -54 61 -56 -57 57 58 60 -61 -62 -63
leaf_value=1.1081765934396104 0.81299068742270897 -0.57166285921924342 0.15281481291239662 3.6350417772744694 5.3233134220335279 -1.5006164642741147 1.2906614986359928 -0.70358727898698226 -0.030059491413945063 2.4807847687587743 2.5376925647715831 5.696598582804044 1.275265475388305 0.0091664689627776862 -0.70701255711387889 1.1040412500714134 -0.78646828019952264 -0.30094101989436839 -1.2337920982466462 -1.4290042422790559 -0.21372323901873289 3.4707466749143254 -0.18102687833362055 -1.188076155026792 2.5962734324958379 -1.096353914539725 -0.67265987750981826 2.3419831423297155 -0.045069752428012151 0.65102664510685293 6.6575054520733232 0.8640221380124139 -0.2663022143951948 -0.26932665198792877 -0.21840297945259002 -0.044919103264423527 1.4471783463178516 -1.1108449410999712 2.914275216473643 -0.52381772765735068 -1.3926616416350848 0.047453407029874231 -0.061013292784858009 -0.14955195436535088 0.094013216767807078 1.4638546255650313 -1.1121831936303512 0.26119660022941904 -1.1768911189566869 -0.94278652590992251 -1.4842279439843074 1.6233600282325527 -0.79163671946841974 -0.36476457754107339 1.1074473001214329 -0.41870432695323689 -0.64749444882234919 0.58118096519075346 1.0164181185543022 -1.0954168341238339 -1.2030329898910872 0.22442150717533435
leaf_weight=50 20 1009 26 39 71 24 52 22 23 56 21 60 53 22 27 26 28 23 44 24 37 24 83 91 20 26 21 39 59 20 26 49 43 36 22 40 25 25 56 54 33 57 75 56 248 26 25 84 24 23 28 34 38 210 170 45 23 20 79 79 23 88
leaf_count=50 20 1009 26 39 71 24 52 22 23 56 21 60 53 22 27 26 28 23 44 24 37 24 83 91 20 26 21 39 59 20 26 49 43 36 22 40 25 25 56 54 33 57 75 56 248 26 25 84 24 23 28 34 38 210 170 45 23 20 79 79 23 88
internal_value=-0.000774226 -0.0023511 -0.00365459 0.010404 0.0139706 -0.00632184 -0.00826408 0.0108108 -0.00116974 0.000387135 -0.0106335 0.00884244 0.0170659 -0.000694444 0.0106742 0.0302326 0.00308642 0.0225806 0.00731415 0.00205761 0.00297533 0.0147887 -0.015 -0.0189655 0.00161812 0.000312779 -0.000967118 0.0158824 -0.00909091 0.00217391 0.0304124 0.00978552 0.00555556 0.0141026 -0.00494071 -0.0193548 0.00245902 0.00847458 0.0145161 -0.0227273 -0.0190909 -0.00026178 0.00530303 -0.01375 0.00709877 0.00437956 -0.000345508 -0.000855992 0 0.000741525 0.00294118 0.01 -0.00555556 -0.00152225 0.0156566 0.00968992 -0.00546559 -0.00267857 0.000746269 -0.00959596 0.0107843 -0.00637584
internal_weight=4004 3509 3092 495 408 87 1083 74 2009 1679 221 311 167 144 89 86 81 62 417 1458 1378 142 200 174 1236 1119 1034 85 330 46 97 373 63 117 253 62 61 118 93 77 55 191 132 80 324 274 1013 993 968 944 697 270 72 427 198 129 247 224 201 99 102 298
internal_count=4004 3509 3092 495 408 87 1083 74 2009 1679 221 311 167 144 89 86 81 62 417 1458 1378 142 200 174 1236 1119 1034 85 330 46 97 373 63 117 253 62 61 118 93 77 55 191 132 80 324 274 1013 993 968 944 697 270 72 427 198 129 247 224 201 99 102 298
is_linear=0
shrinkage=0.05


Tree=36
num_leaves=63
num_cat=0
split_feature=16 15 16 7 9 1 1 10 9 4 16 1 4 6 9 1 1 10 1 16 16 7 12 6 10 9 0 16 9 10 14 12 1 1 6 16 1 1 7 1 1 6 9 8 8 0 10 10 8 0 8 2 11 2 4 15 16 4 2 8 10 1
split_gain=33.2746 17.137 12.374 9.72721 8.97026 8.31626 11.6864 10.7112 10.7654 10.6332 14.5061 12.486 12.2656 9.70752 9.43068 9.34716 10.4321 8.92857 8.67067 9.53133 8.58245 14.776 8.39683 7.41289 7.36735 6.81482 8.55853 6.52164 12.9032 12.4211 8.55258 9.17065 8.35487 9.32035 6.419 6.37112 6.34646 10.0506 6.32845 5.9475 8.46971 6.90174 6.20202 5.81401 6.72351 7.48114 10.3481 5.80802 20.0711 9.07575 7.13346 6.18254 5.96467 5.79425 6.66906 6.78819 6.23371 5.9353 5.75813 5.65183 6.01021 5.40139
threshold=26.500000000000004 7.5000000000000009 98.500000000000014 34.050000000000004 0.39559108527131787 11.500000000000002 8.5000000000000018 26.410413142485364 0.18441295546558709 7.8332025000000014 167.50000000000003 18.500000000000004 3.1025600000000004 18.422413793103452 0.38529014844804327 6.5000000000000009 4.5000000000000009 5.1780555555555567 14.500000000000002 36.500000000000007 121.50000000000001 21.050000000000004 8.2640128813974325 12.868796068796071 11.046340460526318 0.5147186147186148 10.984724408333335 -56.499999999999993 0.14854215918045707 15.995138888888892 90.000000000000014 12.462765003401314 10.500000000000002 14.500000000000002 13.052457813646368 -69.499999999999986 20.500000000000004 17.500000000000004 51.550000000000004 13.500000000000002 9.5000000000000018 7.4508838383838389 0.95119047619047625 6.0481892866821685 9.7855188456095661 10.984724408333335 10.985509348807225 17.269304556354921 13.882500645492572 10.417885925000002 10.683060543542497 47.500000000000007 37.550000000000004 32.500000000000007 3.6022320000000003 5.5000000000000009 -5.4999999999999991 2.3092830000000002 32.500000000000007 15.373423092442883 8.1864701436130023 13.500000000000002
decision_type=2 2 2 8 10 2 2 10 10 10 2 2 10 8 10 2 2 10 2 2 2 8 8 10 8 10 2 2 8 8 10 10 2 2 8 2 2 2 8 2 2 10 10 8 8 2 10 10 10 2 8 2 10 2 10 2 2 10 2 10 10 2
left_child=4 5 3 58 27 6 7 8 13 10 18 -12 -13 -2 -10 16 -16 -18 -7 -20 22 -22 -8 -5 -24 26 -4 28 -1 30 31 -30 -31 -34 -28 -32 37 39 -26 40 -6 42 -41 -29 45 -45 -47 48 49 52 -49 53 -46 54 57 56 -56 -52 -3 60 -21 -57
right_child=1 2 25 23 36 9 20 -9 14 -11 11 12 -14 -15 15 -17 17 -19 19 59 21 -23 24 -25 38 -27 34 43 29 32 35 -33 33 -35 -36 -37 -38 -39 -40 41 -42 -43 -44 44 47 46 -48 50 -50 -51 51 -53 -54 -55 55 61 -58 -59 -60 -61 -62 -63
leaf_value=-2.6260271317018598 0.6993101897811731 0.17706920946999105 5.3018280393107808 -0.78476968752182152 -0.043959493670717012 0.48626040349508881 -1.6669838559006942 -1.168776123569677 -0.21361355728621181 -0.091514136758630835 1.8987605152329174 -0.94846915455621295 1.2934956221612888 2.6018264655436201 2.3387374763507158 2.5113799283550531 -2.6134681332433267 0.881233708863155 0.79141448356983979 0.23485918593141886 1.1818218998930998 -1.6888737268557421 3.602078226869172 0.19719795838098833 -0.32015585215252468 0.023327752064628095 4.1282043643243611 -0.075207337824521159 0.030765763869195873 0.91371367428247108 -2.2940350923711108 -2.208365139360482 -2.910434834130021 0.87157314613380987 2.3142537485508057 -0.26336792448883778 -1.6576445658987287 2.0002897364702528 0.19579303264724654 -1.7239829073984922 0.79585679138157472 0.37234920785048053 -0.014058655409824894 0.2978795832445606 -0.028556516843247871 -1.3930952610130116 0.048928257788772536 -0.72372020352055777 -2.0112888371812754 -0.19595201726956429 0.027503510750308369 0.24918663295912583 0.65423209798847415 -0.37952160639185983 0.49019307261338452 -0.058942658377389101 -0.057514296729144834 1.395346142169376 1.9217404207744488 3.9278002846458779 -0.684178719192574 -1.1180465630088525
leaf_weight=84 45 31 75 34 219 139 36 22 260 289 144 37 29 26 36 67 21 24 26 50 22 76 28 107 69 32 36 21 89 46 107 23 35 43 73 24 21 21 29 46 116 21 51 77 57 21 74 20 60 383 49 44 30 77 21 49 25 22 33 20 79 30
leaf_count=84 45 31 75 34 219 139 36 22 260 289 144 37 29 26 36 67 21 24 26 50 22 76 28 107 69 32 36 21 89 46 107 23 35 43 73 24 21 21 29 46 116 21 51 77 57 21 74 20 60 383 49 44 30 77 21 49 25 22 33 20 79 30
internal_value=-0.000587353 0.00398496 0.0129454 0.00414634 -0.0051346 0.00158831 -0.0021682 0.00229541 0.00386221 0.00510455 0.00935115 0.0195238 0.00151515 0.021831 0.000735294 0.0108108 -0.000617284 -0.0166667 0.00254777 -0.00485714 -0.0107692 -0.022449 -0.0037037 -0.00319149 0.00238095 0.0212963 0.025 -0.00704831 -0.0120843 -0.00803815 -0.0146091 -0.00446429 0.00483871 -0.00512821 0.016055 -0.0232824 0.000707071 0.00189873 -0.00408163 0.000331126 0.00373134 -0.00932203 -0.0149485 -0.00490566 -0.00437921 0.00465116 -0.00473684 -0.0061707 -0.00943396 -0.00595745 -0.00103858 0.000788644 0.00862069 -0.00201465 0.00255102 -0.0044 0.0108696 0.0147887 0.0203125 -0.00973154 -0.0135659 -0.0132911
internal_weight=4001 1995 421 205 2006 1574 761 501 479 813 524 210 66 71 408 148 81 45 314 175 260 98 162 141 126 216 184 1511 451 367 243 112 124 78 109 131 495 474 98 453 335 118 97 1060 1039 172 95 867 530 470 337 317 87 273 196 125 46 71 64 149 129 79
internal_count=4001 1995 421 205 2006 1574 761 501 479 813 524 210 66 71 408 148 81 45 314 175 260 98 162 141 126 216 184 1511 451 367 243 112 124 78 109 131 495 474 98 453 335 118 97 1060 1039 172 95 867 530 470 337 317 87 273 196 125 46 71 64 149 129 79
is_linear=0
shrinkage=0.05


Tree=37
num_leaves=63
num_cat=0
split_feature=16 16 14 4 15 5 15 6 11 4 6 5 11 9 8 8 15 11 9 14 11 8 1 1 12 6 1 9 1 8 14 5 1 9 1 13 12 8 6 8 1 7 16 9 2 1 7 2 13 16 5 1 14 11 12 1 5 16 7 7 2 2
split_gain=23.3517 11.7858 11.4921 10.9741 10.8546 9.67401 10.138 11.0005 10.281 9.96454 9.1353 9.00222 9.99128 9.89536 8.06386 7.95771 7.64103 7.55583 8.56431 8.39752 8.8265 7.55443 10.4426 13.8072 9.84431 10.0377 9.5726 8.98091 9.11773 10.0458 9.71603 8.19401 8.11189 7.54649 7.54146 8.3503 7.3794 6.93378 12.7517 7.02874 6.92502 6.89604 6.82384 7.82867 6.71789 6.66557 11.6463 8.78653 9.05758 11.172 8.25157 6.6526 7.42261 6.53251 10.3546 8.59153 9.05516 8.24416 10.8 6.4381 6.36643 6.26581
threshold=253.50000000000003 -20.499999999999996 90.000000000000014 1349.5109660000003 7.5000000000000009 20.850000000000005 6.5000000000000009 15.51851325757576 48.050000000000004 6.075762000000001 25.715865384615388 21.850000000000005 37.550000000000004 0.58198924731182811 11.644704534615608 10.683060543542497 7.5000000000000009 38.250000000000007 0.21089696071163827 1.0000000180025095e-35 5.0500000000000007 8.6179601926492122 17.500000000000004 18.500000000000004 10.687169791256084 10.136379716981134 2.5000000000000004 0.44281045751633991 21.500000000000004 18.76509371075813 330.00000000000006 7.9500000000000011 22.500000000000004 0.1472136222910217 15.500000000000002 0.92591463414634168 13.528952438107094 6.7405853379818303 4.1255555555555565 6.0481892866821685 4.5000000000000009 46.050000000000004 -100.49999999999999 0.23582887700534763 42.500000000000007 11.500000000000002 8.1000000000000014 1.0000000180025095e-35 0.46583125778331264 71.500000000000014 3.0500000000000003 4.5000000000000009 150.00000000000003 29.850000000000005 9.4401398005347943 9.5000000000000018 28.250000000000004 100.50000000000001 36.250000000000007 35.050000000000004 32.500000000000007 32.500000000000007
decision_type=2 2 10 10 2 10 2 10 8 10 10 10 10 10 10 8 2 10 10 10 8 10 2 2 8 10 2 10 2 10 8 10 2 10 2 8 10 10 10 10 2 10 2 8 2 2 8 2 8 2 10 2 10 10 10 2 10 2 10 8 2 2
left_child=1 2 14 21 10 6 7 -4 9 -8 11 12 13 -2 17 -11 -5 19 -19 -1 -21 22 34 -24 31 60 -27 28 29 30 44 40 -30 -31 37 -36 -16 38 45 -40 -23 -38 -7 -44 61 47 -47 -3 -49 -50 -48 -39 -53 -33 -55 56 -56 58 -57 -22 -26 -28
right_child=4 3 5 16 -6 42 8 -9 -10 15 -12 -13 -14 -15 36 -17 -18 18 -20 20 59 24 23 -25 25 26 27 -29 32 33 -32 53 -34 -35 35 -37 41 51 39 -41 -42 -43 43 -45 -46 46 50 48 49 -51 -52 52 -54 54 55 57 -58 -59 -60 -61 -62 -63
leaf_value=1.3763004683098004 3.2012718962842515 -0.62922121398968445 -0.49738721957275955 -0.10189957853651128 4.9539797997468504 -2.6242681994696611 0.1947137751877458 -3.4985400751322135 1.0393321865996179 -0.14398469092486652 -1.2886902847697514 2.4174809066910559 -0.32849307452398685 -0.14596196749603366 -1.621345741462827 -2.2027450856110535 -0.19358297488178533 0.033674574445247706 0.77874279262063395 1.6449838441351536 -0.50547494924041814 0.9050751988594673 6.366755814478668 0.39339637100156361 1.3766528422784661 -1.1666037369645601 0.029427558305588394 -0.6300434971530593 -0.58399886850977833 -0.054218416188439145 -0.76412636882590412 -0.98444650440073189 0.17415825692087239 1.3519815422082253 -1.0491612392357503 0.42456973891953159 1.53195080898647 -0.93969425073780544 -0.68697500656904043 -0.16884257303214173 -0.62776742833516019 -0.43609041883407951 -0.39076873845361693 -2.5064842483783552 0.19446488532240525 1.8297357094201432 -0.35024885498924019 1.9006439184959707 0.170027585557708 -0.94952632074335674 0.40562706950252442 1.4397476279272237 -0.07550986921500985 0.65186018094971621 -0.074586247791802229 1.4664858582686824 -1.9852751434100817 -0.29049027712228886 -0.42966224346732285 0.57205176176990791 0.52674159902360174 -0.24605564564461702
leaf_weight=23 51 21 204 78 69 39 76 40 37 35 20 75 90 42 79 24 55 41 33 21 105 20 31 107 37 31 600 35 38 37 51 28 21 98 55 20 26 25 21 25 127 40 72 41 233 50 23 20 170 74 20 93 30 53 42 40 26 28 20 35 27 179
leaf_count=23 51 21 204 78 69 39 76 40 37 35 20 75 90 42 79 24 55 41 33 21 105 20 31 107 37 31 600 35 38 37 51 28 21 98 55 20 26 25 21 25 127 40 72 41 233 50 23 20 170 74 20 93 30 53 42 40 26 28 20 35 27 179
internal_value=-0.000436736 -0.00161202 -0.00633368 9.29714e-05 0.0119597 -0.0109155 -0.00697115 -0.0135246 0.00232558 -0.00407407 0.00755396 0.0100775 0.00409836 0.0155914 0.000124069 -0.0194915 -0.0139098 0.00542636 0.0189189 0 -0.00403727 0.000821596 0.00490446 0.0173913 -0.000988142 0.000973324 3.77929e-05 0.000696594 0.0013922 0.00233723 0.00070555 -0.00807292 -0.0177966 0.0151852 0.00224111 -0.0126667 -0.00931034 0.0041958 0.000943396 -0.023913 -0.0173469 0.0030303 -0.0217105 -0.0154867 0.00177866 0.00396825 0.0155914 0.000175439 0.00265152 0 -0.00348837 0.0135135 0.0182927 -0.00232068 0.000717703 -0.00576923 -0.0191176 0.00454545 0.015 -0.00857143 0.0203125 -0.000449294
internal_weight=4007 3660 971 2689 347 568 416 244 172 135 278 258 183 93 403 59 133 258 74 184 161 2556 785 138 1771 1387 1323 1292 1257 1198 1063 384 59 135 647 75 145 572 424 46 147 66 152 113 1012 378 93 285 264 244 43 148 123 237 209 156 68 88 60 140 64 779
internal_count=4007 3660 971 2689 347 568 416 244 172 135 278 258 183 93 403 59 133 258 74 184 161 2556 785 138 1771 1387 1323 1292 1257 1198 1063 384 59 135 647 75 145 572 424 46 147 66 152 113 1012 378 93 285 264 244 43 148 123 237 209 156 68 88 60 140 64 779
is_linear=0
shrinkage=0.05


Tree=38
num_leaves=63
num_cat=0
split_feature=16 15 16 8 10 14 8 10 5 0 15 12 10 13 1 12 0 12 1 1 4 10 11 16 15 10 14 7 4 1 16 11 8 14 12 12 5 16 1 16 15 16 16 16 11 11 4 16 13 10 7 11 1 5 10 5 12 13 13 8 0 16
split_gain=22.9707 14.5757 10.654 8.29018 12.8952 9.00874 8.62944 9.81818 9.38404 7.95644 7.8682 8.19115 8.39937 10.1937 8.10528 10.8258 7.80061 9.60091 7.35192 10.2811 14.8187 9.34865 13.3933 13.085 10.3464 9.29027 9.18085 15.1479 7.70206 9.19304 7.72906 8.68951 14.6938 9.54732 7.71496 10.2179 10.0234 11.2773 9.03168 7.41419 7.51034 7.33544 7.27754 8.53272 7.81966 7.16772 7.10661 7.06398 6.68917 6.68911 6.57351 9.26817 8.57707 8.87811 6.56001 6.47829 6.31304 6.31164 7.23168 6.21923 9.06641 7.41617
threshold=26.500000000000004 7.5000000000000009 269.50000000000006 11.366551064612095 21.248965721040189 90.000000000000014 14.264231586046746 17.269304556354921 3.0500000000000003 12.456888266666668 8.5000000000000018 10.419105948529507 0.16931818181818184 0.84891304347826091 12.500000000000002 8.1390459802829369 11.719983033333335 10.195057055129732 12.500000000000002 14.500000000000002 14.765768000000003 13.035226990821139 22.700000000000006 169.50000000000003 4.5000000000000009 26.971014492753628 90.000000000000014 32.95000000000001 14.726701000000002 8.5000000000000018 181.50000000000003 36.95000000000001 11.910845473142405 150.00000000000003 6.7554312980220734 2.9850174933710085 8.6500000000000004 215.50000000000003 11.500000000000002 144.50000000000003 3.5000000000000004 -4.4999999999999991 -141.49999999999997 -69.499999999999986 37.45000000000001 41.650000000000013 5.7453935000000014 -116.49999999999999 0.53504749426793319 18.795211333567497 43.650000000000013 54.850000000000001 21.500000000000004 21.450000000000003 22.570538215286124 13.250000000000002 11.914527341945274 0.084219858156028379 0.2553968007454574 0.32503140015797721 11.4818853 -45.499999999999993
decision_type=2 2 2 8 10 10 10 10 10 2 2 10 10 10 2 10 2 10 2 2 10 10 10 2 2 8 10 10 10 2 2 10 10 10 10 10 10 2 2 2 2 2 2 2 10 8 10 2 10 10 10 10 2 10 10 10 10 10 10 10 2 2
left_child=3 18 16 5 6 9 8 -8 45 10 11 12 -1 14 15 -14 57 -18 25 20 49 22 39 -23 -25 28 27 -24 29 30 31 33 56 -2 35 -31 -36 38 55 40 -21 48 -13 -44 -45 -5 -19 -6 -7 -20 -49 -52 53 -53 -26 -38 -33 -3 -59 61 -61 -50
right_child=1 2 -4 4 47 41 7 -9 -10 -11 -12 42 13 -15 -16 -17 17 46 19 21 -22 23 26 24 54 -27 -28 -29 -30 34 -32 32 -34 -35 36 -37 37 -39 -40 -41 -42 -43 43 44 -46 -47 -48 50 59 -51 51 52 -54 -55 -56 -57 -58 58 -60 60 -62 -63
leaf_value=0.56430037660223609 -0.15763291253242839 -0.45360717781713417 5.207869863761494 -1.3263594785992359 -2.4349893373571079 -0.99327728352678213 -2.1242951149187492 -0.64799977203699033 -0.29376478971025011 0.58665770735573575 1.7711246245391778 -1.1750648682529079 1.0159334008482197 -0.84960420909922696 -0.9352602464484161 -0.37699378142185735 1.6833088086266224 -0.031218644797435281 1.0778469323420474 1.2057740921471476 -0.79918609319360456 -0.051037037060087997 -1.1479289647133262 -0.59179383885793901 5.7387736066803994 -1.0992087988247328 -1.0016114490949179 0.87520728878709686 0.92751708834737068 -0.35402548519522342 1.5134304519541313 0.41308367737968671 -0.36203695829302307 -1.9310027879589251 -0.7897323483511155 2.8130942175860656 0.38797220885911216 -1.794731440859944 1.3975450657335604 -0.26199681811526687 0.57578304022886684 0.014317921927031036 1.2787496009225867 -1.6044900777924065 0.24198118005153543 0.092181958629361072 -1.6037142030759239 0.60022811534183418 0.28698018874649556 -0.16121142930005414 -0.48120236317550713 2.8756431097224389 -0.38985809051935744 0.016085849503611995 0.3916384306527434 -0.65398129830836427 3.2005604652413511 1.5904314556570143 0.72628491038315568 0.74617232310005199 -0.089453363271548098 -0.90027479658910348
leaf_weight=53 106 20 58 37 23 278 66 66 509 23 33 21 27 37 58 62 20 42 159 20 23 136 27 29 59 41 91 22 45 25 128 60 129 30 122 26 20 25 30 46 29 188 28 22 60 88 23 33 41 23 42 30 21 82 20 69 32 87 167 31 21 39
leaf_count=53 106 20 58 37 23 278 66 66 509 23 33 21 27 37 58 62 20 42 159 20 23 136 27 29 59 41 91 22 45 25 128 60 129 30 122 26 20 25 30 46 29 188 28 22 60 88 23 33 41 23 42 30 21 82 20 69 32 87 167 31 21 39
internal_value=-0.000973054 0.00284062 0.0111511 -0.00473006 -0.00797392 -0.00156556 -0.0110966 -0.0227273 -0.00867508 0.00400943 0.00236908 0.000271739 -0.00527426 -0.0103261 -0.00442177 0.00505618 0.00793872 -0.00529412 0.000636132 0.00453216 0.0139024 0.000521921 -0.00659574 0.00737705 0.0203704 -0.00236486 -0.0164286 0.00102041 -0.00123967 -0.00236908 0.00195876 -0.00182073 0.00429864 -0.0117647 -0.00899054 0.00882353 -0.012406 -0.00347222 0.00294118 0.00789474 0.0214286 -0.00551839 0.0103053 0.0154545 0.00731707 0.0036 -0.0146154 0.00238095 -0.00926829 0.0186813 0.00528846 0.00142857 0.00789474 0.0133929 0.0297468 -0.00505618 0.0195652 0.0120438 0.0141732 0 0.0134615 -0.00875
internal_weight=4008 1989 417 2019 997 1022 766 132 634 424 401 368 237 184 147 89 359 85 1572 684 205 479 235 244 108 888 140 49 847 802 485 357 221 136 317 51 266 144 119 95 49 598 131 110 82 125 65 231 410 182 208 175 133 112 79 89 92 274 254 132 52 80
internal_count=4008 1989 417 2019 997 1022 766 132 634 424 401 368 237 184 147 89 359 85 1572 684 205 479 235 244 108 888 140 49 847 802 485 357 221 136 317 51 266 144 119 95 49 598 131 110 82 125 65 231 410 182 208 175 133 112 79 89 92 274 254 132 52 80
is_linear=0
shrinkage=0.05


Tree=39
num_leaves=63
num_cat=0
split_feature=16 14 16 13 7 13 15 1 12 13 10 15 12 7 0 9 10 11 15 1 0 16 13 13 7 11 7 6 1 16 14 16 5 11 9 11 9 16 13 13 9 13 10 7 16 0 16 16 0 9 14 11 12 15 7 16 6 1 1 10 8 12
split_gain=20.4118 16.8003 14.943 13.0363 12.3355 13.2561 15.0579 11.9254 13.4346 11.2662 9.36473 9.28688 9.33964 8.1011 9.52245 7.60531 7.40962 7.20901 7.56586 6.84175 7.68628 6.29223 6.28642 6.21362 7.04982 17.5469 9.39024 8.67119 6.85706 7.70934 6.12544 10.7126 6.61157 6.10389 5.78717 5.77336 6.26023 7.08333 5.68863 6.39749 5.35136 7.86361 8.7345 8.05229 5.41751 5.09285 5.82874 6.50911 6.03441 9.2845 6.15884 4.98368 4.85787 8.26174 9.60075 7.01227 6.46126 7.03781 11.1915 8.68942 6.99199 11.6853
threshold=204.50000000000003 90.000000000000014 -22.499999999999996 0.23390439347886158 62.800000000000004 0.31230095541401276 4.5000000000000009 13.500000000000002 15.806140119949474 0.24596669268800417 15.11252516537245 7.5000000000000009 31.493757020940841 35.650000000000013 10.237888300000002 0.17165178571428574 32.467077922077934 42.750000000000007 8.5000000000000018 20.500000000000004 10.61197581666667 -37.499999999999993 0.41876178504085487 0.33447488584474888 33.050000000000004 31.950000000000003 44.050000000000004 17.409615384615389 18.500000000000004 297.50000000000006 330.00000000000006 76.500000000000014 12.450000000000001 48.250000000000007 0.21702898550724639 50.45000000000001 0.21896404109589043 61.500000000000007 0.46259328358208962 0.31501610305958139 0.20710681244743484 0.53504749426793319 13.547619047619051 44.650000000000013 -109.49999999999999 10.44924504166667 131.50000000000003 102.50000000000001 10.719983033333335 0.90692640692640702 1.0000000180025095e-35 44.45000000000001 26.525196262449676 6.5000000000000009 39.350000000000001 -1.0000000180025095e-35 20.323097826086961 11.500000000000002 20.500000000000004 26.100769384492409 13.882500645492572 15.979842800176607
decision_type=2 10 2 10 10 8 2 2 10 10 10 2 8 10 2 10 10 10 2 2 2 2 10 8 8 10 8 8 2 2 10 2 10 8 10 10 8 2 10 10 10 10 10 10 2 2 2 2 2 10 10 10 8 2 10 2 8 2 2 10 10 10
left_child=1 3 11 16 5 6 10 34 -9 -5 -2 12 15 17 -15 -3 35 18 45 20 22 33 51 -7 25 28 -26 -28 29 -25 52 32 -32 -13 -8 -1 37 -37 39 -22 -17 42 -42 44 -44 -11 47 48 49 -47 -50 -16 56 54 -54 -55 60 59 -59 -58 -4 -62
right_child=4 2 30 9 -6 23 7 8 -10 13 -12 21 -14 14 19 40 -18 -19 -20 -21 38 -23 -24 24 26 -27 27 -29 -30 -31 31 -33 -34 -35 -36 36 -38 -39 -40 -41 41 -43 43 -45 -46 46 -48 -49 50 -51 -52 -53 53 55 -56 -57 57 58 -60 -61 61 -63
leaf_value=-0.050492501096535317 0.61327794416549297 -1.6976757532255971 -0.027125285820432055 1.7829532725939625 -1.195113500581988 -0.77882311789799141 1.3352378731216061 6.7708444104924386 0.74839870141281617 -0.44892158701940171 -1.2603380216468882 -0.35928889911141237 0.40641947581661148 2.9279085840939572 -2.8856993060535565 0.30987046131145529 0.21663190658255982 3.9475506191485277 3.3751427517093435 -0.62154023238495038 -0.3884892964913258 -0.95313852818651734 0.22515616005935934 0.24791529669341764 2.3977599491942421 -0.88585315161848543 -0.99211531745513359 7.3082999397544697 -0.47450613655696972 4.4630955240830703 0.22686656914080056 -0.62128223339294619 -0.77152503402834505 1.0020538167551496 -0.45678549667921192 -1.5580896730774416 0.060089022000147291 -0.064800659320828666 -0.95319779082059031 1.3854092196835888 -2.235450667059351 -0.051943841603577214 -3.1539450714875983 -3.5828587587190541 0.17884998250817885 0.21519464022812881 -0.31496351389248134 1.8078651972322826 0.48178723492343978 1.9872469543554354 -0.06021895684789156 -1.0403390941321669 0.17021298280636499 -0.04390122278919853 -0.22649610438693718 -0.17844531077482365 0.43742740634895816 0.2491485128672562 -0.13695798173814952 -0.40142571668797777 -1.6414133885047992 0.65010667360400098
leaf_weight=378 21 91 887 48 20 29 32 78 21 98 29 70 25 41 28 37 25 32 34 22 94 20 25 32 54 45 31 35 27 21 57 69 32 23 21 48 26 20 21 66 86 89 21 24 58 50 36 22 46 24 152 33 38 22 32 45 74 95 44 46 82 37
leaf_count=378 21 91 887 48 20 29 32 78 21 98 29 70 25 41 28 37 25 32 34 22 94 20 25 32 54 45 31 35 27 21 57 69 32 23 21 48 26 20 21 66 86 89 21 24 58 50 36 22 46 24 152 33 38 22 32 45 74 95 44 46 82 37
internal_value=-0.00102041 -0.00237547 -0.00518061 0.00193572 0.00846774 0.010084 0.019802 0.0276316 0.0378788 0.00561927 -0.004 -0.0123162 -0.0156613 0.00424757 -0.00181818 -0.0174877 -0.00452716 0.0082996 0.00670996 -0.0050173 -0.00280899 0.000442478 -0.0151163 0.00291971 0.0055102 -0.0028 0.0141667 0.00151515 0.01125 0.0216981 -0.00269231 -0.0120253 -0.000561798 0.00591398 0.00849057 -0.0059322 -0.0170213 -0.025 0.00303867 0.00625 -0.0138095 -0.0161871 -0.0219577 -0.0121359 -0.00443038 0.00490654 0.00787879 0.0102041 0.00808824 0.0202703 0.00353535 -0.0237705 -0.00164051 -0.0105839 0.00142857 -0.0231343 -0.000671937 0.00637066 0.0140288 -0.0025 -0.00248509 -0.0138655
internal_weight=3969 3473 2104 1369 496 476 202 152 99 872 50 544 431 824 330 406 497 494 462 289 267 113 86 274 245 125 120 66 80 53 1560 158 89 93 53 472 94 68 181 160 315 278 189 103 79 428 330 294 272 74 198 61 1402 137 70 67 1265 259 139 120 1006 119
internal_count=3969 3473 2104 1369 496 476 202 152 99 872 50 544 431 824 330 406 497 494 462 289 267 113 86 274 245 125 120 66 80 53 1560 158 89 93 53 472 94 68 181 160 315 278 189 103 79 428 330 294 272 74 198 61 1402 137 70 67 1265 259 139 120 1006 119
is_linear=0
shrinkage=0.05


Tree=40
num_leaves=63
num_cat=0
split_feature=16 15 11 1 1 14 4 14 6 16 11 15 12 9 16 8 7 13 16 13 16 1 14 9 13 1 12 12 6 1 4 16 4 12 1 1 8 11 14 2 11 13 1 4 16 13 15 4 2 1 0 4 7 1 4 11 11 6 9 13 1 13
split_gain=20.425 16.0691 14.6641 13.8776 21.6283 17.4555 10.8125 10.4089 8.43589 11.7347 11.7429 13.4574 13.2944 11.0757 10.6769 12.1229 10.6724 9.01586 8.28319 8.35431 8.82701 10.21 12.3123 9.41037 8.21359 11.7462 12.2487 11.0978 10.7516 8.14213 9.14669 8.09157 9.10633 7.89056 7.60928 7.32248 8.36101 14.6135 8.19295 7.14131 6.89251 10.2885 13.8993 8.04838 6.69542 10.4482 8.71765 13.1622 7.50355 6.6081 6.30943 6.00996 5.95974 5.93447 7.07499 5.84214 5.70676 8.29043 6.81146 8.96048 6.3485 5.63191
threshold=-4.4999999999999991 6.5000000000000009 9.7500000000000018 12.500000000000002 20.500000000000004 330.00000000000006 1.1185900000000002 1.0000000180025095e-35 20.40706521739131 90.500000000000014 22.700000000000006 4.5000000000000009 9.0369748083387886 0.48435972629521024 307.50000000000006 9.0666309519687172 66.350000000000009 0.15958653400010311 399.50000000000006 0.11922530206112296 11.500000000000002 2.5000000000000004 150.00000000000003 0.16302800189843383 0.39504283965728276 8.5000000000000018 11.437067774661651 12.689995527406628 1.0000000180025095e-35 22.500000000000004 1833.3716805000001 183.50000000000003 8.1142140000000023 10.529590587171599 18.500000000000004 8.5000000000000018 14.745378600987939 36.750000000000007 150.00000000000003 17.500000000000004 34.95000000000001 0.64888572783309639 4.5000000000000009 5.1303240000000008 112.50000000000001 0.71563342318059309 6.5000000000000009 7.1303240000000008 42.500000000000007 11.500000000000002 11.417885925000002 5.1025600000000013 31.550000000000004 4.5000000000000009 2.0757620000000006 104.25000000000001 43.250000000000007 13.175095785440613 0.15688468158347679 0.27596784429870963 11.500000000000002 0.37573529411764711
decision_type=2 2 8 2 2 10 10 10 10 2 8 2 8 10 2 10 10 8 2 10 2 2 8 10 10 2 8 10 10 2 10 2 10 10 2 2 10 10 10 2 10 10 2 10 2 10 2 10 2 2 2 10 10 2 10 10 8 10 10 10 2 10
left_child=1 7 -3 18 5 8 -6 -1 9 10 -5 -12 -13 14 15 -11 -10 -14 19 -2 21 -21 53 -22 25 26 -9 -28 -26 30 -8 -15 -33 -17 -4 36 37 38 40 51 41 52 -43 -44 46 49 47 -37 50 -46 -48 -39 -25 -23 -55 56 57 -27 -59 -60 -58 -35
right_child=3 2 34 4 6 -7 29 24 16 13 11 12 17 31 -16 33 -18 -19 -20 20 23 22 -24 35 28 55 27 -29 -30 -31 -32 32 -34 61 -36 44 -38 39 -40 -41 -42 42 43 -45 45 -47 48 -49 -50 -51 -52 -53 -54 54 -56 -57 60 58 59 -61 -62 -63
leaf_value=0.47257735093170911 -0.12132982672679482 2.0576875604338283 -0.25862502239489848 0.95096802795166657 -0.5164994950758881 -0.73619713394939235 -0.056001950256909017 -1.3088899928707534 1.5979887155818169 7.0898103481113894 -1.53149127788177 -0.66958675809413915 -0.96026169813171214 1.0078032413417908 5.823817979185681 -0.26711582911545373 -0.10970043564435415 0.084426039466641178 4.3032607172758643 -0.45644700480904021 0.31897222363947525 1.2302415108765818 -0.19120996136991777 1.8191316894016822 -0.42179839988710077 -2.914367601194304 2.021225194973252 -0.14091300735430554 0.23250460039424695 0.21792088342528296 -0.17134692407308894 0.33703703101986665 -1.162343618299414 0.54377071182536374 0.58273722242271908 -1.4966120420293625 -0.52282962073599326 2.9756303664808921 -1.0049572069638417 0.62028679871237147 -1.7323379983284839 1.693465593729264 -2.6061390352640776 -0.93589849155472005 -1.3129089315292406 1.6083149415380171 0.18197970896799465 0.31023854545630847 2.1048880193990747 -0.33737592030474417 -0.54654751713983074 0.74796788600741682 -0.01524236487032038 -0.13207892659647102 0.83553107894288459 0.058806211293106564 -5.741356133457483 -1.5393016377136306 0.88929528740948216 -3.973245260959096 -0.89918835021054966 3.7532271775956731
leaf_weight=28 132 21 524 77 39 57 144 45 126 38 33 50 23 39 68 29 28 250 20 44 112 32 55 53 93 78 27 41 79 46 27 29 23 112 62 71 117 38 49 185 31 23 22 27 80 22 68 35 27 49 26 36 36 22 68 28 49 27 37 22 82 29
leaf_count=28 132 21 524 77 39 57 144 45 126 38 33 50 23 39 68 29 28 250 20 44 112 32 55 53 93 78 27 41 79 46 27 29 23 112 62 71 117 38 49 185 31 23 22 27 80 22 68 35 27 49 26 36 36 22 68 28 49 27 37 22 82 29
internal_value=-0.00107769 -0.00639582 -0.000576606 0.00132872 0.00516969 0.00845697 -0.0078125 -0.0119497 0.0100629 0.008 0.00242494 -0.00140449 0.00170279 0.0145777 0.0195652 0.0139423 0.0207792 0.00604396 -0.00195946 -0.00239726 -0.00120482 0.00791855 0.0132768 -0.0030262 -0.0133224 -0.0169725 -0.00309735 0.0102941 -0.00406977 -0.00345622 -0.00847953 -0.000549451 -0.0134615 0.00823529 -0.00204778 -0.00457286 -0.00121556 0.0016 -0.00726141 0.00984556 -0.00260417 0.0015528 -0.0125 -0.027551 -0.0100529 -0.0182119 -0.00462555 -0.0150943 0.00454545 -0.0236434 -0.00212766 0.022973 0.0129213 0.0221311 0.0155556 -0.0218266 -0.0238983 -0.0176829 -0.00697674 0.00254237 -0.0316794 0.0131206
internal_weight=3990 1243 607 2747 1267 1011 256 636 954 800 433 356 323 367 276 208 154 273 1480 1460 1328 221 177 1107 608 436 113 68 172 217 171 91 52 170 586 995 617 500 241 259 192 161 72 49 378 151 227 106 121 129 94 74 89 122 90 323 295 164 86 59 131 141
internal_count=3990 1243 607 2747 1267 1011 256 636 954 800 433 356 323 367 276 208 154 273 1480 1460 1328 221 177 1107 608 436 113 68 172 217 171 91 52 170 586 995 617 500 241 259 192 161 72 49 378 151 227 106 121 129 94 74 89 122 90 323 295 164 86 59 131 141
is_linear=0
shrinkage=0.05


Tree=41
num_leaves=63
num_cat=0
split_feature=16 14 1 1 8 11 1 4 16 9 7 4 0 13 8 7 11 14 12 4 1 9 16 4 13 12 12 12 13 13 12 4 13 4 8 16 7 8 9 10 5 10 4 7 4 4 13 4 2 7 16 12 5 5 10 2 16 13 1 0 5 16
split_gain=15.788 12.256 11.6685 13.312 11.8644 10.6443 10.5686 9.53809 14.1194 12.2817 8.81667 8.05533 8.00393 11.0712 11.4191 7.98318 7.01332 6.99003 10.4244 6.98918 9.07919 6.91865 6.85714 6.58241 6.75044 10.858 6.40592 6.163 6.05291 9.52703 9.36443 7.99126 9.62757 7.47822 6.96754 6.03948 5.97728 8.22961 7.12088 5.8915 8.63252 6.53742 5.92662 5.55486 5.50184 5.50051 6.07626 5.47523 8.26213 5.9901 5.55356 5.44444 5.40543 7.48259 7.35 6.38181 8.74772 6.67361 6.10702 5.43763 5.30174 5.27005
threshold=76.500000000000014 270.00000000000006 12.500000000000002 8.5000000000000018 14.847811925768502 7.1500000000000012 20.500000000000004 11.833202500000001 250.50000000000003 0.18245838668373884 48.95000000000001 0.9433180000000001 10.237888300000002 0.22630278526504946 14.505981729248555 56.050000000000004 33.250000000000007 750.00000000000011 17.728171819863864 3062.4166675000001 22.500000000000004 0.45889639639639646 204.50000000000003 8.7657680000000031 0.82952776336274014 9.4401398005347943 10.865022747056317 19.686749731099376 0.26480327230229844 0.31501610305958139 10.625628578981507 1.7886000000000002 0.18770973154362419 0.72670100000000015 10.392636395194033 46.500000000000007 16.750000000000004 2.89941088679792 0.95119047619047625 15.995138888888892 22.450000000000003 18.284337167070223 1.4260780000000002 46.95000000000001 15.606637000000001 5.6022320000000008 0.97849213691026837 3.6022320000000003 22.500000000000004 49.850000000000001 175.50000000000003 14.705531551598268 10.250000000000002 2.9500000000000006 14.789447004608297 7.5000000000000009 -24.499999999999996 0.2243138634764251 17.500000000000004 10.984724408333335 32.850000000000001 224.50000000000003
decision_type=2 10 2 2 10 8 2 10 2 10 10 10 2 10 8 8 10 10 10 10 2 10 2 8 10 8 10 10 10 10 10 10 8 10 10 2 10 10 10 10 10 10 10 10 10 10 10 10 2 10 2 10 10 10 10 2 2 10 2 2 10 2
left_child=5 2 3 4 11 35 7 8 9 51 -6 -2 13 60 16 -8 -15 18 26 20 23 -10 -9 28 25 44 -3 -12 31 -30 36 32 -14 -32 -35 45 37 38 -31 40 42 -41 -13 -36 -25 -1 -47 49 -49 -5 -50 -4 53 54 -33 56 -54 -57 -59 -58 -7 -11
right_child=1 17 6 47 10 12 15 22 21 61 27 39 19 14 -16 -17 -18 -19 -20 -21 -22 -23 -24 24 -26 -27 -28 -29 29 30 33 52 -34 34 43 -37 -38 -39 -40 41 -42 -43 -44 -45 -46 46 -48 48 50 -51 -52 -53 55 -55 -56 57 59 58 -60 -61 -62 -63
leaf_value=-0.065688061125636216 2.6417626693264964 -0.40179496272300491 -1.5475267767678709 -0.11152008051325382 -1.914011556433951 -0.26985267366546656 -0.8044474813495569 0.73329590442280312 4.5392205117382733 1.9428412325975182 1.4938273243255973 -0.34904480960087203 -0.058464767296961644 0.38736416261735385 -0.25082506130942195 4.3636891173493124 2.4697417317720856 0.19420772416441601 0.99867281245540129 -0.27844504963958949 0.73584112779650213 0.002469915745512097 -0.99570067769343251 0.91059948322026474 -0.67263881148965388 -0.04858132394673742 -1.8211562786407711 -1.2701333823703336 -1.1336248753769773 -0.80114854217307707 -1.2155375661443761 -1.4907523769217601 0.36128153824803522 2.367093472099874 -0.29869448865101916 1.3932536334570791 -0.95510017134014336 1.8387095319051483 0.13109286697085895 2.8619558214033836 -0.46325455866153309 0.24028384927726806 1.2597512484417153 0.94173204881174899 -0.013297646468770971 1.8814308968137206 0.18921363933988183 -0.84008426002512593 0.081998474841197821 0.99365454979711343 -0.54867295351282841 0.29730326214321218 -2.9550118576843958 -1.2775596526702679 0.12723549708672088 -0.071305361588039282 0.39710552440398444 0.4015851942120664 0.87014763402339779 -0.64846465600207537 0.15266460292217129 -0.18970099649768316
leaf_weight=97 35 46 25 81 20 105 42 42 121 204 38 25 83 34 29 23 58 36 20 38 22 21 42 65 28 556 35 22 235 24 21 20 108 36 100 22 153 25 39 28 48 21 189 41 24 21 110 64 52 20 31 20 24 81 60 192 20 76 20 21 34 22
leaf_count=97 35 46 25 81 20 105 42 42 121 204 38 25 83 34 29 23 58 36 20 38 22 21 42 65 28 556 35 22 235 24 21 20 108 36 100 22 153 25 39 28 48 21 189 41 24 21 110 64 52 20 31 20 24 81 60 192 20 76 20 21 34 22
internal_value=-0.000738423 0.00360524 0.00517799 0.00074184 0.00610329 -0.00301297 0.0104982 0.0129779 0.0161017 0.00940959 -0.01125 0.0101156 -0.00404722 0.00423077 0.0152893 -0.00846154 0.023913 -0.0105839 -0.0173267 -0.00506629 -0.00467695 0.0288732 -0.00238095 -0.00501949 -0.000965825 7.75194e-05 -0.0253086 -0.00166667 -0.00699782 -0.0103858 -0.00603645 -0.00375887 0.00497382 0.0020202 0.00536723 0.0068 -0.0126556 -0.00227273 -0.0119048 0.00755627 0.00458015 0.0234694 0.0088785 0.00035461 0.0162921 0.00438596 0.0110687 -0.00846774 -0.0146259 0.00049505 -0.00421687 -0.0144444 -0.00700389 -0.0145963 -0.00375 -0.00354108 -0.0176923 -0.000347222 0.0104167 -0.00365854 -0.00539568 0.0141593
internal_weight=3995 1373 1236 674 426 2622 562 497 413 271 80 346 2372 260 121 65 92 137 101 2112 2074 142 84 2052 673 645 81 60 1379 674 439 705 191 198 177 250 241 88 63 311 262 49 214 141 89 228 131 248 147 101 83 45 514 161 80 353 65 288 96 41 139 226
internal_count=3995 1373 1236 674 426 2622 562 497 413 271 80 346 2372 260 121 65 92 137 101 2112 2074 142 84 2052 673 645 81 60 1379 674 439 705 191 198 177 250 241 88 63 311 262 49 214 141 89 228 131 248 147 101 83 45 514 161 80 353 65 288 96 41 139 226
is_linear=0
shrinkage=0.05


Tree=42
num_leaves=63
num_cat=0
split_feature=16 4 16 15 1 1 5 13 16 5 9 15 4 7 16 0 6 5 1 10 4 2 14 9 13 15 7 0 13 7 2 15 1 8 1 1 16 7 8 14 6 5 6 4 13 9 4 6 4 5 9 1 5 0 16 7 9 1 8 7 10 4
split_gain=15.1909 12.2707 14.3622 16.0722 10.936 10.0428 9.97304 10.1445 9.84145 8.81806 8.48675 9.24306 8.83359 8.26388 7.94956 7.77779 7.89321 7.63302 9.91221 13.3272 10.3127 10.4795 9.76504 8.15555 11.3443 9.35008 8.09782 7.39621 11.4138 7.92001 7.27514 7.17218 8.34993 9.31571 7.57582 12.8071 11.3425 8.53333 8.31749 7.15582 7.1528 6.97512 8.99888 6.80981 6.62069 6.5625 7.16691 6.49915 6.44123 6.48556 10.4737 8.2522 7.13869 6.39207 7.0813 7.73924 6.19723 6.19041 6.16826 7.39577 5.91318 5.70758
threshold=-20.499999999999996 1655.5342420000004 399.50000000000006 4.5000000000000009 11.500000000000002 15.500000000000002 27.050000000000004 0.92770034843205595 -234.49999999999997 69.700000000000017 0.096006144393241177 7.5000000000000009 13.165074000000002 35.550000000000004 4.5000000000000009 10.61197581666667 9.4227659574468081 20.850000000000005 14.500000000000002 23.898120300751881 8.9433180000000014 27.500000000000004 1.0000000180025095e-35 0.27543103448275869 0.2669211195928754 2.5000000000000004 44.650000000000013 10.984724408333335 0.97530487804878063 60.45000000000001 52.500000000000007 5.5000000000000009 20.500000000000004 11.576398392629697 19.500000000000004 15.500000000000002 150.50000000000003 35.050000000000004 7.6826382910828626 150.00000000000003 13.539818548387098 9.9500000000000011 12.868796068796071 4.9433180000000005 0.12254524451289951 0.52506265664160412 6.7453935000000014 2.3907407407407413 0.9433180000000001 27.550000000000004 0.22068372803666922 10.500000000000002 35.850000000000001 10.4818853 53.500000000000007 41.050000000000004 0.24283374283374287 18.500000000000004 14.621617300761583 38.550000000000004 5.6125548726953474 6.0054830000000008
decision_type=2 10 2 2 2 2 10 10 2 10 8 2 8 10 2 2 10 10 2 10 10 2 10 8 10 2 8 2 10 10 2 2 2 8 2 2 2 10 8 8 10 10 10 10 8 10 10 8 10 10 10 2 10 2 2 8 8 2 10 10 10 10
left_child=8 2 4 -4 10 14 7 31 -1 -7 -2 12 15 -8 -3 16 45 22 19 26 21 -20 -10 24 41 -25 -19 60 29 30 48 34 33 -33 35 36 38 -37 -6 -14 -36 42 -24 -30 -35 -12 -47 -13 -29 50 -50 58 -51 -34 55 -55 -40 -9 59 -52 61 -17
right_child=1 5 3 -5 6 9 13 57 17 -11 11 47 39 -15 -16 27 -18 18 20 -21 -22 -23 23 25 -26 -27 -28 28 43 -31 -32 32 53 44 40 37 -38 -39 56 -41 -42 -43 -44 -45 -46 46 -48 -49 49 52 51 -53 -54 54 -56 -57 -58 -59 -60 -61 -62 -63
leaf_value=1.7799614720950658 -0.16159905388532111 0.25197339630594656 -0.4375577977399101 7.6188951709646915 0.47076831461757113 -0.90737794999991428 0.51866814536736994 1.6563383007974606 0.84000798962501433 -0.10702100342203108 1.5362739305517525 -0.85679264894111684 0.5858232208520695 0.13727109607364674 -0.34317635313864159 -0.21911845973077304 -1.0371588293359517 -1.7717127971609945 -2.1548062824725491 0.091182866133772411 0.72002256114241581 0.39089044425801023 -3.323892927675999 -0.36977544402015355 -1.6231459298506004 0.12900771933909383 -2.6399772785999112 0.2604681101358956 1.0613979513785807 1.4531066502631891 -1.6582014518661106 -0.012030198716531187 0.090922401270419728 -0.3240142454913435 1.4861192009748188 -1.9319898974200631 0.34031684835233666 -0.094029779533859922 -0.16576502077335334 -0.41149299718062277 -0.44439479234981882 0.024630167747905142 -0.40824468775630385 0.018182315434004084 0.51565173982137369 -0.89389532931342053 0.44542118547336229 0.45808589584557763 0.42178264343811089 -1.8926647539917749 -0.30885034417137636 -1.3192481962896214 -0.25664950477684839 0.093033345190049313 -1.1397943522277936 -0.42092646892680624 -1.3285890845807362 0.1358130086980614 -1.4350137309079491 1.4920771443482117 0.91504097386111349 0.056559195421297663
leaf_weight=29 117 29 23 49 29 36 51 58 20 31 20 33 74 267 21 20 155 99 36 41 23 21 21 63 59 318 34 47 23 28 30 318 28 24 25 45 45 27 37 24 22 118 90 33 232 34 30 245 62 40 121 26 26 23 26 30 44 42 23 41 164 23
leaf_count=29 117 29 23 49 29 36 51 58 20 31 20 33 74 267 21 20 155 99 36 41 23 21 21 63 59 318 34 47 23 28 30 318 28 24 25 45 45 27 37 24 22 118 90 33 232 34 30 245 62 40 121 26 26 23 26 30 44 42 23 41 164 23
internal_value=-0.000843192 0.000916361 0.00156033 0.0236111 0.000995733 -0.0149573 0.00418791 0.00184834 -0.00627572 -0.0276119 -0.00205003 -0.000907716 -0.00306513 0.0119497 0.002 -0.00454545 -0.0123431 -0.00715801 -0.0145669 -0.0212644 0 -0.0114035 -0.00442671 -0.0054559 -0.0118056 -0.000656168 -0.0289474 -0.00190948 -0.0052 -0.00788288 -0.00961538 0.00026178 0.00301028 0.0054007 -0.00656934 -0.0103524 -0.00225806 -0.0277778 -0.0109091 0.0112245 0.0117021 -0.00676856 -0.0157658 0.0160714 0.0125 0 -0.0078125 0.00719424 -0.00777202 -0.010177 -0.00677656 -0.0120853 -0.0242424 -0.00981308 -0.0170886 -0.00660377 -0.0191358 0.017 -0.00837838 -0.00493827 0.00603865 -0.0104651
internal_weight=3973 3001 2884 72 2812 117 1373 1055 972 67 1439 1322 1044 318 50 946 239 943 254 174 80 57 689 669 288 381 133 707 500 444 416 955 681 574 274 227 155 72 110 98 47 229 111 56 256 84 64 278 386 339 273 211 66 107 79 53 81 100 185 162 207 43
internal_count=3973 3001 2884 72 2812 117 1373 1055 972 67 1439 1322 1044 318 50 946 239 943 254 174 80 57 689 669 288 381 133 707 500 444 416 955 681 574 274 227 155 72 110 98 47 229 111 56 256 84 64 278 386 339 273 211 66 107 79 53 81 100 185 162 207 43
is_linear=0
shrinkage=0.05


Tree=43
num_leaves=63
num_cat=0
split_feature=16 14 4 15 16 9 7 1 9 14 4 16 1 4 11 4 16 13 14 13 15 11 16 12 4 16 11 15 13 4 6 12 1 1 8 4 15 16 10 13 16 14 10 1 15 12 12 13 1 13 16 1 1 4 11 9 16 0 16 8 4 8
split_gain=12.2892 9.02891 8.35165 13.9927 15.3616 13.9386 8.15711 10.2862 7.71794 6.62378 9.61862 9.51645 9.14281 6.57237 6.78517 6.60837 6.64279 6.41696 11.2004 7.77227 6.98511 6.79758 8.09871 8.27537 6.19126 8.09735 12.1345 11.4705 9.52474 7.87109 7.8302 7.9008 6.8145 10.8494 9.45685 6.08957 6.00034 7.33333 5.98198 9.06284 6.46951 5.82598 8.59212 8.34135 5.79071 13.8769 8.38745 7.83184 6.65773 7.71282 6.46617 5.72877 5.64187 5.55677 5.54577 6.03175 6.63871 5.37778 5.31492 5.30608 7.42964 7.68003
threshold=-22.499999999999996 90.000000000000014 1349.5109660000003 7.5000000000000009 269.50000000000006 0.10102040816326532 43.850000000000001 9.5000000000000018 0.85357142857142865 330.00000000000006 11.943318000000001 399.50000000000006 7.5000000000000009 15.835354000000001 107.55000000000001 13.118590000000003 119.50000000000001 0.53504749426793319 270.00000000000006 0.27596784429870963 1.5000000000000002 40.550000000000004 -141.49999999999997 10.224108192773382 8.0054830000000017 148.50000000000003 59.45000000000001 3.5000000000000004 0.28053779308083299 8.7657680000000031 23.477065826330534 31.493757020940841 15.500000000000002 17.500000000000004 12.989083867223512 1.1025600000000002 7.5000000000000009 16.500000000000004 15.995138888888892 0.20415349238286867 -66.499999999999986 90.000000000000014 11.358203524004088 12.500000000000002 5.5000000000000009 12.413716734066776 11.843440480920069 0.18530782438067209 7.5000000000000009 0.23646138807429132 55.500000000000007 21.500000000000004 15.500000000000002 2.3092830000000002 49.050000000000004 0.18127053669222346 -105.49999999999999 10.719983033333335 -1.4999999999999998 12.797385316296294 2.7267010000000007 11.623567721930774
decision_type=2 10 10 2 2 8 10 2 8 10 10 2 2 10 10 10 2 8 10 10 2 10 2 10 10 2 10 2 10 10 10 10 2 2 10 8 2 2 10 8 2 10 10 2 2 10 10 10 2 10 2 2 2 10 10 10 2 2 2 10 10 10
left_child=1 6 3 8 5 -5 38 -8 9 11 12 13 -11 15 -15 24 -17 18 19 21 -19 22 -3 -24 25 30 27 -27 -29 -26 32 -32 44 -34 -35 -10 37 58 39 -1 -40 42 -31 57 45 50 47 -46 -49 -50 -2 -7 -21 -37 55 -23 -57 -44 -4 60 -48 -62
right_child=2 17 36 4 -6 51 7 -9 35 10 -12 -13 -14 14 -16 16 -18 20 -20 52 -22 54 23 -25 29 26 -28 28 -30 41 31 -33 33 34 -36 53 -38 -39 40 -41 -42 -43 43 -45 46 -47 59 48 49 -51 -52 -53 -54 -55 -56 56 -58 -59 -60 -61 61 -63
leaf_value=-1.2201100204745523 -0.30279376107314615 -0.84621233799883877 -0.24963061394338681 -0.21049951228608599 4.447206496053087 0.55912859189656938 0.04997066841732254 -2.2144549516808687 -0.38364164401909923 0.043517286299711883 0.40116709294802927 5.4867739449911941 -0.9917904305317542 -0.37812637545792216 0.036986717202237514 0.63646492282421185 -0.28131474418961278 -0.58576260777741418 1.1606054805547823 -3.1871814304964681 0.22492080341490547 -2.6925266897936333 -1.0295971287108951 1.1914296540985052 -1.3548671809421959 -0.5990849128508593 -0.8739089091550003 2.3063661490046932 0.58628801149891108 1.8679450872391568 0.74892975266369388 -0.099905702175193636 -1.454941845817399 0.49067996555838855 -1.6598202747821376 1.1136569018895253 -0.11391664615851341 -1.1839864332705285 0.089095314680676163 0.14053509724486321 2.0498553072817631 -0.21295085041626019 -1.1379510124821131 0.49273473809900148 -0.39460451812398001 -1.0832927106164072 2.0104983012321895 -0.41830434432145691 0.99531359606424097 -0.0085916354209024885 0.76438777863842078 -0.13563057489040384 -1.0064254151370242 0.09092026107879693 -0.071199305349884598 -2.9826064063578102 -0.1256893935242788 -0.12349961239643435 0.11132929721170766 0.094635887315597245 -0.27804593492323376 2.6237230876140298
leaf_weight=21 51 21 26 40 55 465 20 49 42 38 20 25 79 45 28 51 31 40 26 88 94 56 25 46 46 33 43 102 150 36 84 23 79 45 21 35 59 22 36 244 21 204 24 35 40 52 21 79 26 94 62 44 33 331 65 20 42 36 40 142 23 21
leaf_count=21 51 21 26 40 55 465 20 49 42 38 20 25 79 45 28 51 31 40 26 88 94 56 25 46 46 33 43 102 150 36 84 23 79 45 21 35 59 22 36 244 21 204 24 35 40 52 21 79 26 94 62 44 33 331 65 20 42 36 40 142 23 21
internal_value=-0.000463079 -0.00543823 0.00108268 0.00167184 0.00844371 0.00591985 0.000383632 -0.0152174 -0.000108838 -0.0014558 -0.0120438 -0.000627854 -0.0175214 -0.00107122 -0.0157534 -0.000423216 0.0134146 -0.00953237 -0.0125592 -0.0146465 0 -0.01 0.00108696 0.00915493 -0.00114504 0.000629723 0.00731707 0.0110526 0.0146825 -0.00669291 -0.00191194 0.0107477 -0.0037037 -0.0134483 0.00151515 0.00612745 -0.0105442 -0.00227273 0.00372671 0.000566038 0.0184211 -0.00402985 0.00419847 -0.00368421 -0.00139116 -0.00939394 0.00156951 -0.00481172 -0.000753769 0.00666667 0.000442478 0.00815324 -0.0252066 0.00819672 -0.0155738 -0.0220339 -0.0112903 -0.015 0.00606061 0.0089372 0.0207692 0.00909091
internal_weight=3995 947 3048 2901 604 549 391 69 2297 1889 137 1752 117 1727 73 1654 82 556 422 396 134 275 92 71 1572 1191 328 285 252 381 863 107 756 145 66 408 147 88 322 265 57 335 131 95 611 165 446 239 199 120 113 509 121 366 183 118 62 60 66 207 65 44
internal_count=3995 947 3048 2901 604 549 391 69 2297 1889 137 1752 117 1727 73 1654 82 556 422 396 134 275 92 71 1572 1191 328 285 252 381 863 107 756 145 66 408 147 88 322 265 57 335 131 95 611 165 446 239 199 120 113 509 121 366 183 118 62 60 66 207 65 44
is_linear=0
shrinkage=0.05


Tree=44
num_leaves=63
num_cat=0
split_feature=16 15 7 4 14 16 0 12 4 0 0 10 9 12 10 0 4 0 16 2 16 4 4 0 13 10 9 13 5 0 4 4 13 16 15 10 10 10 10 16 15 4 8 6 6 7 0 2 16 5 7 2 0 2 16 10 15 7 13 7 12 14
split_gain=12.2145 23.3255 12.2696 9.84678 9.52774 8.00956 7.1469 12.4503 7.74497 6.64023 6.59543 11.7126 12.4007 9.6165 7.49792 6.45212 7.1619 6.40148 6.26975 7.73469 16.6459 6.5839 6.18104 6.03878 5.62217 8.06553 8.29278 6.88286 5.19444 4.89544 7.63839 9.5475 7.47756 6.99179 4.62871 4.61717 8.09945 6.28934 5.45201 4.80397 4.4023 5.08347 4.55005 4.30882 8.05926 6.64969 5.57739 4.26845 4.22989 4.12389 5.5194 5.96421 4.0427 6.33244 5.92641 4.7974 3.99791 3.70759 3.70413 3.67487 5.83796 4.41379
threshold=98.500000000000014 7.5000000000000009 26.850000000000005 7.9433180000000005 90.000000000000014 -78.499999999999986 11.984724408333335 10.378504764459677 8.7657680000000031 10.237888300000002 10.950360425000001 24.854303350970024 0.41763565891472876 12.192670456107704 17.35275531596287 10.237888300000002 3251.3376380000004 14.040689041666669 41.500000000000007 32.500000000000007 -32.499999999999993 5.2247530000000006 6.3092830000000006 10.417885925000002 0.12599206349206352 15.14799749687109 0.28669275929549903 0.15043221589711156 16.950000000000003 10.984724408333335 1.3285570000000002 6.7267010000000012 0.25728429985855733 253.50000000000003 3.5000000000000004 19.883996299722483 10.404090482887954 23.667083333333338 12.693513957307063 -1.0000000180025095e-35 3.5000000000000004 6.1203630000000011 9.3062534883139723 17.208771929824564 21.168434343434345 39.050000000000004 10.417885925000002 37.500000000000007 307.50000000000006 12.65 16.750000000000004 22.500000000000004 10.984724408333335 22.500000000000004 153.50000000000003 12.314363107822411 3.5000000000000004 44.250000000000007 0.81302966101694929 36.250000000000007 9.8777877600933923 90.000000000000014
decision_type=2 2 8 10 8 2 2 8 10 2 2 10 10 8 10 2 8 2 2 2 2 10 10 2 8 8 10 10 10 2 10 10 10 2 2 8 10 8 10 2 2 10 10 10 10 10 2 2 2 10 10 2 2 2 2 10 2 10 10 10 10 8
left_child=2 3 4 10 18 24 8 -8 -5 -10 40 12 14 -14 52 35 -17 49 19 21 -21 56 -20 -23 -4 59 27 -27 -29 33 -31 32 -32 -3 -11 36 -7 -37 -38 -39 42 43 -2 45 -45 47 -47 -42 -36 50 -6 -52 -12 55 -55 -54 -1 -16 -58 60 -26 -61
right_child=1 29 5 6 17 15 7 -9 9 34 11 -13 13 -15 57 16 -18 -19 22 20 -22 23 -24 -25 25 26 -28 28 -30 30 31 -33 -34 -35 48 37 38 39 -40 -41 41 -43 -44 44 -46 46 -48 -49 -50 -51 51 -53 53 54 -56 -57 58 -59 -60 61 -62 -63
leaf_value=-0.33213158366475715 -0.44163877216521619 2.2660564336346227 -3.4966989430542683 -0.78612317111933161 0.012727186608364072 -0.49999937993756149 0.42478201940592941 -1.6551604443221948 1.7993978296662627 -0.44321563405409725 2.7932691858354946 -0.49977994352988286 0.17714074446155942 -0.95198691715951544 3.9978122259904385 -0.064410842486991984 -0.22407273650465767 -0.76965459491147137 0.53361046604603646 0.90281050271442143 -1.0360285640212956 0.13721444179513878 3.0053438847183642 1.2986034627491883 -0.65339667425831527 1.0548160697078492 2.1633171615925622 -2.6013492357857246 -0.2668169082398052 3.416024433991808 4.0909045481218413 3.5093293315325278 -1.6900688941716415 4.2669914462397287 -0.095746710768067803 -0.55749864669926807 4.9415654770069821 -0.14230858372584498 0.090373058827830824 0.26143398679314228 -0.098188629336880953 -0.34690533704901161 -1.1786907117653294 4.2443314866366029 0.13935633602601449 -1.5187968157025313 -0.051631364076643572 0.92837772087716042 5.5236532743883204 0.51618151230712761 0.065637719881825166 -0.42942256331719775 -1.1902627970577615 0.042893403301523851 1.7967758324035292 0.83664512464403917 -0.31686062533722104 1.1661844849517191 1.5433832056087189 0.2415904771277779 -1.4758269130074446 -2.1793657380584222
leaf_weight=21 20 67 26 28 225 25 25 43 26 34 35 27 88 20 21 1645 35 20 37 27 48 23 30 48 30 32 24 46 39 23 20 46 34 29 140 27 21 26 70 36 58 27 23 20 34 21 34 34 23 37 33 43 22 33 44 37 24 29 23 29 61 29
leaf_count=21 20 67 26 28 225 25 25 43 26 34 35 27 88 20 21 1645 35 20 37 27 48 23 30 48 30 32 24 46 39 23 20 46 34 29 140 27 21 26 70 36 58 27 23 20 34 21 34 34 23 37 33 43 22 33 44 37 24 29 23 29 61 29
internal_value=-0.00143571 0.00287554 -0.00320423 -0.000528541 0.00289515 -0.00497501 -0.00768025 -0.0220588 -0.00378486 -0.000672646 0.00311005 0.00758427 0.0101824 -0.0037037 0.0169683 -0.00374005 -0.0047619 -0.00251397 0.00978648 0.00560748 -0.00733333 0.0125899 0.0231343 0.0232394 -0.0123418 -0.0103448 -0.00177305 -0.00726496 -0.0147059 0.0175799 0.0109756 0.005 -0.00925926 0.0260417 -0.00380711 0.00463415 0.0112069 -0.00393258 0.0181319 0.00483871 -0.00276753 0 -0.0174419 0.00273632 0.0148148 -0.00170068 -0.0154545 0.00652174 -0.000306748 -0.000887574 -0.00282392 -0.0144737 0.0119883 0.00808824 0.0175325 -0.00423729 0.00147059 0.034 0.00957447 -0.0184564 -0.0247253 -0.00862069
internal_weight=4005 1165 2840 946 639 2201 319 68 251 223 627 356 329 108 221 1885 1680 358 281 214 75 139 67 71 316 290 141 117 85 219 123 100 54 96 197 205 116 89 91 62 271 228 43 201 54 147 55 92 163 338 301 76 171 136 77 59 68 50 47 149 91 58
internal_count=4005 1165 2840 946 639 2201 319 68 251 223 627 356 329 108 221 1885 1680 358 281 214 75 139 67 71 316 290 141 117 85 219 123 100 54 96 197 205 116 89 91 62 271 228 43 201 54 147 55 92 163 338 301 76 171 136 77 59 68 50 47 149 91 58
is_linear=0
shrinkage=0.05


Tree=45
num_leaves=63
num_cat=0
split_feature=16 15 6 5 7 7 9 16 11 6 11 5 13 11 5 4 0 15 8 1 14 1 11 0 4 8 7 7 8 11 1 1 1 9 7 7 8 16 7 4 6 13 2 1 6 11 14 11 5 7 6 6 5 11 0 9 7 1 6 1 15 13
split_gain=12.6632 14.2415 12.3405 10.1595 8.02524 13.2726 9.16461 8.24801 10.1382 10.0251 7.69883 7.21653 8.00952 8.55048 7.17806 6.79642 6.69445 6.46561 11.9597 10.1667 5.54168 5.53888 5.34505 5.17601 5.76704 6.55334 7.19233 8.21327 5.03823 8.74836 5.2389 12.4886 11.4869 13.1911 9.52059 9.16334 8.23126 9.65061 7.36064 7.23282 7.1171 7.09638 7.32281 6.91621 6.51724 6.43494 5.70883 5.84464 5.6935 5.02865 4.97897 4.91656 4.89364 4.78805 4.72935 5.28109 5.26407 4.68338 4.63288 6.0594 4.60881 4.50325
threshold=253.50000000000003 7.5000000000000009 25.942676767676772 21.850000000000005 7.1500000000000012 9.7500000000000018 0.95742753623188415 -76.499999999999986 75.15000000000002 17.927083333333339 48.45000000000001 9.9500000000000011 0.29719937328632989 41.95000000000001 1.0000000180025095e-35 2396.1707745000008 10.984724408333335 8.5000000000000018 13.067434223839458 6.5000000000000009 90.000000000000014 11.500000000000002 37.650000000000013 10.237888300000002 1.6022320000000001 7.8656436743934268 32.95000000000001 47.650000000000013 18.76509371075813 116.35000000000001 15.500000000000002 12.500000000000002 17.500000000000004 0.17883795309168446 34.95000000000001 33.95000000000001 12.929385967221505 60.500000000000007 35.650000000000013 10.943318000000001 26.58865049751244 0.2886752136752137 47.500000000000007 4.5000000000000009 13.747105263157897 44.45000000000001 90.000000000000014 32.850000000000001 39.95000000000001 57.900000000000006 9.8024390243902459 10.878234265734269 13.550000000000002 61.95000000000001 11.397078316666668 0.15470085470085473 30.050000000000004 11.500000000000002 16.689257294429712 16.500000000000004 6.5000000000000009 0.18412980303519536
decision_type=2 2 8 10 8 8 10 2 8 8 10 10 10 10 10 8 2 2 10 2 10 2 10 2 10 8 8 8 10 10 2 2 2 8 10 8 8 2 10 10 10 10 2 2 10 10 10 10 10 10 8 8 10 10 2 10 10 2 10 2 2 10
left_child=4 2 3 11 6 -6 -1 8 9 10 20 12 -2 14 21 17 -3 23 19 -19 -7 -14 -21 24 -9 -26 -27 -28 30 49 31 35 34 40 -32 41 37 45 46 44 -34 43 -43 -25 -36 54 -39 -48 -35 -30 -37 -52 -20 -51 55 -33 -57 -5 -46 -60 -45 -22
right_child=1 16 -4 57 5 7 -8 15 -10 -11 -12 -13 13 -15 -16 -17 -18 18 52 22 61 -23 -24 28 25 26 27 -29 29 -31 32 36 33 48 39 50 -38 38 -40 -41 -42 42 -44 60 58 -47 47 -49 -50 53 51 -53 -54 -55 -56 56 -58 -59 59 -61 -62 -63
leaf_value=1.062660100769623 2.9543704977316372 3.8990034302786345 -1.5178776954715083 0.93854733415881675 -0.94688389333696366 -0.01698684508143904 0.034615645652456631 -2.0453823007625629 1.2421183837303371 -2.2970847064842532 0.38959412458504217 -0.60280329313939029 1.4947765218811204 -0.54870371333288903 2.5797375762649284 -0.1107208504517488 2.1615048504065881 -0.13036254814436302 -0.47226445658746097 3.3890458265905465 0.23985751083282381 -0.9488653181238228 0.41408617669128311 -0.19536036430853598 1.3859308895328217 -0.80451151642251517 0.79254025543657647 -0.0058403884496386563 2.7477380226963386 -0.201913493846443 -1.269810176057937 0.41316774254581728 -0.33282230917248579 0.066965483149946436 0.66450143999068778 1.6068586485026448 0.39374790980235641 1.0441508765237557 -0.16829395033203315 0.1684606479411509 -0.60458489656860748 0.025621017059341968 -0.80290996887336252 1.3043237401619951 -2.4504624012200491 0.21771758821588305 -0.25643786237268745 1.8217856310645457 0.42699718567972539 -0.3123532459687195 -1.09637344932577 -0.15702582395605719 0.0058352308002467268 0.34927984365093878 -1.3491081328050361 -1.0009351917044629 -0.0092339992571668587 3.9811945812024465 0.42416390193806691 -0.97858571384862503 0.18143439977523049 -1.7994046056123911
leaf_weight=56 35 29 28 25 26 110 384 25 20 73 30 52 24 25 22 82 40 27 23 51 20 34 36 36 23 31 83 97 23 29 110 21 55 173 25 36 111 24 40 29 23 216 42 47 28 24 23 27 24 32 31 800 35 77 38 28 38 42 24 35 32 116
leaf_count=56 35 29 28 25 26 110 384 25 20 73 30 52 24 25 22 82 40 27 23 51 20 34 36 36 23 31 83 97 23 29 110 21 55 173 25 36 111 24 40 29 23 216 42 47 28 24 23 27 24 32 31 800 35 77 38 28 38 42 24 35 32 116
internal_value=-0.00113608 0.00786517 0.00296167 0.00637066 -0.00201425 -0.00288252 0.00431818 -0.00259189 -0.0096206 -0.0116046 -0.00724638 0.000520833 0.00642857 -0.00047619 0.0075 -0.00167022 0.0282609 -0.00124451 0.00813953 0.0175439 -0.0101626 -0.00172414 0.0258621 -0.001875 0.00482625 0.00726496 0.00450237 0.00833333 -0.00262929 0.00590062 -0.00327103 -0.00185874 -0.00760456 -0.000545455 -0.0153386 -0.00427419 0.00614973 0.0013308 0.0122807 -0.00673759 -0.0179487 0.00227882 -0.00232558 0.0126087 -0.0125 -0.00704698 0.0216216 0.012 0.00634518 0.0113636 -0.00709343 -0.00788207 -0.0103448 0.00688073 -0.0116 -0.00517241 -0.0121212 0.0231343 -0.0189655 -0.0110169 0.0208861 -0.0169118
internal_weight=4005 356 287 259 3649 3209 440 3183 369 349 276 192 140 105 80 2814 69 2732 172 114 246 58 87 2560 259 234 211 180 2301 161 2140 1614 526 275 251 1240 374 263 114 141 78 373 258 115 112 149 74 50 197 132 867 831 58 109 125 87 66 67 87 59 79 136
internal_count=4005 356 287 259 3649 3209 440 3183 369 349 276 192 140 105 80 2814 69 2732 172 114 246 58 87 2560 259 234 211 180 2301 161 2140 1614 526 275 251 1240 374 263 114 141 78 373 258 115 112 149 74 50 197 132 867 831 58 109 125 87 66 67 87 59 79 136
is_linear=0
shrinkage=0.05


Tree=46
num_leaves=63
num_cat=0
split_feature=16 15 7 7 15 16 16 2 7 4 4 4 5 16 4 6 1 8 6 5 5 8 10 8 8 4 0 8 8 12 10 5 6 12 6 10 1 4 12 10 15 11 6 16 12 14 15 10 11 12 7 12 1 8 14 6 10 12 16 0 11 12
split_gain=12.6752 17.6941 10.3157 9.75295 9.20499 8.21286 6.77786 7.83565 7.38095 6.5804 6.4722 10.5104 6.12884 7.12184 6.38559 7.51986 6.70007 5.2719 5.6593 5.19109 5.72328 6.92197 5.11924 9.24686 8.2722 7.51633 6.85794 5.13083 13.091 7.12314 5.09351 4.82394 6.81404 12.2603 5.94682 6.2677 7.06187 7.58424 4.72235 7.48596 4.60724 15.1736 15.0161 11.6827 10.3218 8.22428 12.4553 8.2569 14.5271 8.25 7.27222 7.2315 6.69643 6.3466 7.63942 10.4064 6.49438 6.94802 6.0889 5.79975 6.64201 8.69935
threshold=98.500000000000014 7.5000000000000009 27.650000000000002 19.150000000000002 3.5000000000000004 121.50000000000001 269.50000000000006 22.500000000000004 37.550000000000004 0.11421400000000002 7.7657680000000013 4.819207500000001 56.350000000000001 405.00000000000006 5.9433180000000005 1.0000000180025095e-35 17.500000000000004 6.3825629171549219 10.609498834498838 1.0000000180025095e-35 34.750000000000007 9.8943814234989222 14.213847117794488 14.042185564158613 11.10693730118073 2.9433180000000005 10.44924504166667 6.3825629171549219 8.6179601926492122 10.865022747056317 9.7518752930145354 20.050000000000004 10.609498834498838 9.4691064210025786 9.4876373626373631 11.427370370370371 6.5000000000000009 5.3285570000000009 0.58085114979536823 3.9348370927318297 6.5000000000000009 29.450000000000003 22.576842105263161 -1.4999999999999998 9.6402081128751416 210.00000000000003 5.5000000000000009 15.913977218794498 44.850000000000001 14.007437963338797 48.050000000000004 21.188924836042002 14.500000000000002 12.797385316296294 90.000000000000014 12.825000000000001 14.311376802662396 15.335038948007336 -52.499999999999993 11.108811808333334 48.250000000000007 14.894802993488511
decision_type=2 2 8 8 2 2 2 2 10 10 10 10 10 2 10 10 2 10 10 10 10 10 10 10 10 10 2 10 10 10 8 10 10 10 10 10 2 10 10 10 2 10 8 2 10 10 2 10 10 10 8 10 2 10 10 10 10 10 2 2 10 10
left_child=2 4 9 -3 5 -2 7 8 -5 -1 11 -7 13 14 22 -16 17 -17 -19 -20 21 -21 26 24 -24 -25 -6 -28 -29 30 -30 32 34 -34 35 36 38 -38 -11 -40 42 43 44 52 -4 46 47 -46 -49 -47 -44 59 -42 54 -48 -56 -55 -58 -52 -43 -61 -62
right_child=1 3 40 6 12 10 -8 -9 -10 31 -12 -13 -14 -15 15 16 -18 18 19 20 -22 -23 23 25 -26 -27 27 28 29 -31 -32 -33 33 -35 -36 -37 37 -39 39 -41 41 51 50 -45 45 49 53 48 -50 -51 58 -53 -54 56 55 -57 57 -59 -60 60 61 -63
leaf_value=0.55983324030117121 0.29953052470107294 -0.57670677832458994 0.070016612216232163 3.7067040868293755 -1.559261924250362 -0.34352195669042285 3.9511031826180458 2.9956269118643841 -0.58651321985684113 0.010360044995323038 -0.5865286919761491 0.38343590853104392 -1.0572265084472867 7.3175819952786103 1.1144245308234904 -0.76420226348917586 0.90831175267930753 0.41134106396990344 0.58646283699403023 0.52151845631875915 0.50341952574829951 -0.61660329406533743 0.50573030413203812 -0.33528828007048195 2.7464780122287316 1.6028530138105932 -0.32216017880014081 2.9092810683292747 0.3497764985149463 0.8945892084401994 -0.8574247861587907 -0.8917841789590929 1.7544637586403724 -0.21171364106161264 -0.43278735296745996 2.5901806979713409 -0.11649115867419937 0.45276533751875631 -0.65868206492652159 -0.0044553939346029031 -0.36938541930157509 0.063617208992449117 0.54140175684689196 -0.12569249917971523 -2.9799537195119004 -0.6299347355987559 0.17788826243398131 0.33861441571514389 -1.5291160970219446 1.9671099687859392 -2.9719146199526785 -0.99299858846526079 0.4313884948439663 0.25976435662600855 -1.6048709455883257 -0.34440826879163416 -2.6329070109961203 -0.24151833984050386 0.017118917548221164 -0.31500691879519493 0.59825380395859729 -0.03764001654564119
leaf_weight=34 24 23 82 20 33 66 56 83 42 65 46 36 20 33 28 26 59 40 25 21 20 98 26 65 46 30 41 32 22 70 41 29 27 25 31 25 164 222 43 34 28 651 26 96 110 64 68 35 50 24 29 23 32 22 31 88 67 20 255 232 48 51
leaf_count=34 24 23 82 20 33 66 56 83 42 65 46 36 20 33 28 26 59 40 25 21 20 98 26 65 46 30 41 32 22 70 41 29 27 25 31 25 164 222 43 34 28 651 26 96 110 64 68 35 50 24 29 23 32 22 31 88 67 20 255 232 48 51
internal_value=-0.00138646 0.00298635 -0.00319675 0.015625 0 -0.0104651 0.0191542 0.0134483 0 0.00207439 -0.0148649 -0.00784314 0.00231959 0.00304233 0.00200553 -0.0033123 -0.00570934 -0.00956522 -0.00686275 -0.0109756 -0.0147482 -0.0189076 0.00615764 0.0128743 0.0263889 0.00263158 0.00146444 0.00485437 0.00878788 0.0018797 -0.0103175 0.000977444 0.00188679 0.0192308 0.000342466 0.00153707 0.000378788 0.00388601 -0.00915493 -0.0175325 -0.00492495 -0.00279931 -0.00746653 -0.0173077 -0.0117247 -0.014076 -0.0165988 -0.0264103 -0.0147059 0 0.0016129 -0.000547264 0 -0.0101351 -0.00454545 -0.0121849 -0.0197248 -0.0258621 -0.000704225 0.000101833 -0.00528701 0.00555556
internal_weight=4003 1172 2831 224 948 172 201 145 62 699 148 102 776 756 723 317 289 230 204 164 139 119 406 167 72 95 239 206 165 133 63 665 636 52 584 553 528 386 142 77 2132 1161 971 156 661 579 491 195 85 88 310 1005 60 296 187 119 109 87 284 982 331 99
internal_count=4003 1172 2831 224 948 172 201 145 62 699 148 102 776 756 723 317 289 230 204 164 139 119 406 167 72 95 239 206 165 133 63 665 636 52 584 553 528 386 142 77 2132 1161 971 156 661 579 491 195 85 88 310 1005 60 296 187 119 109 87 284 982 331 99
is_linear=0
shrinkage=0.05


Tree=47
num_leaves=63
num_cat=0
split_feature=15 16 0 12 8 1 13 12 14 9 16 10 1 13 4 14 1 15 12 13 1 1 13 16 0 9 6 1 13 16 9 6 13 6 8 12 1 4 0 9 12 12 1 8 0 9 1 13 13 16 0 6 13 13 13 16 10 8 12 11 11 10
split_gain=9.96603 16.2834 17.0797 11.5949 10.5469 10.1892 12.8836 10.9087 11.1708 9.59355 10.2869 9.92013 9.54445 15.8368 10.0728 9.52961 9.22407 10.8459 9.13003 7.17689 7.13629 10.6234 10.8072 12.1482 9.82865 8.46666 8 6.70228 6.35755 6.21805 8.54701 6.93843 6.4069 8.8636 6.09194 12.5016 7.78298 6.28092 6.09141 6.61151 6.16742 16.3291 10.3134 8.85823 8.39041 6.5964 6.49494 6.28364 11.517 5.85736 5.96828 5.82619 5.78426 5.75653 7.32097 5.75243 5.67733 5.66316 5.64626 7.1697 6.00005 5.59601
threshold=5.5000000000000009 76.500000000000014 13.237888300000002 9.7270914229865664 9.4182772529743239 6.5000000000000009 0.20722186076772939 13.037851972218389 270.00000000000006 0.11189358372456966 -119.49999999999999 29.964292307692315 14.500000000000002 0.17407773386034259 14.114214000000002 510.00000000000006 21.500000000000004 7.5000000000000009 12.882530564224822 0.34922709706751537 12.500000000000002 4.5000000000000009 0.37987341772151906 114.50000000000001 10.967131783333334 0.30583900226757377 15.781100266193436 11.500000000000002 0.47114317425083246 98.500000000000014 0.18245838668373884 15.826559060895088 0.13743479042993348 99.581730769230788 15.447432237391185 16.520962437444908 7.5000000000000009 9.3285570000000018 12.237888300000002 0.24025316455696205 12.342855299153291 9.6716891847221245 14.500000000000002 8.001317646322283 10.857762616666669 0.32025641025641033 19.500000000000004 0.55051020408163276 0.36434624697336565 47.500000000000007 11.237888300000002 24.855082191780827 0.23463088939279417 0.6239754098360657 0.22874354561101551 -5.4999999999999991 20.866251140164188 12.177315912783026 14.106329140504988 57.350000000000001 37.750000000000007 15.20044491525424
decision_type=2 2 2 8 8 2 8 10 10 10 2 10 2 10 10 10 2 2 10 10 2 2 10 2 2 10 8 2 10 2 10 8 10 8 10 10 2 10 2 10 10 10 2 10 2 10 2 10 10 2 2 10 10 10 10 2 10 10 10 10 10 10
left_child=3 9 16 4 -1 6 -5 15 12 11 -11 18 14 -14 61 19 17 20 -2 29 21 24 23 26 -3 52 -23 -20 51 31 -31 -7 33 -33 36 -36 37 -12 40 -40 41 42 43 -38 46 -45 57 48 -44 50 -46 -19 -25 54 -39 -37 -57 -42 60 -60 -8 -9
right_child=1 2 -4 5 -6 7 58 8 -10 10 34 -13 13 -15 -16 -17 -18 28 27 -21 -22 22 -24 25 -26 -27 -28 -29 -30 30 -32 32 -34 -35 35 55 38 53 39 -41 44 -43 47 45 49 -47 -48 -49 -50 -51 -52 -53 -54 -55 -56 56 -58 -59 59 -61 -62 -63
leaf_value=-0.0051401573029622232 -0.089588609782521283 0.14186595711315206 -1.8474458620367054 2.1872576082688333 0.800581714791472 -2.4792872508347394 -0.46181690980566653 -0.27239604993686378 0.29404953827372327 -1.0607094840806017 -0.28644046853998723 0.07013611813361452 -0.31970016641106219 0.47576788435681422 0.12719320500761996 -1.2418902807856593 -0.55150511450302919 2.8458455662711653 -1.3210011782519873 -2.25299724660568 1.0765253440639471 -0.16354638430692178 0.90284193966727821 -0.51180702192758687 3.1853300598046577 -1.2934991642306877 1.2691642241192616 -0.21260262025144724 1.1249407915322238 -0.65570101917553392 1.1222134066582394 -1.0788409877964886 0.24769807692678764 0.0094597494616872283 -1.9351868400208365 0.55094790428763385 0.78970016383745723 -0.088491669014583441 0.059079039665492508 -0.884086821640786 -1.8977758086544843 0.74509773602728169 -0.073703537387853402 0.12040187796978144 0.48208700495231654 -1.6969867229662343 0.2360176460534989 -0.011963581175693783 -1.4531895745157244 -1.3392672590027814 -0.053988453090525829 -0.18621766629753012 0.60479732667215025 -0.14646236413826658 1.6841680247582713 0.76944423028920927 -0.55063615897034279 -0.234869284740094 -0.9577433059238456 1.4795002849483792 2.3923655569929405 -1.094030001184104
leaf_weight=459 273 41 25 21 36 72 37 24 65 146 278 27 27 60 36 48 25 177 41 61 229 25 101 57 33 41 25 23 47 20 52 21 26 38 53 33 80 23 23 22 24 271 27 21 71 22 24 60 23 23 56 23 34 24 42 23 51 58 22 20 30 77
leaf_count=459 273 41 25 21 36 72 37 24 65 146 278 27 27 60 36 48 25 177 41 61 229 25 101 57 33 41 25 23 47 20 52 21 26 38 53 33 80 23 23 22 24 271 27 21 71 22 24 60 23 23 56 23 34 24 42 23 51 58 22 20 30 77
internal_value=-0.000540608 0.00115596 0.00673839 -0.00423323 0.00171717 -0.00812417 0.00461538 -0.0107656 -0.00363322 -0.00152009 0.000270636 -0.00879121 -0.00892857 0.00402299 -0.0171533 -0.0168639 0.00792541 0.00882353 -0.0111276 -0.0134483 0.00511945 0.00070028 -0.00371025 -0.010989 0.0175676 -0.0189394 0.01 -0.028125 0.0176113 -0.00938865 0.00277778 -0.0149682 -0.00529412 -0.0144068 0.00165165 -0.0075 0.00290102 -0.00313351 0.00565217 -0.0122222 0.00671053 0.00992063 0.000214592 0.0101626 0.000390625 -0.00813953 -0.0103774 -0.0109091 -0.024 0.008 0.0122047 0.0215 -0.0104396 0.00842697 0.0161538 0.00233645 -0.00540541 -0.0170732 -0.00229358 -0.0166667 0.00671642 -0.0252475
internal_weight=3977 2725 883 1252 495 757 130 627 289 1842 1478 364 224 87 137 338 858 833 337 290 586 357 283 182 74 132 50 64 247 229 72 157 85 59 1332 160 1172 367 805 45 760 504 233 123 256 43 106 110 50 150 127 200 91 89 65 107 74 82 109 42 67 101
internal_count=3977 2725 883 1252 495 757 130 627 289 1842 1478 364 224 87 137 338 858 833 337 290 586 357 283 182 74 132 50 64 247 229 72 157 85 59 1332 160 1172 367 805 45 760 504 233 123 256 43 106 110 50 150 127 200 91 89 65 107 74 82 109 42 67 101
is_linear=0
shrinkage=0.05


Tree=48
num_leaves=63
num_cat=0
split_feature=16 0 10 10 11 6 0 5 2 0 0 8 4 4 6 13 6 9 11 4 13 11 11 2 11 4 16 16 12 16 2 9 4 2 0 4 8 10 9 9 10 4 8 13 12 14 16 4 10 13 12 6 13 5 7 13 8 10 2 4 10 4
split_gain=12.139 8.79789 13.4085 11.0512 9.30857 7.767 5.50431 12.1264 7.18367 6.69453 11.0632 19.1622 9.42501 7.09985 7.01803 6.7231 6.67745 6.15357 8.29363 6.0657 9.56687 5.94704 9.282 6.34716 7.24286 6.13757 5.94035 6.77537 6.41987 7.52576 7.38491 6.62895 8.67595 8.71152 7.18487 5.99796 6.08426 5.94381 5.87021 5.80131 5.8112 5.62224 9.53325 9.81578 8.67528 5.38947 11.8471 5.33795 7.25336 5.1956 5.08804 5.00608 9.0643 4.89803 5.2 11.3287 9.14432 4.87619 4.7619 5.0381 4.71429 4.70743
threshold=253.50000000000003 11.125757558333335 22.570538215286124 14.029380053908357 44.650000000000013 0.67017543859649131 11.108811808333334 99.15000000000002 12.500000000000002 10.932213500000001 10.984724408333335 11.426052194688991 1.1185900000000002 4.2400190000000011 12.825000000000001 0.92770034843205595 11.196324823943664 0.16774891774891779 51.750000000000007 1.8332025000000003 0.12254524451289951 36.95000000000001 33.45000000000001 32.500000000000007 28.450000000000003 7.7657680000000013 234.50000000000003 35.500000000000007 12.243220054473738 14.500000000000002 52.500000000000007 0.23861283643892342 2.7886000000000002 32.500000000000007 11.456888266666668 1.3285570000000002 9.8193975148261554 16.955533596837949 0.13079116179615113 0.21231060606060609 12.454925673973294 11.271860000000002 10.303192211615327 0.1924501424501425 16.520962437444908 270.00000000000006 363.50000000000006 2.7886000000000002 17.975090036014411 0.39173060528559256 14.159513263069419 18.422413793103452 0.25463121783876502 30.850000000000005 34.95000000000001 0.23646138807429132 10.683060543542497 12.632753759398499 17.500000000000004 363.50000000000006 15.242815283638071 2.7453935000000005
decision_type=2 2 8 10 10 8 2 10 2 2 2 8 10 10 10 10 10 8 10 10 10 10 10 2 10 10 2 2 8 2 2 8 10 2 2 10 10 8 10 8 8 10 10 10 10 10 2 10 10 10 10 10 10 10 10 10 10 10 2 10 10 10
left_child=6 3 45 4 5 -2 9 8 17 12 11 -11 49 14 15 -14 21 -8 39 -16 -21 22 23 24 25 -15 27 28 30 37 31 38 33 -33 -34 36 -29 -30 -10 -19 61 44 -43 -44 -18 46 -3 48 -22 -1 -38 53 -53 54 55 -37 -56 -58 -27 -60 -49 -41
right_child=1 2 -4 -5 -6 -7 7 -9 26 10 -12 -13 13 16 19 -17 41 18 -20 20 47 -23 -24 -25 -26 58 -28 35 29 -31 -32 32 34 -35 -36 51 50 -39 -40 40 -42 42 43 -45 -46 -47 -48 60 -50 -51 -52 52 -54 -55 56 -57 57 -59 59 -61 -62 -63
leaf_value=-0.49556522182823576 -2.0206702313234697 -0.049611346196642363 -1.7201087691943657 3.4648929677370663 -2.0891125274278211 1.5951215114754362 -0.92553676570173282 0.22663823144671033 -0.15912130414033837 1.7067104917792832 -0.021994300524515266 -0.0239232061627348 -0.20531356087782343 -0.68011184069325314 0.9515747582030758 1.3059864221756237 -0.99740670651227559 0.036202027834745736 2.0469283493302384 -0.25331629642999137 -0.66423416870965912 0.54738336547228295 -1.9335438675024343 -0.19441416255653785 1.7427455842605697 0.053845739502852479 -0.92477449678574075 -0.168260581383052 -1.1660888381620356 -1.1512726176123238 -1.469953199668115 -1.6901808500313558 -1.5043598804739373 -0.041679382662446245 0.2444127826551796 2.2363371827573988 1.7552316023210872 -0.012937426041588091 0.45986324810492329 0.56196936076582138 -1.1556521195429934 0.44724053829280863 -0.90867924051172178 0.33985207701190134 0.642070748735182 -0.34779763200188385 4.9250679773979602 0.12406871999219256 1.8096578709227473 -1.5919530895141654 1.0870789548793975 0.030952505171824199 2.0826347440004382 -1.1269808889327733 -0.91473325571351816 -0.012583146196726069 0.88294922780177076 -0.22382377301511786 2.6726515414169736 0.13324529473519892 1.0373581761511985 -0.6301831399512402
leaf_weight=107 21 64 20 95 21 80 59 25 23 145 653 151 150 39 58 29 271 31 36 21 39 72 23 135 20 64 20 22 60 36 39 25 20 29 133 20 21 140 50 22 93 29 36 74 40 24 26 33 24 40 20 57 20 24 20 110 24 60 20 28 44 75
leaf_count=107 21 64 20 95 21 80 59 25 23 145 653 151 150 39 58 29 271 31 36 21 39 72 23 135 20 64 20 22 60 36 39 25 20 29 133 20 21 140 50 22 93 29 36 74 40 24 26 33 24 40 20 57 20 24 20 110 24 60 20 28 44 75
internal_value=-0.00104738 0.00783476 -0.00223881 0.0140553 0.00409836 0.010396 -0.00189943 -0.00449011 -0.00515904 -0.000447761 0.00279241 0.0108108 -0.00265043 -0.00124099 0.00427136 -0.00307263 -0.00381904 -0.0117089 -0.00836576 0.010274 0.0052795 0.000872818 -0.00197568 0.000326797 0.00672515 0.00298013 -0.00303186 -0.0024659 -0.00603604 -0.0122881 -0.00141066 0.00142857 -0.0031401 -0.0203704 0.00294118 0.00251256 0.0166667 -0.0085 0.0143836 -0.011991 -0.0152632 -0.008 0.000359712 -0.00636364 -0.0117363 0.00438596 0.01 0.01 -0.000793651 -0.0146259 0.0280488 -0.000149254 0.011039 -0.00348837 -0.00128205 0.00538462 -0.00961538 -0.00238095 0.00892857 0.0208333 0.0188312 -0.00670103
internal_weight=4010 351 134 217 122 101 3659 1314 1289 2345 949 296 1396 1249 398 179 851 316 257 219 161 401 329 306 171 151 973 953 555 236 319 280 207 54 153 398 63 200 73 221 190 450 139 110 311 114 90 140 63 147 41 335 77 258 234 130 104 84 112 48 77 97
internal_count=4010 351 134 217 122 101 3659 1314 1289 2345 949 296 1396 1249 398 179 851 316 257 219 161 401 329 306 171 151 973 953 555 236 319 280 207 54 153 398 63 200 73 221 190 450 139 110 311 114 90 140 63 147 41 335 77 258 234 130 104 84 112 48 77 97
is_linear=0
shrinkage=0.05


Tree=49
num_leaves=63
num_cat=0
split_feature=15 1 6 7 1 10 14 8 8 12 4 15 11 6 6 10 10 12 1 1 5 15 4 4 12 6 5 6 0 1 4 15 11 8 6 6 1 1 10 10 11 9 8 15 4 4 7 8 4 5 15 1 6 6 10 1 6 1 4 8 7 8
split_gain=12.653 18.8034 10.0065 14.9965 7.83269 6.96521 7.10323 7.76513 8.87621 6.15412 9.13513 5.98861 10.4851 9.36923 9.88728 8.39764 10.2353 7.82725 7.79627 12.7424 9.82485 11.9069 10.4626 8.78343 6.24741 6.36901 7.23644 15.4167 7.07291 5.92738 5.66449 5.46207 7.5506 7.55829 7.22703 6.4 6.17893 7.55097 5.33445 5.30142 17.3858 11.4749 8.86236 6.588 5.23833 5.56993 7.45059 8.28842 7.40745 9.10084 5.49787 9.45008 5.24869 5.20763 7.63269 5.16437 5.15062 8.06848 7.43568 5.72567 5.71205 5.12113
threshold=7.5000000000000009 20.500000000000004 16.371671671671674 45.45000000000001 3.5000000000000004 93.616666666666674 1.0000000180025095e-35 7.9585863777407866 7.0043762753119427 10.570711929142156 5.7453935000000014 5.5000000000000009 32.850000000000001 21.629824561403513 30.639920948616602 7.8989665041339849 4.974166666666668 9.7270914229865664 12.500000000000002 8.5000000000000018 1.0000000180025095e-35 6.5000000000000009 2.7886000000000002 3.6022320000000003 17.57839130224097 21.357142857142858 9.4500000000000011 15.003723404255322 11.108811808333334 7.5000000000000009 2.7886000000000002 8.5000000000000018 48.050000000000004 12.402211818500883 17.927083333333339 20.038913043478264 11.500000000000002 17.500000000000004 15.66822807017544 15.995138888888892 44.050000000000004 0.26500600240096045 12.273700559650793 2.5000000000000004 0.11421400000000002 1.1185900000000002 7.1500000000000012 3.4773184016328855 3.1025600000000004 14.050000000000002 6.5000000000000009 8.5000000000000018 0.28809523809523813 11.908013312852026 11.358203524004088 19.500000000000004 14.145739130434785 8.5000000000000018 7.8332025000000014 11.10693730118073 31.550000000000004 12.705705745644261
decision_type=2 2 10 10 2 10 8 8 10 8 10 2 8 10 10 10 10 8 2 2 10 2 10 10 10 10 10 8 2 2 10 2 8 8 10 10 2 2 10 10 10 8 10 2 10 10 10 10 10 10 2 2 10 10 10 2 8 2 8 10 10 10
left_child=5 4 -3 -4 9 6 -1 8 44 -2 -11 13 15 17 55 16 -13 53 19 20 30 22 -22 -21 25 26 27 28 -20 -17 -14 32 -6 -34 -33 -36 -35 -38 -32 42 -41 -42 43 -19 -8 52 50 -48 -49 -50 51 -47 -46 54 -9 -15 57 -45 59 -58 -59 -23
right_child=1 2 3 -5 31 -7 7 11 -10 10 -12 12 18 14 -16 29 -18 39 24 23 21 61 -24 -25 -26 -27 -28 -29 -30 -31 38 34 33 36 35 -37 37 -39 -40 40 41 -43 -44 56 45 46 47 48 49 -51 -52 -53 -54 -55 -56 -57 58 60 -60 -61 -62 -63
leaf_value=0.17688587884615858 0.47097691272136866 -0.25519052136922371 2.3032992128630658 -0.50782870930270863 0.13766701107014789 0.055803051657172947 0.62936035886035846 0.38280167725109149 0.46063830991726162 0.31232250469762307 -0.63857947859633446 -1.3345260625453541 -0.043033705075281148 0.56047423370030747 -0.15671762264115519 -1.0435534249731502 0.81170983803872121 -1.1589235362037127 0.63439087188268495 -0.049111223074754552 -1.1049716971920327 -0.76415745452229344 0.89363753022246439 -0.99802279743678357 -0.40898371186129295 0.7511812374908754 0.13302607119969459 -0.50348759143640975 -0.34847366417510134 -0.53456767318103215 3.0727685046878066 1.9088153183323238 1.0739389126777013 0.77175696474528788 -0.67822926983000809 0.79970764877507572 -0.2204757134059081 1.2547843474669662 0.50315753461822144 0.97051882666555067 -1.0871555330236677 -0.0208945854982895 -3.8537658358439444 0.81188161325977259 -1.2641683495007272 -0.18913695226671018 -0.50202260147102418 1.8493689695239934 -0.26755830591927199 0.24514005819770263 1.1695458872741511 0.48401871191766849 0.46329790588129072 0.3476643071711556 -1.3139505249267533 -0.03010513929291463 -0.014580384439577543 -0.50085371005332491 -0.26605282725850138 1.1777890387843513 -2.0235026024421003 -0.092696702390730579
leaf_weight=85 30 89 24 25 368 52 22 32 102 37 37 24 27 60 59 38 34 72 67 148 30 123 100 182 32 59 297 91 25 65 30 97 28 59 20 20 37 39 21 48 48 49 67 35 34 110 42 20 78 25 51 208 21 25 20 21 21 27 51 20 55 110
leaf_count=85 30 89 24 25 368 52 22 32 102 37 37 24 27 60 59 38 34 72 67 148 30 123 100 182 32 59 297 91 25 65 30 97 28 59 20 20 37 39 21 48 48 49 67 35 34 110 42 20 78 25 51 208 21 25 20 21 21 27 51 20 55 110
internal_value=-0.00122074 0.00395604 -0.0130435 0.00510204 0.00699482 -0.00275873 -0.00307207 -0.00348599 0.00105189 -0.00576923 -0.0135135 -0.00494803 -0.00316035 -0.00873239 0.00285714 -0.0152174 0 -0.0115789 -0.00171386 -0.00499351 0.000566893 -0.00289256 0.00923077 -0.0124242 0.00271454 0.00398887 0.00208333 -0.0057377 0.00869565 -0.0237864 0.0166667 0.00898204 0.0066855 0.0156442 0.0178832 0 0.0107407 0.00131579 0.0264706 -0.0138945 -0.00586207 -0.0180412 -0.0172414 -0.0133452 -0.0012275 -0.00212224 -0.000561798 -0.00939394 -0.00284553 -0.00825243 0.00338753 0.000943396 -0.0172727 0.00324675 -0.00576923 0.0141975 -0.00885167 -0.015812 0 0.0158537 -0.0243902 -0.00965665
internal_weight=3973 910 138 49 772 3063 3011 2926 713 104 74 2213 1503 710 140 161 58 570 1342 771 441 363 130 330 571 539 480 183 92 103 78 668 531 163 137 40 135 76 51 493 145 97 348 281 611 589 534 165 123 103 369 318 55 77 52 81 209 117 92 41 82 233
internal_count=3973 910 138 49 772 3063 3011 2926 713 104 74 2213 1503 710 140 161 58 570 1342 771 441 363 130 330 571 539 480 183 92 103 78 668 531 163 137 40 135 76 51 493 145 97 348 281 611 589 534 165 123 103 369 318 55 77 52 81 209 117 92 41 82 233
is_linear=0
shrinkage=0.05


Tree=50
num_leaves=63
num_cat=0
split_feature=16 1 1 6 12 15 6 9 15 7 4 4 5 16 7 5 2 4 8 16 16 5 7 9 10 11 16 5 9 6 12 9 9 5 9 11 4 1 0 8 16 1 6 2 9 12 4 7 0 15 0 5 4 6 12 16 1 12 7 0 1 4
split_gain=10.8716 9.35662 14.4426 11.5841 10.4129 10.1891 12.6548 10.2976 8.28316 7.80897 7.54704 8.3252 9.8559 13.6518 17.2001 7.41026 10.3275 7.28838 6.64699 8.03691 6.41333 6.33533 5.90159 7.03937 7.14162 6.40234 5.79545 5.37661 8.39799 8.38277 7.89311 8.15939 8.56464 7.7236 7.28523 5.85866 5.15151 5.08804 4.8972 7.39251 8.00833 6.6881 4.82577 4.69627 9.59331 5.55942 4.66342 11.5477 5.11162 4.7423 6.82581 4.60093 4.41017 4.91652 8.67526 10.3744 6.1345 7.65553 6.02353 8.54982 5.59699 10.4339
threshold=-24.499999999999996 20.500000000000004 11.500000000000002 20.18882575757576 12.807754250539912 1.5000000000000002 0.28809523809523813 0.29061583577712619 7.5000000000000009 66.350000000000009 1.1185900000000002 1833.3716805000001 26.150000000000002 107.50000000000001 42.95000000000001 19.750000000000004 27.500000000000004 11.943318000000001 15.310395086413882 102.50000000000001 -234.49999999999997 23.950000000000003 28.050000000000004 0.17883795309168446 13.589773495605138 47.150000000000013 -9.4999999999999982 21.250000000000004 0.27543103448275869 12.288690476190478 17.728171819863864 0.16568627450980394 0.28474903474903479 12.350000000000003 0.29459980713596917 41.250000000000007 9.7453935000000023 21.500000000000004 11.932213500000001 8.5064672434070694 -109.49999999999999 12.500000000000002 24.855082191780827 1.0000000180025095e-35 0.2965856481481482 11.738657992187774 11.833202500000001 27.350000000000005 12.142763800000003 7.5000000000000009 11.950360425000001 0.95000000000000007 0.07576200000000001 16.634523809523809 20.372113814195682 58.500000000000007 7.5000000000000009 20.186267524468622 47.250000000000007 10.697393500000002 6.5000000000000009 14.114214000000002
decision_type=2 2 2 10 10 2 8 8 2 10 10 10 10 2 8 10 2 10 10 2 2 10 10 10 10 10 2 10 8 10 10 10 10 10 8 10 10 2 2 10 2 2 10 2 10 10 10 10 2 2 2 10 10 8 10 2 2 8 10 2 2 10
left_child=8 2 43 5 -5 6 -4 15 20 18 37 12 13 14 -12 22 -17 21 19 -6 -1 36 -7 -24 -25 -26 -9 28 33 -29 31 -31 -33 51 -30 -35 38 -3 39 -10 -41 -42 -14 44 45 -2 48 -48 49 50 -28 -22 -45 60 56 -56 57 -55 59 -58 -54 -62
right_child=1 10 3 4 9 7 -8 26 17 -11 11 -13 42 -15 -16 16 -18 -19 -20 -21 27 -23 23 24 25 -27 46 29 34 30 -32 32 -34 35 -36 -37 -38 -39 -40 40 41 -43 -44 52 -46 -47 47 -49 -50 -51 -52 -53 53 54 55 -57 58 -59 -60 -61 61 -63
leaf_value=1.0923065983668796 0.6362818390253816 -0.27883868244405502 0.14082712292988636 0.31637440412097756 0.49954021747876171 0.67536831454382917 -1.569632169102352 -0.2235643604996799 -2.4713010673788709 -0.24847094069302358 0.56117183670351445 -0.10601521942139946 0.39121774547837629 -1.4512393421051837 -0.44156295650262722 -0.082581910653182086 0.33528802811831798 0.75723440025168043 2.2183275403119818 -1.2579864476505422 -0.25818350235496323 -0.70012167290942751 -1.0111938286762694 -0.68600623025255558 0.15548581013403756 -0.76677184746307603 0.40286911285028942 -2.3120356445089953 0.54442335510214923 -2.2221951496187926 0.067038124138548219 0.10879693016399693 -2.5790715233524426 0.44013154962130074 -0.16836814901453964 -1.4280366538067353 -1.1628209914433132 -0.3134031455591455 2.0911397834706245 -1.4471679335005128 0.068621886840235111 1.4002614795764459 -0.014223504155543982 0.70319286034769601 -1.3292644545746857 -0.092826396428874691 0.067340962258394768 -0.97770292246523105 -0.29871831122975973 2.8718980453016805 3.2151639567920052 -1.8934961047214107 -0.13129937735218858 0.018845969084505865 0.26593162446923951 -0.9630838549037315 0.9640395522164813 -0.29815093457724229 -1.0462886818083301 -0.33975077660312603 0.052379584095501391 4.053001880049389
leaf_weight=22 26 20 32 25 42 42 33 38 22 31 58 54 44 28 35 86 64 37 92 31 38 39 49 61 63 25 279 31 24 47 21 58 23 37 285 38 20 21 20 32 28 20 27 47 53 36 112 43 36 64 31 85 418 188 39 21 23 30 85 62 452 23
leaf_count=22 26 20 32 25 42 42 33 38 22 31 58 54 44 28 35 86 64 37 92 31 38 39 49 61 63 25 279 31 24 47 21 58 23 37 285 38 20 21 20 32 28 20 27 47 53 36 112 43 36 64 31 85 418 188 39 21 23 30 85 62 452 23
internal_value=-0.00102603 0.000407299 0.00129403 0.00519937 0.0156109 0.00302457 -0.0161538 0.00427996 -0.00577131 0.0117347 -0.00818815 -0.00487805 0 -0.00867769 0.000537634 -0.00205128 0.00666667 0.00275229 0.0160606 0.00479452 -0.0083921 -0.00138122 -0.0075 -0.0111111 -0.0057047 0.00340909 0.00837479 -0.00924309 -0.0066075 -0.0166667 -0.011745 -0.0164063 -0.00679012 -0.0146465 -0.00145631 -0.002 0.00352113 -0.0280488 0.00737705 0.00294118 0.01 0.0229167 0.0147887 -0.00202927 -0.0117391 0.0016129 0.00964602 0.00225806 0.012439 0.0141711 0.0116129 -0.0223577 -0.00122478 -0.00175242 -0.00602679 0.0116667 -0.00876289 -0.00321101 -0.0158824 -0.00647059 0.000391937 0.00410526
internal_weight=3996 3069 2782 1279 221 1058 65 993 927 196 287 246 192 121 93 390 150 218 165 73 709 181 240 198 149 88 603 687 507 180 149 128 81 198 309 75 142 41 122 102 80 48 71 1503 115 62 565 155 410 374 310 123 1388 1341 448 60 388 218 170 85 893 475
internal_count=3996 3069 2782 1279 221 1058 65 993 927 196 287 246 192 121 93 390 150 218 165 73 709 181 240 198 149 88 603 687 507 180 149 128 81 198 309 75 142 41 122 102 80 48 71 1503 115 62 565 155 410 374 310 123 1388 1341 448 60 388 218 170 85 893 475
is_linear=0
shrinkage=0.05


Tree=51
num_leaves=63
num_cat=0
split_feature=4 1 12 11 13 1 9 7 12 10 1 1 11 4 15 1 12 5 15 15 15 8 4 10 8 0 1 11 13 11 13 4 0 12 0 0 13 5 11 8 13 11 12 10 10 6 15 10 4 12 15 11 13 8 4 13 4 11 1 6 4 12
split_gain=6.53094 6.83503 9.58315 12.8328 8.51157 11.095 8.72741 9.32836 8.68051 7.91276 7.74215 10.157 12.0803 8.94537 8.03407 7.95404 12.049 7.82105 7.69191 7.57297 7.05627 11.2659 13.1324 7.19841 8.4603 7.36596 7.04348 6.96587 6.62759 6.11943 6.10198 6.31658 5.92433 5.57673 5.40913 8.52891 5.40192 5.3233 5.20084 5.00462 6.5288 9.42761 10.0325 9.62184 7.90361 7.41623 6.47326 5.49045 5.4 5.25845 5.40705 7.15611 10.8411 10.8767 6.67625 4.94987 5.55931 4.93794 4.93475 6.06429 4.90798 4.85335
threshold=2941.9243020000004 12.500000000000002 10.010745938859507 36.750000000000007 0.21751918158567776 10.500000000000002 0.30583900226757377 37.550000000000004 10.687169791256084 11.97936170212766 20.500000000000004 17.500000000000004 48.95000000000001 1.1185900000000002 4.5000000000000009 13.500000000000002 14.433238836243282 1.7500000000000002 4.5000000000000009 3.5000000000000004 3.5000000000000004 9.1901765829577382 11.765768000000003 23.898120300751881 14.745378600987939 11.154141975000003 21.500000000000004 51.550000000000004 0.43353413654618483 53.95000000000001 0.25082781456953646 2.8332025000000005 11.397078316666668 18.355691725052363 10.61197581666667 11.932213500000001 0.15694376924323453 3.1500000000000008 32.850000000000001 13.926382932835129 0.15958653400010311 40.350000000000001 11.202224443795261 14.213847117794488 13.630007309941522 13.672693383038212 6.5000000000000009 14.141196013289038 4.2400190000000011 10.72551937512622 1.5000000000000002 7.1500000000000012 0.36681957186544351 9.5054985037121131 1559.4166675000004 0.2007194244604317 6.3092830000000006 46.45000000000001 18.500000000000004 9.4227659574468081 14.726701000000002 10.773145782263624
decision_type=8 2 8 8 10 2 8 10 10 10 2 2 10 10 2 2 10 10 2 2 2 10 10 10 10 2 2 10 10 10 8 10 2 10 2 2 10 10 10 10 8 10 10 10 10 10 2 10 10 10 2 10 10 8 10 10 10 10 2 8 10 10
left_child=1 2 -1 38 19 6 7 32 -8 28 11 12 15 26 36 30 39 -16 27 -5 -13 58 23 24 25 57 -12 -9 -7 -11 -3 -32 -6 55 37 -36 -15 -10 -4 40 46 42 43 49 -43 -46 -17 -44 -47 50 -42 54 -53 -54 -52 -14 -57 -23 -22 -60 -33 -40
right_child=-2 10 3 4 5 9 8 18 34 29 13 20 33 14 17 16 -18 -19 -20 -21 21 22 -24 -25 -26 -27 -28 -29 -30 -31 31 60 -34 -35 35 -37 -38 -39 61 -41 41 44 47 -45 45 48 -48 -49 -50 -51 51 52 53 -55 -56 56 -58 -59 59 -61 -62 -63
leaf_value=0.040401276531223655 -0.13844783955615644 -0.24642236074679716 -1.6111472851630588 0.1886537755683107 1.868526033855525 3.5784950346489364 -1.3557954659340621 -2.1114717688691211 0.39037525156068525 -1.5120660501549732 -0.39485368925680986 -0.16969236712134148 0.30055568391492865 -0.016974425250076336 -1.3485813198196372 -2.0761448827665379 3.7757423967025332 -0.011634356766556575 0.37645452750912356 -0.21237680994592348 5.6806099040484632 1.5153639419048404 -0.92227805806834484 -0.13951625934386769 2.7190474399254017 -0.30073971151374795 -0.44728092232680894 0.74622212762029572 -1.5702048875850052 -0.13161908437027492 -0.31192499893079212 1.837450982694965 0.052140466132541176 -0.31900661469357966 1.0675502337575871 -0.3012482475659134 0.70434985363726532 -1.536912147794161 -0.25865972557046851 -1.4487142719889707 -0.99458134851598246 0.85380834217476931 -1.4347355302298619 0.13681937714493239 -1.019297452597882 0.90716065747218766 0.12235482034671992 -0.7003846397173551 -1.2692391160248637 -2.6237770583998579 0.68096973925606941 0.11310172833285193 -1.0950978459158403 0.48791394028753426 -0.1200085485962885 0.68873014564578683 -0.56696956159386713 1.6985346305499385 0.64683062764789412 5.1437512719934873 0.0048667701798313723 -1.0906671316140473
leaf_weight=703 61 47 22 38 47 29 20 21 26 95 23 46 53 20 36 39 25 156 210 473 39 65 31 39 47 49 23 22 20 55 35 64 30 28 147 44 32 37 64 40 41 51 34 23 21 30 21 29 30 20 69 98 103 21 24 54 25 23 43 28 25 72
leaf_count=703 61 47 22 38 47 29 20 21 26 95 23 46 53 20 36 39 25 156 210 473 39 65 31 39 47 49 23 22 20 55 35 64 30 28 147 44 32 37 64 40 41 51 34 23 21 30 21 29 30 20 69 98 103 21 24 54 25 23 43 28 25 72
internal_value=-0.000978424 -0.000726115 -0.0025977 -0.0048913 -0.00327245 -6.22665e-05 0.00331126 0.00878788 -0.00328467 -0.0103015 0.0016 0.00308219 0.00047619 -0.00586207 -0.00204918 -0.00179775 -0.00410292 -0.00677083 0.0041502 -0.00831703 0.0097561 0.0120879 0.00629921 0.0105381 0.0146739 0.00839416 -0.026087 -0.0151163 0.00714286 -0.016 0.00789474 0.0137097 0.024026 0.013125 -0.000787402 0.00340314 0.0153846 -0.0134921 -0.0183544 -0.00533141 -0.00428135 -0.0026936 -0.00606061 -0.00313283 0.00909091 -0.000617284 -0.02 -0.0246032 0.00833333 -0.00505319 -0.00365169 -0.00142857 -0.00630631 -0.016129 0.0102151 0.0174242 0.00949367 0.0170455 0.0254545 0.0176056 0.0207865 -0.0147059
internal_weight=3986 3925 2175 1472 1314 803 604 330 274 199 1750 1460 1050 290 244 890 719 192 253 511 410 364 254 223 184 137 46 43 49 150 171 124 77 160 254 191 52 63 158 694 654 594 462 399 132 81 60 63 60 376 356 315 222 124 93 132 79 88 110 71 89 136
internal_count=3986 3925 2175 1472 1314 803 604 330 274 199 1750 1460 1050 290 244 890 719 192 253 511 410 364 254 223 184 137 46 43 49 150 171 124 77 160 254 191 52 63 158 694 654 594 462 399 132 81 60 63 60 376 356 315 222 124 93 132 79 88 110 71 89 136
is_linear=0
shrinkage=0.05


Tree=52
num_leaves=63
num_cat=0
split_feature=4 15 5 5 5 1 1 14 1 9 1 13 6 6 10 0 13 10 4 2 0 13 6 14 13 5 4 4 14 5 13 5 2 9 4 5 6 6 2 1 2 8 4 10 7 1 4 0 4 13 13 9 4 2 4 4 0 11 2 1 4 11
split_gain=7.19541 9.04968 6.90478 14.4551 10.9288 7.7758 14.0714 7.0533 6.68308 9.70582 7.73365 12.7668 11.3336 9.46753 9.03894 8.83967 8.54415 9.85599 8.5084 7.6312 7.12362 7.09142 6.48588 10.2777 9.25081 6.82549 6.47384 11.0806 6.78814 6.46177 6.49432 6.33717 6.15604 6.14371 8.11905 6.09212 6.72047 7.08972 7.54431 6.06522 6.02116 5.79884 5.77236 7.97421 8.61645 5.72344 10.8094 7.45344 5.56239 5.46106 11.2061 6.81122 5.43204 7.12199 7.18221 6.96889 5.42867 5.46759 8.41855 5.41106 5.37142 5.3227
threshold=2941.9243020000004 7.5000000000000009 6.0500000000000007 5.0500000000000007 9.4500000000000011 12.500000000000002 15.500000000000002 570.00000000000011 20.500000000000004 0.25962962962962971 17.500000000000004 0.12254524451289951 9.1362455197132633 24.211274509803925 12.632753759398499 10.417885925000002 0.29561459667093476 14.364304600740352 11.765768000000003 22.500000000000004 11.456888266666668 0.4359237536656892 11.146056547619049 150.00000000000003 0.18530782438067209 21.850000000000005 14.943318000000001 15.835354000000001 90.000000000000014 23.050000000000004 0.22542115437724389 25.250000000000004 37.500000000000007 0.16152751423149908 2.9433180000000005 39.95000000000001 15.387637130801687 24.855082191780827 37.500000000000007 6.5000000000000009 22.500000000000004 14.413168522208299 1.4260780000000002 17.35275531596287 40.45000000000001 16.500000000000004 2.0054830000000003 10.44924504166667 6.1142140000000014 0.33447488584474888 0.27970588235294125 0.44782214156079864 5.1025600000000013 32.500000000000007 11.426078000000002 4.2400190000000011 10.61197581666667 17.050000000000004 17.500000000000004 6.5000000000000009 7.0054830000000008 52.95000000000001
decision_type=8 2 10 10 10 2 2 8 2 10 2 8 10 8 10 2 10 10 10 2 2 10 8 10 8 10 10 10 8 10 8 10 2 8 10 10 10 10 2 2 2 8 10 10 8 2 10 2 10 10 10 10 10 2 10 10 2 10 2 2 10 10
left_child=1 2 3 26 33 7 -7 22 10 41 12 -12 15 18 21 -3 35 -18 40 -17 59 -14 23 25 42 48 28 -28 52 30 -8 -31 -32 -4 -35 36 -16 38 -38 -36 -13 -10 -24 -44 -45 47 -47 -30 -6 50 -49 -51 55 -54 -55 -1 -53 -58 -59 -21 -48 -26
right_child=-2 8 4 -5 5 6 29 -9 9 -11 11 13 14 -15 16 19 17 -19 -20 20 -22 -23 24 -25 61 -27 27 -29 45 31 32 -33 -34 34 39 -37 37 -39 -40 -41 -42 -43 43 44 -46 46 60 49 -50 51 -52 56 53 54 -56 -57 57 58 -60 -61 -62 -63
leaf_value=0.12120648970765568 -0.13152544757834861 0.33144385711109109 0.069063593363381373 1.0599709327875726 -0.41836517434428339 0.16636267001732027 -0.75426361290016219 0.29411424261916602 1.5546517904755142 -0.68698384287932379 -0.3857621545677119 0.88697368278085242 0.96788274298840948 6.3107889089747653 -0.012743911711105227 -0.93731668784065969 -1.5979986461123166 0.047020289541115812 -0.30165027368858155 -1.1680682060527496 0.23452933938115247 0.012016471782624306 -0.88924431003462423 -1.2604810861180198 -0.75062188071078551 1.5665037704711999 1.2426683430262131 -0.003969445408363889 -1.4205926046031085 1.6774152314495678 0.046946222695489585 -0.0059267843422085992 -1.9586370029837825 0.011291414521286259 -0.29299301160060492 -1.0979141682653404 0.90486649973929412 -0.28449926032757816 0.04419312372959916 -1.674606019539451 2.6387642938575766 -0.086989759006943349 0.64066257658772696 -0.97571017749885414 0.021794909732614859 -0.75888540850120023 1.4597354007806684 -0.061510507198593967 0.26345692999253995 0.65592084295208375 -1.21554207172285 1.1622942228656414 1.1348075115461886 0.71807253332742826 -0.52092213463217418 -0.7632209062492934 0.011880164132329797 0.1814849791203792 -0.48648896851567192 0.42485766864978142 0.057832583900858971 -0.10631721401096304
leaf_weight=200 59 25 37 55 44 268 70 22 31 47 21 47 77 28 99 40 22 37 24 25 32 42 30 29 366 40 28 50 72 22 77 200 37 44 32 20 76 30 49 92 55 32 41 24 133 30 41 132 24 56 60 21 114 59 28 25 155 31 74 22 52 118
leaf_count=200 59 25 37 55 44 268 70 22 31 47 21 47 77 28 99 40 22 37 24 25 32 42 30 29 366 40 28 50 72 22 77 200 37 44 32 20 76 30 49 92 55 32 41 24 133 30 41 132 24 56 60 21 114 59 28 25 155 31 74 22 52 118
internal_value=-0.000465643 -0.000204394 -0.00150016 0.00128605 -0.00354286 -0.00210356 0.00192878 -0.00522388 0.00425653 -0.00727273 0.00590143 0.0151429 0.00318792 0.0201299 0.00707965 -0.00902778 0.00285285 -0.0144068 0.0142857 -0.0147059 -0.0056962 0.0189076 -0.00594817 0.0040146 -0.00786517 0.0111111 0.000162866 0.0141026 -0.000782609 -0.00394089 -0.0108696 0.0018018 -0.00350877 -0.0143902 -0.0184524 0.00656934 0.00866142 0.0151613 0.0204 -0.025 0.0205882 0.00555556 0.000438596 0.00353535 -0.00159236 -0.00372928 0.00609756 -0.00574043 0.00147059 -0.0036862 -0.0104167 0.000148368 0.00422535 0.010199 -0.000574713 -0.00111111 -0.00302491 -0.005 -0.0138095 -0.0180851 0.0145161 -0.0117769
internal_weight=3973 3914 3033 1283 1750 1545 674 871 881 110 771 175 596 154 452 144 333 59 126 119 79 119 849 137 712 108 1228 78 1150 406 184 222 114 205 168 274 254 155 125 124 102 63 228 198 157 724 123 601 68 529 192 337 426 201 87 225 281 260 105 47 93 484
internal_count=3973 3914 3033 1283 1750 1545 674 871 881 110 771 175 596 154 452 144 333 59 126 119 79 119 849 137 712 108 1228 78 1150 406 184 222 114 205 168 274 254 155 125 124 102 63 228 198 157 724 123 601 68 529 192 337 426 201 87 225 281 260 105 47 93 484
is_linear=0
shrinkage=0.05


Tree=53
num_leaves=63
num_cat=0
split_feature=16 11 5 7 1 12 12 1 5 0 5 6 6 9 5 4 9 13 1 5 11 1 9 7 4 9 5 7 4 5 8 10 7 16 11 9 8 6 11 7 13 1 10 13 15 13 10 8 11 5 16 1 1 10 9 5 12 8 0 13 13 5
split_gain=7.73488 10.2547 7.97516 8.94024 8.677 7.74457 15.541 15.3628 7.71637 7.50454 7.3878 6.57821 7.7972 7.71429 6.31743 6.88625 6.21247 6.95145 7.82646 6.48982 6.25144 6.18725 10.6558 8.07545 6.9944 7.94044 7.02956 11.9914 6.93746 6.28257 5.93096 9.7683 5.84817 5.74415 7.29711 5.89255 5.64107 5.56807 7.11111 6.29703 6.75949 6.58735 6.24283 8.46125 8.57207 6.12249 5.95238 5.39429 10.9161 5.33677 5.19353 5.13966 5.28913 5.10388 5.08664 5.69415 5.08663 4.94524 4.94002 4.88692 5.10654 4.8505
threshold=26.500000000000004 66.950000000000017 18.850000000000005 25.950000000000003 12.500000000000002 16.130346541433216 14.80368632814257 21.500000000000004 3.1500000000000008 12.040689041666669 12.050000000000002 17.164583333333336 25.481187290969906 0.12579113924050636 5.0500000000000007 5.3285570000000009 0.16035714285714289 0.28053779308083299 9.5000000000000018 30.250000000000004 43.95000000000001 7.5000000000000009 0.32025641025641033 37.350000000000001 8.9433180000000014 0.13079116179615113 16.350000000000005 36.250000000000007 2.2247530000000002 10.050000000000002 14.928330437491423 14.83266666666667 40.45000000000001 -78.499999999999986 39.050000000000004 0.19538706256627789 13.777974643234868 22.042405797101452 49.250000000000007 41.850000000000001 0.42237871674491395 4.5000000000000009 13.07735042735043 0.3024785801713587 7.5000000000000009 0.22259759759759762 23.487623493648901 14.505981729248555 44.050000000000004 47.050000000000004 108.50000000000001 12.500000000000002 8.5000000000000018 13.267268445839877 0.17262664963814392 28.950000000000003 13.528952438107094 11.75241202542853 11.237888300000002 0.42933947772657455 0.30992957746478877 28.050000000000004
decision_type=2 8 10 10 2 10 10 2 8 2 10 10 10 10 10 10 10 10 2 10 10 2 10 8 10 10 10 10 10 10 10 10 10 2 10 8 10 8 10 10 10 2 10 10 2 10 10 10 10 10 2 2 2 10 10 10 10 10 2 10 10 10
left_child=5 2 10 -4 16 6 8 -7 47 11 37 32 -13 -14 15 -10 19 18 30 -5 59 22 -16 24 25 -23 28 -28 -27 -30 31 -18 53 34 -25 54 -12 39 -39 41 42 -2 -41 44 45 -44 -40 48 -1 50 -3 52 -8 -6 55 -35 -36 -50 -57 60 -19 -22
right_child=1 49 3 4 9 7 51 -9 14 -11 36 12 13 -15 21 -17 17 20 -20 -21 61 23 -24 33 -26 26 27 -29 29 -31 -32 -33 -34 35 56 -37 -38 38 46 40 -42 -43 43 -45 -46 -47 -48 -49 57 -51 -52 -53 -54 -55 -56 58 -58 -59 -60 -61 -62 -63
leaf_value=0.0020441558004113069 1.1065014227574401 -0.54619366799216962 2.5256156224024582 -0.0092038756691016806 0.067371580544816831 0.11127848325275141 -0.29757181961186513 -0.36275214763927172 -1.8854114344580755 -0.32480268812530899 -0.22576185458525908 2.248378335920465 -0.92382868650825856 3.4293805272780462 -0.062309302699813142 -0.001274741783023714 -0.95941747597476312 0.19671988559104642 -0.61298361663607437 2.0054246683358876 2.0375169272402727 -2.0804866170441656 -1.6686810956713582 0.10701088451221895 0.36087426942918155 1.2826969021022805 -0.38065130665080604 0.80271299519705441 -1.5063465898467792 0.17037398298313217 -1.3680944018354451 2.3873782059001871 -0.097779926343437754 0.063337190821342967 -2.727658068410034 -0.074749762749909784 0.57922934989125696 3.8181301679010553 1.7657692307934434 1.008752110661143 -0.41378200584212976 0.039189303698482905 -0.68374426147772172 -1.195275927182216 2.3562553334991088 0.10135948794354582 -0.5609312187718779 -1.3216100020079204 0.14794860387593953 -0.55115601201534092 0.68860602858826359 -0.074674280679773553 -5.3218440040805026 2.8351307148639262 0.73341732692924266 -1.34335018164833 -0.7153512065906672 2.6823225527788743 0.028084579838719172 0.69185599882516458 -0.75001229200018493 0.11904645437800349
leaf_weight=522 78 29 27 32 43 193 22 23 38 25 179 89 21 21 245 24 25 21 28 25 30 20 43 23 64 47 101 20 23 36 27 28 47 46 47 232 39 24 20 28 23 703 37 40 22 46 28 22 25 57 39 25 37 34 22 23 20 34 24 32 26 36
leaf_count=522 78 29 27 32 43 193 22 23 38 25 179 89 21 21 245 24 25 21 28 25 30 20 43 23 64 47 101 20 23 36 27 28 47 46 47 232 39 24 20 28 23 703 37 40 22 46 28 22 25 57 39 25 37 34 22 23 20 34 24 32 26 36
internal_value=-0.000723192 0.00146839 0.00238854 0.00705024 0.00576271 -0.00292354 -0.0040056 0.00601852 -0.00296884 0.0121429 0.00011839 0.0147059 0.0225191 0.0047619 -0.00546448 -0.0209677 0 -0.00335968 -0.012963 0.0149123 0.0037931 -0.00453668 -0.0107639 -0.00213904 0.00401929 0.000202429 0.00286344 -0.0053719 0.0122642 0.000847458 -0.005 0.00471698 0.00645161 -0.00652174 -0.0177778 -0.00360231 -0.00825688 0.00185891 0.0152778 0.00087001 -0.00714286 0.00288092 -0.00375723 -0.00793103 -0.00047619 -0.00783133 0.00416667 0.00157546 0.0024957 -0.0124 -0.00294118 -0.025 -0.0330508 0.0149351 0.00565217 0.000537634 -0.0261194 0.0228814 -0.0117021 -0.0056962 -0.0159574 0.0151515
internal_weight=4010 2009 1884 617 590 2001 1785 216 1701 280 1267 255 131 42 1098 62 310 253 108 57 145 1036 288 748 311 247 227 121 106 59 80 53 124 437 90 347 218 1049 72 977 196 781 173 145 105 83 48 603 581 125 68 84 59 77 115 93 67 59 47 79 47 66
internal_count=4010 2009 1884 617 590 2001 1785 216 1701 280 1267 255 131 42 1098 62 310 253 108 57 145 1036 288 748 311 247 227 121 106 59 80 53 124 437 90 347 218 1049 72 977 196 781 173 145 105 83 48 603 581 125 68 84 59 77 115 93 67 59 47 79 47 66
is_linear=0
shrinkage=0.05


Tree=54
num_leaves=63
num_cat=0
split_feature=16 9 16 9 14 15 1 1 16 13 13 16 1 9 13 11 5 4 2 7 14 4 9 15 9 11 16 16 2 12 9 16 13 13 4 1 6 13 7 6 5 9 12 2 14 6 4 4 7 5 5 12 5 13 4 9 7 12 12 7 12 11
split_gain=8.42093 10.5452 9.16528 8.16583 6.49921 7.14929 10.3516 11.0174 9.76894 8.65097 7.8223 6.54846 8.39415 7.55106 6.25668 7.65177 7.20772 8.4303 8.06667 6.72288 9.11853 8.23542 5.97441 6.14945 5.92254 10.3578 8.90431 8.05861 5.73386 9.03962 8.00041 5.68233 5.60261 8.71695 9.84695 7.98529 5.41116 7.05282 7.51111 5.20397 5.19943 7.6931 6.42145 5.15468 5.14638 5.09667 5.05057 7.25993 5.89425 5.33445 4.89815 4.83753 11.1435 6.98258 7.32897 4.71973 4.68111 10.8593 12.9321 7.2565 7.08583 6.27673
threshold=-4.4999999999999991 0.039230769230769243 -234.49999999999997 0.11566332218506133 2700.0000000000005 5.5000000000000009 20.500000000000004 12.500000000000002 286.50000000000006 0.31230095541401276 0.16611479028697576 377.50000000000006 19.500000000000004 0.18441295546558709 0.22009174311926608 43.45000000000001 4.9500000000000011 3.2718600000000002 37.500000000000007 37.050000000000004 90.000000000000014 3.8354865000000005 0.42980295566502463 7.5000000000000009 0.29805897723030988 33.050000000000004 2.5000000000000004 32.500000000000007 47.500000000000007 9.8128511888749159 0.95119047619047625 32.500000000000007 0.82952776336274014 0.37096026873624471 4.4260780000000013 8.5000000000000018 5.689931350114418 0.36434624697336565 35.850000000000001 33.60208333333334 20.850000000000005 0.27622890682318418 18.547755057340026 47.500000000000007 1.0000000180025095e-35 22.576842105263161 6.7267010000000012 1833.3716805000001 36.95000000000001 25.950000000000003 29.050000000000004 13.749466471522664 30.450000000000003 0.20354676710608918 7.0054830000000008 0.31622807017543864 38.550000000000004 11.699348083862629 12.585731282706201 44.850000000000001 13.465420231617202 33.650000000000013
decision_type=2 8 2 8 10 2 2 2 2 10 8 2 2 8 10 10 10 10 2 8 10 10 10 2 8 10 2 2 2 8 10 2 10 10 10 2 8 10 8 10 10 10 10 2 10 10 10 10 10 10 10 8 10 10 10 10 10 10 10 10 10 10
left_child=1 -1 -3 -4 5 11 7 14 28 -10 -8 12 24 -14 19 16 32 18 -18 31 50 -22 23 43 26 -26 -2 -27 30 -30 45 -7 33 35 -35 -16 -29 38 -38 -28 42 51 44 -17 -5 56 48 49 -12 -48 -21 52 -42 54 -53 -13 61 -58 -59 60 -60 -9
right_child=4 2 3 40 -6 6 10 8 9 -11 46 55 13 -15 15 22 17 -19 -20 20 21 -23 -24 -25 25 27 39 36 29 -31 -32 -33 -34 34 -36 -37 37 -39 -40 -41 41 -43 -44 -45 -46 -47 47 -49 -50 -51 -52 53 -54 -55 -56 -57 57 58 59 -61 -62 -63
leaf_value=0.1057145590901138 0.27082243084258095 1.5223285436384779 -1.50816095918332 0.52440429757506524 0.46587194401170146 0.76332807769441069 0.38360677965067502 0.022384725667637051 4.258646729946479 0.057117657816041861 -0.11221100656723415 -0.4876451918382998 -0.24217033925177064 0.61899141019489479 0.71944478742715323 1.3532717024351584 -0.13038713518582343 -0.48923848737310788 1.5829672816530078 -0.092435617348303994 -1.1049337507543584 -0.32804666618200601 -0.19131512905897952 0.023278454892070501 -0.033869031857110404 -2.0102845345467353 -0.00031466739634674614 1.8597662832837099 -0.24912676668744427 0.20348236774661599 2.7646928811089069 -0.099420063359062644 -0.1587861252310816 -0.0070933504130811899 2.8468049862214118 -1.1816940358443973 0.27574308511634377 -0.94931271439556031 -0.43087771615722731 -0.45464230173143705 -0.1530360196524061 -1.5852470408877903 2.1782665381560022 -0.071962095426066242 -0.14597065395158312 1.7747535967418431 -0.13400993853868357 -0.066592056489122128 -0.48092835238156778 0.64612364677718548 0.6827512746764367 0.39049876020664387 0.73170578297183231 -2.2609482405048573 -0.34461454025730814 -0.15920952383682341 -0.90504574546459249 2.13518431900154 0.74889744038051131 0.40707335998162553 -1.3548994065628468 0.86106701618760162
leaf_weight=57 43 29 75 23 25 20 20 146 56 32 24 20 24 70 41 126 49 172 35 48 36 100 35 77 220 39 242 21 36 58 23 42 59 36 55 20 32 50 40 29 77 69 25 27 766 47 30 39 41 21 27 20 35 31 37 26 29 21 23 60 34 100
leaf_count=57 43 29 75 23 25 20 20 146 56 32 24 20 24 70 41 126 49 172 35 48 36 100 35 77 220 39 242 21 36 58 23 42 59 36 55 20 32 50 40 29 77 69 25 27 766 47 30 39 41 21 27 20 35 31 37 26 29 21 23 60 34 100
internal_value=-0.00093199 -0.00434084 -0.00534962 -0.00604491 0.000623624 0.000388745 0.00214092 0.00335329 0.00834586 0.0238636 -0.00942857 -0.00338785 -0.00234568 0.0117021 4.97512e-05 0.00245902 -0.00139186 -0.00703125 0.00595238 -0.00641026 -0.0106635 -0.0183824 0.00924528 0.0121739 -0.00418994 -0.00820896 0.000955414 -0.017033 0.0059792 -0.00531915 0.00817805 0.00806452 0.00545024 0.0105263 0.0203297 -0.00409836 -0.0115385 -0.0155738 -0.00555556 -0.00239852 -0.00493998 -0.0109665 -0.0029484 0.0179739 -0.00373891 0.00673913 -0.0132258 -0.00555556 -0.0238462 0.00686275 0.00333333 -0.006 0.000892857 -0.0147727 -0.00438596 -0.0217391 0.00496368 -0.00149701 0.00434783 -0.00213675 -0.0149123 0.00934959
internal_weight=3970 1244 1187 1158 2726 2701 1845 1670 665 88 175 856 810 94 1005 732 467 256 84 273 211 136 265 230 716 402 314 182 577 94 483 62 211 152 91 61 143 122 72 271 1083 269 814 153 789 460 155 90 65 51 75 200 112 88 57 46 413 167 138 117 57 246
internal_count=3970 1244 1187 1158 2726 2701 1845 1670 665 88 175 856 810 94 1005 732 467 256 84 273 211 136 265 230 716 402 314 182 577 94 483 62 211 152 91 61 143 122 72 271 1083 269 814 153 789 460 155 90 65 51 75 200 112 88 57 46 413 167 138 117 57 246
is_linear=0
shrinkage=0.05


Tree=55
num_leaves=63
num_cat=0
split_feature=16 15 8 7 6 7 7 12 10 7 9 10 9 16 8 9 7 6 12 9 16 13 16 16 4 1 2 12 14 9 13 8 13 13 4 1 10 15 13 10 13 1 8 15 1 11 11 8 12 12 8 8 2 16 10 10 6 15 13 10 7 6
split_gain=6.46917 13.334 13.8768 10.7314 10.3132 8.8932 7.56952 7.76308 6.30227 5.67607 10.6815 5.2268 4.78014 4.68513 8.26253 8.4 5.9113 11.3011 8.66712 8.51355 7.27119 6.89655 5.9796 5.74829 6.67888 5.3792 6.72969 5.40208 5.29842 5.13832 9.9297 5.11201 5.07629 7.12778 6.46998 10.7908 6.12161 5.98054 5.98508 5.33492 5.05756 5.06828 4.91675 8.8712 6.58258 7.45336 8.11688 6.71312 6.54895 6.13099 11.1535 10.4125 6.7788 6.41685 8.86011 8.51027 8.17026 8.74852 8.44926 7.99017 7.3081 7.01932
threshold=253.50000000000003 3.5000000000000004 11.644704534615608 56.95000000000001 17.974825174825177 44.45000000000001 27.050000000000004 7.1259203633353074 70.208245877061486 7.1500000000000012 0.88675213675213682 10.650161030595816 0.95742753623188415 76.500000000000014 6.3825629171549219 0.70601851851851871 28.050000000000004 10.543684210526317 9.8419567096452081 0.38138528138528144 12.500000000000002 0.29301637060257751 -4.4999999999999991 48.500000000000007 12.745393500000002 4.5000000000000009 47.500000000000007 8.0055121011764196 90.000000000000014 0.52506265664160412 0.53504749426793319 10.186578256588641 0.4359237536656892 0.40936473165388837 2.0757620000000006 7.5000000000000009 18.686826923076925 7.5000000000000009 0.31501610305958139 9.0514880952380974 0.27796173657100814 12.500000000000002 11.009610445278783 8.5000000000000018 19.500000000000004 38.45000000000001 41.350000000000001 10.535999326284776 9.4401398005347943 16.275363871625512 17.29017704991389 15.447432237391185 32.500000000000007 -119.49999999999999 14.618257491675918 12.174127906976747 16.689257294429712 5.5000000000000009 0.20354676710608918 10.322381864623244 38.550000000000004 17.208771929824564
decision_type=2 2 8 10 10 10 8 10 10 8 10 8 10 2 8 8 8 10 10 8 2 10 2 2 10 2 2 8 10 10 10 10 10 10 10 2 10 2 10 10 10 2 8 2 2 10 10 10 10 8 8 10 2 2 10 8 8 2 10 10 10 10
left_child=8 2 -2 4 5 6 7 -3 9 12 13 -8 -1 16 15 -15 17 19 -19 21 22 -11 29 42 31 26 -16 -27 -22 -21 -31 -25 33 34 35 -29 -37 38 -36 -34 41 -33 43 44 45 48 -47 -48 -18 51 52 53 -51 54 -44 59 57 -57 -59 60 -55 -56
right_child=1 3 -4 -5 -6 -7 11 -9 -10 10 -12 -13 -14 14 25 -17 23 18 -20 20 28 -23 -24 24 -26 27 -28 32 -30 30 -32 40 39 -35 37 36 -38 -39 -40 -41 -42 -43 49 -45 -46 46 47 -49 -50 50 -52 -53 -54 55 61 56 -58 58 -60 -61 -62 -63
leaf_value=0.83386385797516649 0.042357670850178337 3.199935996791559 -1.4407870924972381 -1.0821095893853219 4.3600605590684323 -0.36350446074451243 2.6575844192928244 -0.93334978129707913 0.039731674671527814 -0.075317069074502641 -1.973418682647418 1.640976506704793 0.057905802414495257 -0.72842384924719861 1.5807354612174997 0.52345638467009936 0.011505764140421759 0.88031904747655043 0.0074592514243310599 0.44978910073189432 0.60357383407522969 -3.0897420495896259 0.62931592387514113 -0.65529951680828291 0.12789775626887698 1.6458571342691131 -0.3520890314686666 2.277637959565971 -1.081472231134432 -1.5059846888434008 0.20634188379919208 -1.1306195398912173 -0.10071980004852926 2.6732472522708819 -0.040236629056654927 -0.29454514756813682 1.6681622215048273 0.41994738831270839 -0.35162320376526318 -1.0270090480101175 -0.023356593853640285 -0.090769102569281307 -2.0426501585411172 0.9194200956589369 0.58151722442506315 0.56532119594589836 -0.70978551536428758 0.37140747479380543 -0.96115615702261015 2.8113165376649416 -0.031247836446695976 -2.5771957355231021 -0.0071799046475828025 0.44580923921673943 0.37686495176360268 -2.8824183471977665 -0.008896886806556736 -1.104592294312529 -0.082208229160353419 1.2190762708370333 -1.972598649457141 -1.4593441980580164
leaf_weight=60 44 27 23 22 50 38 33 25 91 29 35 75 375 35 70 21 82 41 30 24 36 29 21 45 34 31 32 32 41 25 30 55 43 39 278 93 36 93 89 32 64 45 23 41 26 64 82 30 116 39 335 65 23 26 32 40 291 43 159 44 28 21
leaf_count=60 44 27 23 22 50 38 33 25 91 29 35 75 375 35 70 21 82 41 30 24 36 29 21 45 34 31 32 32 41 25 30 55 43 39 278 93 36 93 89 32 64 45 23 41 26 64 82 30 116 39 335 65 23 26 32 40 291 43 159 44 28 21
internal_value=-0.000841497 0.00578635 -0.0141791 0.0107407 0.0137097 0.00858586 0.01375 -0.00192308 -0.00145445 -0.00178722 -0.00253368 0.0212963 0.00356322 -0.00222186 0.000757576 -0.0178571 -0.00349699 0.00294118 0.0204225 -0.00234043 0.00310734 -0.0189655 0.012 -0.00456017 -0.0117284 0.00195853 0.0127451 0.000522193 -0.00844156 0.0056962 -0.00272727 -0.0150718 -0.000340136 0.00106061 -0.000241546 0.00838509 0.00193798 -0.00326087 -0.00613079 -0.0126667 -0.0109756 -0.018 -0.00347826 0.00102041 -0.00125 -0.00294118 0.00454545 -0.00357143 -0.00959596 -0.00517536 -0.000125945 -0.00777202 0.0193548 -0.00601132 -0.0197368 -0.00435816 -0.00684803 -0.0136364 -0.00940594 0.00918367 -0.0037037 -0.00849057
internal_weight=3981 337 67 270 248 198 160 52 3644 3553 3118 108 435 3083 924 56 2159 306 71 235 177 58 100 1853 243 868 102 766 77 79 55 209 735 660 621 161 129 460 367 75 164 100 1610 441 400 374 176 112 198 1169 397 772 62 707 76 631 533 242 202 98 54 53
internal_count=3981 337 67 270 248 198 160 52 3644 3553 3118 108 435 3083 924 56 2159 306 71 235 177 58 100 1853 243 868 102 766 77 79 55 209 735 660 621 161 129 460 367 75 164 100 1610 441 400 374 176 112 198 1169 397 772 62 707 76 631 533 242 202 98 54 53
is_linear=0
shrinkage=0.05


Tree=56
num_leaves=63
num_cat=0
split_feature=10 8 16 7 1 16 1 2 16 1 16 7 16 11 14 6 1 1 1 1 1 2 9 1 8 7 10 10 9 9 10 4 1 2 10 9 16 0 1 9 0 16 16 14 11 10 2 5 5 8 11 16 2 4 16 10 0 16 14 9 6 16
split_gain=8.24255 6.53647 10.8161 9.05219 8.53036 7.31326 7.54566 6.2754 5.89645 5.81831 10.6441 10.5593 7.76697 11.3628 9.64115 10.7272 5.79464 5.67863 10.468 8.3683 11.0146 7.53173 6.74517 5.54981 10.8986 7.85203 6.25926 5.79623 5.46211 7.15577 5.46201 5.34964 5.27357 10.3259 8.66942 11.2854 7.96454 5.28037 5.15703 5.02323 9.30175 5.64572 6.95059 7.81202 5.19992 6.95215 4.96942 4.90695 4.78917 4.60235 4.41931 5.15413 10.0523 4.35606 4.32169 5.37084 4.63961 4.598 4.23345 4 3.93156 3.55457
threshold=93.616666666666674 8.6179601926492122 98.500000000000014 26.350000000000005 6.5000000000000009 102.50000000000001 4.5000000000000009 37.500000000000007 92.500000000000014 13.500000000000002 314.50000000000006 33.45000000000001 169.50000000000003 52.95000000000001 90.000000000000014 13.458409090909093 17.500000000000004 13.500000000000002 16.500000000000004 18.500000000000004 17.500000000000004 27.500000000000004 0.62910052910052927 4.5000000000000009 1.0000000180025095e-35 18.650000000000002 0.50717391304347836 1.4690730837789661 0.28669275929549903 0.22557928214447981 13.267268445839877 4.1303240000000008 8.5000000000000018 22.500000000000004 11.164754550468837 0.29459980713596917 215.50000000000003 11.108811808333334 11.500000000000002 0.29198717948717956 10.61197581666667 269.50000000000006 128.50000000000003 270.00000000000006 38.250000000000007 11.91942733990148 27.500000000000004 8.4500000000000011 13.950000000000001 11.132188299043452 31.050000000000004 16.500000000000004 32.500000000000007 6.3092830000000006 -20.499999999999996 0.39187392795883369 10.456888266666668 -66.499999999999986 90.000000000000014 0.90161290322580656 17.208771929824564 -136.99999999999997
decision_type=10 8 2 10 2 2 2 2 2 2 2 10 2 10 10 10 2 2 2 2 2 2 10 2 10 10 10 10 10 10 10 10 2 2 10 10 2 2 2 10 2 2 2 10 10 10 2 10 10 8 10 2 2 10 2 10 2 2 10 10 10 2
left_child=1 4 8 -4 23 -5 7 -7 61 10 32 30 16 14 -14 -16 31 39 54 20 21 -20 -21 24 -1 26 -25 -26 29 -15 -11 -13 34 -34 -8 46 37 -35 -10 44 53 42 43 50 45 -6 -36 58 -48 -2 51 52 -42 -41 57 -56 -57 -19 -29 -53 -17 -3
right_child=49 2 3 5 17 6 9 -9 38 11 -12 12 13 28 15 60 -18 18 19 22 -22 -23 -24 25 27 -27 -28 47 -30 -31 -32 -33 33 36 35 -37 -38 -39 -40 40 41 -43 -44 -45 -46 -47 48 -49 -50 -51 -52 59 -54 -55 55 56 -58 -59 -60 -61 -62 -63
leaf_value=1.7323735536694227 0.016494527466659647 -0.96905207379656355 2.1638822196617027 1.5424869563591828 -0.54172692511444931 2.0036936846861528 2.3664192956731793 0.031395001111511077 -1.4941395227567389 -0.76946416686942598 -1.5655301476928825 0.58407194436498588 4.0095789884222102 0.18486124711995924 -0.34984912682276886 0.50202567613800686 -0.88925939877424298 -0.010580301548054916 -0.40161115311310996 0.9277226586750964 5.1016082311953586 1.0444768923862089 -0.51624697942671138 -0.49846476531051737 -0.46838367268822562 0.043297584329446172 -1.1258655788697423 -0.047921261555204181 0.33387084113238363 -0.34074082044146436 0.20124506187683977 -0.093279186260777899 -1.0499621411237279 -0.027665390838712514 0.90041687472400767 -0.75525628191566208 -0.74581730172271399 0.99116202136003162 -0.090656840546146006 1.2694280704507603 0.59785012768138412 3.0162466198038391 -0.27829784342654129 -0.23347107746382784 -0.33582095958154407 1.9517889602046243 0.30296733828113531 -0.84456672637620134 -1.0942675860133251 0.27955101927271658 3.096751291132477 0.18424208625543059 -0.45809027929852814 2.0717320722251684 0.50952368915071422 -2.1353060306958853 -0.038792550799861394 -1.8370209956849941 0.34921665307614058 -0.43246624860082683 4.851821808425413 -0.052394399807798725
leaf_weight=47 27 122 35 29 20 47 36 42 21 31 37 21 48 32 24 29 46 20 34 32 31 29 86 48 22 32 27 21 22 20 21 22 56 51 58 35 27 33 20 44 39 21 40 39 20 21 25 26 27 22 24 25 25 48 27 20 72 39 20 20 21 1918
leaf_count=47 27 122 35 29 20 47 36 42 21 31 37 21 48 32 24 29 46 20 34 32 31 29 86 48 22 32 27 21 22 20 21 22 56 51 58 35 27 33 20 44 39 21 40 39 20 21 25 26 27 22 24 25 25 48 27 20 72 39 20 20 21 1918
internal_value=-0.000994036 -0.00124528 -0.00243572 0.00222857 0.00220805 0.00119048 0.000308261 0.0140449 -0.00439692 -0.00138504 -0.00558442 0.00341246 0.00719298 0.0127551 0.0221311 0.0108108 -0.00505618 0.00476804 0.000512821 0.00801887 0.0191489 0.00714286 -0.000847458 -0.00596708 0.000735294 -0.014486 -0.0233333 -0.00955056 -0.0027027 -0.0115385 -0.0173077 0.00813953 -0.00287356 -0.00928144 0.00303867 -0.00241379 -0.00045045 0.00714286 -0.0231707 0.00906736 0.0115385 0.00622318 0.00377358 0.00813953 -0.00409836 0.00609756 0.00545455 -0.00223881 -0.00576923 0.0193878 0.0139098 0.00963303 0.01875 0.025 -0.00842697 -0.00294118 -0.00869565 -0.0194915 0.00853659 -0.00333333 0.024 -0.00401961
internal_weight=4024 3975 2956 875 1019 840 811 89 2081 722 385 337 285 196 122 74 89 776 390 212 94 63 118 243 136 107 75 89 74 52 52 43 348 167 181 145 111 84 41 386 325 233 212 172 61 41 110 67 52 49 133 109 64 92 178 119 92 59 41 45 50 2040
internal_count=4024 3975 2956 875 1019 840 811 89 2081 722 385 337 285 196 122 74 89 776 390 212 94 63 118 243 136 107 75 89 74 52 52 43 348 167 181 145 111 84 41 386 325 233 212 172 61 41 110 67 52 49 133 109 64 92 178 119 92 59 41 45 50 2040
is_linear=0
shrinkage=0.05


Tree=57
num_leaves=63
num_cat=0
split_feature=10 1 15 16 4 0 6 5 5 6 12 11 1 16 5 4 16 4 7 16 0 5 1 4 4 4 9 12 6 4 1 1 16 16 2 6 15 0 10 7 10 7 7 4 4 7 5 0 11 10 5 9 9 5 16 9 1 1 9 7 7 6
split_gain=6.04199 6.27014 6.12604 13.3708 8.62346 7.66318 6.98939 5.60272 9.36913 6.19568 5.86667 5.89091 6.8473 5.51164 7.71512 5.40819 6.89707 10.2424 7.09538 6.49673 8.71032 6.29277 6.25437 8.91296 5.27023 7.25376 5.14924 4.90003 4.84848 4.67797 7.33333 5.58945 4.39744 4.30917 5.28612 6.10501 4.69929 8.67366 6.6365 6.11695 9.3131 9.33819 5.78528 5.56862 4.41379 4.2414 8.04332 7.9365 6.68166 7.0693 6.28094 7.58519 5.80927 5.211 6.31797 5.6232 6.91837 5.3825 7.41891 6.44215 5.78973 5.40349
threshold=93.616666666666674 9.5000000000000018 7.5000000000000009 133.50000000000003 3062.4166675000001 11.125757558333335 17.654700854700859 26.950000000000003 22.250000000000004 17.409615384615389 14.206125151161642 46.95000000000001 12.500000000000002 -53.499999999999993 31.950000000000003 5.0342420000000008 -1.4999999999999998 8.1303240000000017 34.650000000000013 -19.499999999999996 11.328667200000002 3.7500000000000004 6.5000000000000009 10.426078000000002 0.07576200000000001 0.13032400000000002 0.29198717948717956 11.437067774661651 21.472916666666666 2.7267010000000007 18.500000000000004 6.5000000000000009 207.50000000000003 -234.49999999999997 7.5000000000000009 13.940221088435374 6.5000000000000009 11.154141975000003 14.480536659108088 42.250000000000007 15.11252516537245 27.350000000000005 35.95000000000001 9.7453935000000023 5.0054830000000008 41.850000000000001 35.850000000000001 10.61197581666667 43.050000000000004 12.174127906976747 50.500000000000007 0.17165178571428574 0.16152751423149908 25.250000000000004 211.50000000000003 0.32866927592954992 6.5000000000000009 9.5000000000000018 0.2487113402061856 49.250000000000007 48.650000000000013 19.913368794326242
decision_type=10 2 2 2 10 2 8 10 10 8 10 10 2 2 10 10 2 10 8 2 2 10 2 10 10 10 8 10 10 10 2 2 2 2 2 8 2 2 10 8 10 10 10 10 8 10 10 2 10 10 10 10 10 10 2 10 2 2 10 10 10 10
left_child=2 -2 13 4 7 6 32 8 15 -10 11 12 27 14 33 29 17 -17 22 20 -19 -20 -18 -24 -15 -26 -7 -9 -12 -4 31 -31 -5 -1 35 -35 39 38 -38 40 41 43 -42 44 -36 -27 48 -48 -47 -50 51 -49 -52 55 -55 56 -51 59 61 -58 -60 -59
right_child=1 -3 3 5 -6 26 -8 10 9 -11 28 -13 -14 24 -16 16 18 19 21 -21 -22 -23 23 -25 25 45 -28 -29 -30 30 -32 -33 -34 34 36 -37 37 -39 -40 -41 42 -43 -44 -45 -46 46 47 50 49 53 52 -53 -54 54 -56 -57 57 58 60 -61 -62 -63
leaf_value=1.5354900558130307 -0.012954661551496636 0.15145761321129159 0.009393146144793009 3.867163879343666 -0.25033386140259339 1.9315056859071011 5.3112853327847267 0.89956346125347653 -1.1774065446829718 -0.0015483216796870641 0.51199329298132279 0.49774130951539886 -0.05908034185194129 0.14418661588348977 -2.4358681295928601 -1.1608981533028913 -0.53897948129655426 0.77836627306210804 -1.6269997555157893 0.925218844137768 -0.58168316812035392 -0.1325892999433691 2.4432097865006801 -0.20851892634977365 -0.93671268726094226 -0.0039288692391519714 -0.95152099819880798 0.90734751934513946 -0.47936153409673959 0.012430940427597648 -0.78428248764663455 1.3907643273783699 0.4506512123247568 -2.0845249880103522 -0.37152198828714555 -0.017954565038819936 0.70294436626282131 -0.58600444187761525 -0.09422050693624727 -2.690101878286359 1.2071854538916256 -2.3857612679470672 -0.99486944440475189 -0.35466052666153625 0.71795685589129299 -1.1462383808080077 -0.7611620401487228 0.013370578997638917 0.41162195006787461 0.54045833338443661 0.045763005214489061 2.4318024490514678 -0.35325758021641285 -1.3257745497160089 0.0025576048314707835 -0.60983349603687464 0.052536109506613297 -0.87855126417580576 -0.01452508636215768 -1.908106898287051 1.0069788200499088 -0.0066603950145331719
leaf_weight=21 23 25 138 24 30 34 37 22 30 23 22 20 47 91 38 44 22 39 22 26 23 49 25 22 24 1714 39 21 33 25 21 52 28 39 29 24 34 22 44 38 26 61 20 21 29 52 52 36 37 55 44 54 27 65 27 56 26 33 29 35 26 92
leaf_count=21 23 25 138 24 30 34 37 22 30 23 22 20 47 91 38 44 22 39 22 26 23 49 25 22 24 1714 39 21 33 25 21 52 28 39 29 24 34 22 44 38 26 61 20 21 29 52 52 36 37 55 44 54 27 65 27 56 26 33 29 35 26 92
internal_value=-0.000965638 0.0166667 -0.0011805 0.00239651 -0.000396825 0.0154321 0.0252809 0.000688705 -0.0016934 -0.0216981 0.00878788 0.0154545 0.01 -0.00226746 -0.0073991 0.000393701 -0.00441176 0.00378788 -0.0121429 0.0136364 0.00483871 -0.0232394 -0.000724638 0.00957447 -0.00137864 -0.00181159 0.00342466 0.0244186 -0.00454545 0.0059322 0.0142857 0.0214286 0.0134615 -0.00539216 -0.00658915 -0.0198413 -0.00401235 0.005 0.0128205 -0.00803571 -0.00430108 -0.0107143 0.0152174 0.000632911 0.00862069 -0.00154472 -0.00469169 0.00352113 -0.00797373 -0.00613306 0.00900621 0.0177778 -0.00211268 -0.00788288 -0.0184783 -0.00511364 -0.00236486 -0.0060166 -0.00166667 -0.0188525 0.0136364 -0.0084
internal_weight=3987 48 3939 918 756 162 89 726 561 53 165 110 90 3021 446 508 272 132 140 88 62 71 69 47 2575 2484 73 43 55 236 98 77 52 408 387 63 324 100 78 224 186 140 46 79 58 2460 746 213 533 481 161 90 71 444 92 352 296 241 180 61 55 125
internal_count=3987 48 3939 918 756 162 89 726 561 53 165 110 90 3021 446 508 272 132 140 88 62 71 69 47 2575 2484 73 43 55 236 98 77 52 408 387 63 324 100 78 224 186 140 46 79 58 2460 746 213 533 481 161 90 71 444 92 352 296 241 180 61 55 125
is_linear=0
shrinkage=0.05


Tree=58
num_leaves=63
num_cat=0
split_feature=10 15 16 1 13 0 5 5 4 12 5 16 13 13 8 4 12 12 0 10 11 10 16 4 4 4 5 0 0 0 0 8 15 6 0 5 11 1 1 1 6 4 16 16 13 13 1 13 0 5 0 15 12 12 8 13 2 16 13 12 13 16
split_gain=6.57 7.91326 10.3334 8.82231 11.0713 8.22326 9.61831 9.1 11.3916 8.15886 7.94477 7.93815 11.1908 7.40632 7.27576 7.05148 6.55814 14.5361 6.40466 6.29707 8.96018 6.27255 6.91429 7.72476 6.26939 6.21845 9.86462 6.16053 5.90839 8.55179 7.32131 5.86318 5.7952 7.48064 6.30154 5.77849 5.59068 7.97093 9.76136 7.34397 7.32514 7.22039 6.77715 10.1994 6.42115 6.38541 8.99285 9.77579 5.85242 7.65271 6.22222 6.1789 5.5784 5.54772 11.3433 5.48127 7.0316 5.37568 5.27473 5.07428 7.65057 11.5238
threshold=70.208245877061486 6.5000000000000009 363.50000000000006 20.500000000000004 0.1464191393506292 11.092311158333336 5.3500000000000005 43.600000000000009 4.7267010000000012 16.81507497232689 9.3500000000000032 -53.499999999999993 0.14371772805507746 0.4359237536656892 17.29017704991389 8.7453935000000023 13.320157705500504 11.539701180963887 11.125757558333335 15.052392607392607 40.250000000000007 12.314363107822411 -82.499999999999986 10.765768000000003 2.1185900000000006 0.42607800000000001 12.850000000000003 10.522861450000002 10.237888300000002 10.932213500000001 10.984724408333335 12.473443072260828 7.5000000000000009 18.605926916221041 10.522861450000002 22.250000000000004 33.850000000000001 11.500000000000002 14.500000000000002 8.5000000000000018 17.974825174825177 14.943318000000001 211.50000000000003 121.50000000000001 0.31230095541401276 0.17664992826398854 11.500000000000002 0.2469862018881627 10.984724408333335 7.6500000000000012 11.066474675000002 5.5000000000000009 14.397935573012456 11.22652962822707 9.4709266649605883 0.16345083487940634 52.500000000000007 38.500000000000007 0.3054093567251463 12.521162984319105 0.31501610305958139 -2.4999999999999996
decision_type=10 2 2 2 8 2 10 10 10 10 10 2 8 10 8 10 8 10 2 10 10 8 2 10 10 10 10 2 2 2 2 10 2 8 2 10 10 2 2 2 8 10 2 2 10 10 2 10 2 10 2 2 10 10 10 8 2 2 10 10 10 2
left_child=1 11 3 5 -5 6 28 8 10 18 -8 12 -1 25 -9 53 17 -6 -7 21 -21 22 23 -14 -11 -12 -27 -18 -3 -30 31 -31 -17 34 -34 55 37 41 -39 48 45 42 43 -13 -42 -41 47 -47 49 -38 -50 -52 59 54 -10 -20 -57 -15 -51 60 61 -48
right_child=-2 2 -4 4 16 9 7 14 15 24 13 36 19 57 -16 32 27 -19 35 20 -22 -23 -24 -25 -26 26 -28 -29 29 30 -32 -33 33 -35 -36 -37 39 38 -40 40 44 -43 -44 -45 -46 46 52 -49 50 58 51 -53 -54 -55 -56 56 -58 -59 -60 -61 -62 -63
leaf_value=-4.151031113542218 0.047053232969062588 2.4361310907246692 2.26459423764793 4.0655122897065414 -1.1463791871059692 -0.78673362866861041 2.0362991911394026 2.2148004347564387 -0.89855472501298805 3.0064756014092469 -0.85745117951676519 -0.077247014953856843 0.56705238855693652 -0.88309291553333924 0.046474187788746374 -0.15519820781005922 -0.020861292628610598 0.72585617777284306 0.46873646719321233 2.1338151013729929 -1.4161786413318038 -2.266473204549714 -0.95870378450500437 -0.13257392833377768 0.19343746286019015 -0.33726576509741746 0.63765562491783534 -0.18020036795887506 0.0024621535407971518 2.2629839266414669 0.22527942809440163 0.75219600399947673 -0.046139401461209144 -0.098022838115993174 1.5695495888348243 -0.27044251029058602 1.7309363042653783 0.47622828105382808 0.011857417523918203 -1.2852373869371529 -0.019609373443546282 0.42720687089478648 1.1331409363318856 -1.0504642151344565 3.5217845259210536 0.071879253947017219 -1.1326021771265797 -1.4593820814898686 -0.7723155275626965 0.20586091725305675 -0.17604474818664806 0.67551911655179675 0.21139948008277282 -0.70506440773691903 1.1626965527727351 -0.0073632385876816198 -1.0332282801090595 0.064740570537492922 -0.65239207550845968 -0.76384838581198378 -0.5875117160529072 0.18557732385028081
leaf_weight=22 97 54 57 20 36 28 45 20 41 21 33 194 58 23 24 93 22 34 37 24 50 83 32 22 49 36 163 71 167 34 91 20 25 48 40 144 59 119 245 50 218 29 29 44 26 21 24 71 42 70 82 44 42 81 25 298 32 21 26 79 87 84
leaf_count=22 97 54 57 20 36 28 45 20 41 21 33 194 58 23 24 93 22 34 37 24 50 83 32 22 49 36 163 71 167 34 91 20 25 48 40 144 59 119 245 50 218 29 29 44 26 21 24 71 42 70 82 44 42 81 25 298 32 21 26 79 87 84
internal_value=-0.000998502 -0.00131747 0.000957062 0.000319829 -0.0101093 0.00144714 0.00405904 0.000696379 -0.00074184 -0.00320197 0.00607477 -0.00354251 -0.0111684 0.00289855 0.0227273 -0.00694051 -0.0144172 -0.00285714 -0.00528757 -0.00836431 0.00405405 -0.0130769 -0.00535714 0.0025 0.0128571 0.00646552 0.00979899 -0.0231183 0.0106557 0.00801282 0.0168966 0.0314815 -0.000970874 0.00663717 0.0176923 -0.00401174 -0.00222552 0.00136364 0.00631868 -0.00453659 -0.00740741 -0.00472973 -0.00730337 -0.010084 -0.000409836 -0.0111354 -0.00906863 -0.0228261 0.00170279 0.00870968 -0.0047619 0.000793651 -0.00506329 -0.0153061 -0.00454545 -0.000681199 -0.00272727 -0.0159091 0 -0.00766423 -0.00333333 0.00555556
internal_weight=4006 3909 1933 1876 183 1693 1084 718 674 609 321 1976 291 276 44 353 163 70 539 269 74 195 112 80 70 232 199 93 366 312 145 54 206 113 65 511 1685 660 364 1025 702 296 267 238 244 458 408 92 323 155 168 126 316 147 66 367 330 44 96 274 195 108
internal_count=4006 3909 1933 1876 183 1693 1084 718 674 609 321 1976 291 276 44 353 163 70 539 269 74 195 112 80 70 232 199 93 366 312 145 54 206 113 65 511 1685 660 364 1025 702 296 267 238 244 458 408 92 323 155 168 126 316 147 66 367 330 44 96 274 195 108
is_linear=0
shrinkage=0.05


Tree=59
num_leaves=63
num_cat=0
split_feature=14 10 0 0 0 11 15 0 5 15 4 5 4 13 12 11 15 11 9 2 6 13 5 11 9 0 1 5 12 4 6 14 9 6 15 8 9 8 5 9 4 4 9 13 9 8 4 4 11 10 11 5 14 5 8 15 12 6 2 6 6 0
split_gain=7.38796 7.52514 6.21469 9.82016 13.8477 9.21157 12.3307 9.1335 9.37297 7.96605 7.47007 6.67835 5.8609 9.71251 6.33135 10.0755 6.53375 10.7353 6.93966 6.31955 6.39074 6.9963 6.11618 5.64015 5.40608 6.56814 5.29504 5.42564 5.19882 11.5108 7.47175 6.08421 7.60211 6.37349 5.07221 5.62843 10.6379 4.90215 6.39731 4.87893 4.79906 5.31352 4.63276 10.2081 4.61799 4.59175 5.07892 5.55424 12.5686 10.9378 9.11734 8.65385 7.93799 7.52083 5.03065 5.84778 9.83599 7.48565 7.46359 5.45302 5.02969 5.00391
threshold=1.0000000180025095e-35 70.208245877061486 11.025785633333335 10.932213500000001 10.984724408333335 62.150000000000013 7.5000000000000009 10.967131783333334 4.4500000000000011 4.5000000000000009 1.1185900000000002 14.350000000000003 1.0054830000000001 0.26624472573839669 9.8777877600933923 32.850000000000001 5.5000000000000009 52.650000000000013 0.096006144393241177 52.500000000000007 10.543684210526317 0.2553968007454574 55.45000000000001 41.95000000000001 0.32282878411910676 11.154141975000003 7.5000000000000009 13.250000000000002 12.109626330292846 1.7453935000000003 10.041944847605226 150.00000000000003 0.29061583577712619 20.40706521739131 4.5000000000000009 9.3826127870519525 0.63818181818181829 13.547871182958591 23.950000000000003 0.4732057416267943 2.9433180000000005 10.075762000000003 0.71651785714285732 0.88303693570451447 0.25834260289210237 11.009610445278783 3.3285570000000004 8.7657680000000031 37.45000000000001 16.420462387853696 17.050000000000004 15.250000000000002 90.000000000000014 1.1500000000000001 11.292792541855716 6.5000000000000009 16.694700095647899 19.043560606060613 32.500000000000007 22.169333333333338 15.51851325757576 10.61197581666667
decision_type=8 10 2 2 2 8 2 2 10 2 10 10 10 10 8 8 2 8 8 2 10 10 10 10 10 2 2 10 10 10 8 10 8 10 2 10 10 10 10 8 10 10 10 10 8 8 10 10 10 10 10 10 10 10 8 2 10 10 2 10 10 2
left_child=-1 2 3 10 5 6 7 8 9 -5 34 -10 13 23 19 -16 17 -17 -18 20 24 -22 28 -4 -14 -26 -15 -28 30 -30 -20 33 -33 37 -2 36 -36 38 -31 -27 -32 -42 -41 -44 -19 46 61 48 50 53 -48 -50 -52 -49 -47 56 -56 58 -57 -59 -60 -12
right_child=1 -3 12 4 -6 -7 -8 -9 11 -11 45 -13 14 26 15 16 18 44 22 -21 21 -23 -24 -25 25 39 27 -29 29 31 40 32 -34 -35 35 -37 -38 -39 -40 42 41 -43 43 -45 -46 54 47 49 51 -51 52 -53 -54 -55 55 57 -58 59 60 -61 -62 -63
leaf_value=0.40463876574856461 -1.6815749657398982 0.055255953026170729 1.3001795322165492 -0.17352299260262249 -0.0023937132795268951 -0.27519731731538083 2.6187077008227768 1.3778079677125683 -0.19846008119674829 2.043611576186894 0.12764355740846609 0.27584818908653264 -1.4073757577688841 0.89797222895384154 -1.4739459433707933 -1.0936447964173677 -0.60876829774770469 0.19682997429286184 -1.7438296220760627 -0.51898200414500695 0.028847751252358524 0.65137764984733626 -0.369370657033182 0.050874169828039051 -1.2217186189963407 1.0476147980516921 -0.056737731724013168 -1.1174873382148955 1.0622275162414672 -0.55457524924716284 -0.77962372906896782 -1.5931896219392561 0.39838462017381898 0.4955154525880463 1.3810816749063222 -0.42612358778160914 -0.87127974621374327 -0.56951849459362769 0.76728474348099263 -0.44930901260142075 0.8068987564268455 -0.0025505489960678598 0.83028388716303592 -0.031541322128569152 -0.30676394198467144 -0.84301339740660675 0.054585270332729863 -0.046770209661759668 0.65420616617296523 -1.6451095271021559 -0.21393143904484405 -0.74007338125651367 -1.690760925155615 0.58505844832011833 -0.37064762729834499 0.52925182865850307 1.6123866422441999 -0.58162036698333353 -0.38412874351054765 -0.073340384838822811 0.29174438634035732 0.44254999752519525
leaf_weight=95 21 90 29 21 628 46 50 65 38 53 126 73 23 25 22 114 50 41 20 36 30 31 31 37 23 27 39 26 28 54 33 82 32 42 21 89 20 53 22 30 107 76 28 129 45 36 55 96 40 20 73 25 56 96 250 136 44 31 70 69 32 37
leaf_count=95 21 90 29 21 628 46 50 65 38 53 126 73 23 25 22 114 50 41 20 36 30 31 31 37 23 27 39 26 28 54 33 82 32 42 21 89 20 53 22 30 107 76 28 129 45 36 55 96 40 20 73 25 56 96 250 136 44 31 70 69 32 37
internal_value=-0.000617595 -0.000955579 -0.00129561 0.000227555 0.00410678 0.0121387 0.0153333 0.0108 0.00513514 0.0189189 -0.00239085 -0.00405405 -0.00399267 0.00512821 -0.00516956 -0.00751174 -0.00662651 -0.0145 -0.00412698 0.000420168 0.00264798 0.0172131 -0.00258621 0.019697 -0.000769231 0.00147679 -0.00555556 -0.0130769 -0.00136612 -0.00559105 0.00423729 -0.00859649 -0.0175439 -0.00263158 -0.0129139 -0.00923077 0.00609756 -0.00813953 0 0.00420561 0.00694444 0.0101093 0.0013369 0.00477707 -0.00116279 -0.00116099 0.00192308 -0.000759219 -0.00582329 0.00518868 -0.0125 0.0130769 -0.0197674 0.00885417 -0.00404192 -0.00300633 -0.00816327 0.00147929 0.00630252 -0.01 -0.00392157 0.0095092
internal_weight=3967 3872 3782 2417 974 346 300 250 185 74 1443 111 1365 156 1209 852 830 200 630 357 321 61 580 66 260 237 90 65 549 313 236 285 114 171 151 130 41 129 76 214 216 183 187 157 86 1292 624 461 249 212 184 65 129 192 668 632 294 338 238 100 102 163
internal_count=3967 3872 3782 2417 974 346 300 250 185 74 1443 111 1365 156 1209 852 830 200 630 357 321 61 580 66 260 237 90 65 549 313 236 285 114 171 151 130 41 129 76 214 216 183 187 157 86 1292 624 461 249 212 184 65 129 192 668 632 294 338 238 100 102 163
is_linear=0
shrinkage=0.05


Tree=60
num_leaves=63
num_cat=0
split_feature=6 16 15 7 7 7 7 8 1 4 16 8 7 9 2 15 0 14 7 16 8 8 1 9 6 2 16 13 12 16 0 4 16 13 8 9 2 6 6 16 13 1 4 6 2 12 13 4 13 0 15 2 9 4 13 9 2 12 5 5 2 0
split_gain=6.66401 6.53426 9.36201 8.27946 7.58516 8.38852 7.5284 7.55088 6.59103 7.38632 6.07036 6.43493 5.45768 7.62991 5.44165 5.43986 7.08452 6.82627 7.58551 6.4836 5.77749 7.77301 7.48873 5.22648 5.11001 5.25 5.10654 7.61579 6.52836 5.90658 7.5624 10.3748 8.9893 7.31429 5.34294 5.83175 5.32621 5.10417 8.96441 5.54017 7.27121 5.09328 8.27181 5.01818 4.72659 5.31962 4.71724 4.68728 4.65786 10.1502 7.58688 7.46486 4.68584 6.37346 10.0666 8.83719 6.97913 5.3364 6.19044 6.49227 5.73325 5.62906
threshold=98.176410256410264 76.500000000000014 7.5000000000000009 16.750000000000004 22.550000000000004 26.850000000000005 19.150000000000002 8.8318504765856449 4.5000000000000009 5.0054830000000008 41.500000000000007 3.4773184016328855 7.1500000000000012 0.9786612758310872 47.500000000000007 3.5000000000000004 13.374214716666669 150.00000000000003 34.650000000000013 405.00000000000006 21.251200535559111 19.033005458816508 20.500000000000004 0.22068372803666922 9.8024390243902459 17.500000000000004 51.500000000000007 0.27796173657100814 11.465066884617375 27.500000000000004 12.040689041666669 6.9433180000000005 38.500000000000007 0.22742946708463954 10.232396005223491 0.18795289855072467 22.500000000000004 11.069047619047621 14.035991379310348 104.50000000000001 0.30810147299509011 10.500000000000002 9.0054830000000017 9.4227659574468081 32.500000000000007 0.58085114979536823 0.32449982449982456 0.07576200000000001 0.26624472573839669 10.237888300000002 7.5000000000000009 7.5000000000000009 0.17262664963814392 2.8332025000000005 0.2007194244604317 0.30860805860805868 32.500000000000007 24.066384830635158 21.050000000000004 17.950000000000003 37.500000000000007 11.066474675000002
decision_type=10 2 2 8 8 8 8 10 2 10 2 10 10 10 2 2 2 10 10 2 8 10 2 10 10 2 2 8 8 2 2 10 2 10 8 10 2 10 10 2 10 2 10 8 2 10 8 10 10 2 2 2 8 10 10 10 2 10 10 10 2 2
left_child=1 3 8 10 -5 14 -4 -8 9 -3 11 12 13 -1 24 17 19 -10 43 20 21 22 47 -20 -6 -26 29 34 -29 48 31 32 -31 -34 -28 -36 -35 -9 -39 -40 -41 -33 -43 -19 45 -15 -30 -17 52 -50 -51 -52 57 54 56 -55 -54 58 59 60 61 -7
right_child=-2 2 6 4 5 26 7 37 15 -11 -12 -13 -14 44 -16 16 -18 18 23 -21 -22 -23 -24 -25 25 -27 27 28 46 30 -32 41 33 36 35 -37 -38 38 39 40 -42 42 -44 -45 -46 -47 -48 -49 49 50 51 -53 53 55 -56 -57 -58 -59 -60 -61 -62 -63
leaf_value=0.52755885184410634 0.024232024604292191 1.9779308535367008 -0.53789817374699822 -0.53539587601299388 1.0577144381268277 0.088477341049523095 5.0112100267982731 -0.21772801061260411 -0.51747938628163126 -0.00084918175129828917 0.62133275733970916 0.5823667689606733 -0.9668941837788525 0.2590005532266742 -0.21735530177275289 0.70883640343136567 -1.2657119093516309 -0.0037847545556891405 0.0043467636446176631 6.2586699543832145 -1.2993045251419186 1.768392355169377 -1.1201011950742952 -0.64398252624384966 -0.73434252576994707 0.40938449416620459 -1.1353701522963715 -0.33564036652214657 1.7990763704746742 0.57106130098809771 -0.68107020433282173 0.13217234356710303 1.2421758521276183 -0.0890940735511105 0.059405965497595054 -0.84952336786474614 0.28197803743961458 2.2460182446257853 -0.81782302247723637 2.18730930179473 -1.482131111508534 0.067605276342811979 -0.56516140159090666 0.33316353034843305 -0.13581246439747671 -0.15517358772878859 -0.012078291383507701 -0.002895359312035595 1.2382398888679413 -0.93339070182746875 0.6482771936659012 -0.13654467865900149 0.41273141960849102 -0.0058263941012050699 0.60834134959328279 -1.1301721814461434 -0.2612583062081692 0.10989514684481504 -0.29990841389058559 0.70249119704780327 -0.76070638814257419 -0.90328712925599897
leaf_weight=42 37 52 28 62 58 66 44 32 73 59 58 25 28 104 32 25 25 46 20 33 26 32 23 21 21 27 31 48 20 51 25 36 21 31 36 65 29 47 26 63 24 23 30 20 115 45 38 623 49 299 26 113 29 478 87 26 23 28 170 34 53 35
leaf_count=42 37 52 28 62 58 66 44 32 73 59 58 25 28 104 32 25 25 46 20 33 26 32 23 21 21 27 31 48 20 51 25 36 21 31 36 65 29 47 26 63 24 23 30 20 115 45 38 623 49 299 26 113 29 478 87 26 23 28 170 34 53 35
internal_value=-0.000850851 -0.00104824 0.00178838 -0.00250287 -0.00372727 -0.00322732 0.0102273 0.0131356 -0.000278293 0.0112613 0.00395683 0.00153203 -0.000299401 0.00163399 0.00869565 -0.0016029 0.000190597 -0.00944444 -0.00140187 0.00104987 6.85871e-05 0.000924609 -0.000223547 -0.0182927 0.0141509 0.00208333 -0.00405 -0.0109244 -0.000943396 -0.00312145 0.00406504 0.00701357 0.0159091 0.00555556 -0.0189394 -0.0133663 -0.00333333 0.00885417 0.0125 0.00486726 0.0109195 -0.00617978 -0.0160377 0.00909091 -0.00151515 0.00436242 0.0103448 0.000771605 -0.0042876 -0.00831622 -0.0107306 -0.00107914 -0.00238095 0.000233281 0.00971223 -0.00238095 -0.00769231 -0.00673575 -0.00837989 -0.00212766 -0.00649351 0.00049505
internal_weight=3996 3959 1342 2617 2200 2138 264 236 1078 111 417 359 334 306 138 967 787 180 107 762 729 703 671 41 106 48 2000 238 106 1762 246 221 132 81 132 101 60 192 160 113 87 89 53 66 264 149 58 648 1516 487 438 139 1029 643 139 504 52 386 358 188 154 101
internal_count=3996 3959 1342 2617 2200 2138 264 236 1078 111 417 359 334 306 138 967 787 180 107 762 729 703 671 41 106 48 2000 238 106 1762 246 221 132 81 132 101 60 192 160 113 87 89 53 66 264 149 58 648 1516 487 438 139 1029 643 139 504 52 386 358 188 154 101
is_linear=0
shrinkage=0.05


Tree=61
num_leaves=63
num_cat=0
split_feature=14 0 16 9 9 10 13 4 0 15 11 4 1 1 9 0 4 4 11 1 1 13 6 7 9 13 10 16 16 11 1 9 9 1 12 6 6 6 13 0 11 8 8 1 6 1 1 7 8 13 8 4 1 0 6 1 6 13 16 4 9 6
split_gain=7.08185 11.663 10.135 9.24617 8.37059 8.10926 7.93725 9.08401 6.70412 6.04686 13.603 6.47492 6.26875 5.99472 5.83189 5.64706 5.6157 6.8156 8.64406 8.01431 5.59828 5.5057 5.38796 5.24787 5.18561 10.891 5.14331 4.77034 8.28136 7.01022 7.8703 4.7555 8.11768 5.51341 10.7789 5.37388 7.70305 5.49143 4.56359 5.85239 4.53712 6.39437 4.49982 4.45681 4.45187 4.44444 9.16316 8.12698 7.01827 6.05864 6.03074 4.3233 4.31259 4.27475 4.25256 5.26792 4.23834 4.86 6.94909 4.1387 4.85374 7.43183
threshold=90.000000000000014 10.932213500000001 -19.499999999999996 1.0000000180025095e-35 0.44281045751633991 7.5181669394435362 0.70412457912457926 5.1303240000000008 10.984724408333335 7.5000000000000009 48.050000000000004 5.2247530000000006 15.500000000000002 3.5000000000000004 0.15831244778613202 10.417885925000002 5.8332025000000014 9.7657680000000031 37.550000000000004 8.5000000000000018 2.5000000000000004 0.027536231884057974 98.176410256410264 37.550000000000004 0.35252692626346321 0.20354676710608918 9.956364401430676 35.500000000000007 64.500000000000014 42.95000000000001 11.500000000000002 0.17165178571428574 0.20662287903667217 6.5000000000000009 11.302688118030686 10.041944847605226 12.825000000000001 13.747105263157897 0.90803382663847787 10.719983033333335 37.95000000000001 13.585427848698872 10.607901010090051 4.5000000000000009 1.8153947368421055 7.5000000000000009 9.5000000000000018 37.050000000000004 11.215848633465969 0.27596784429870963 8.3331030372042392 1.8619590000000004 20.500000000000004 11.066474675000002 14.639688552188556 14.500000000000002 10.609498834498838 0.3842719780219781 190.50000000000003 3.1650740000000006 0.15184453227931491 14.213846153846156
decision_type=10 2 2 8 8 10 8 10 2 2 10 10 2 2 10 2 10 10 10 2 2 10 10 10 10 8 10 2 2 10 2 8 8 2 8 8 8 8 8 2 10 10 10 2 8 2 2 8 10 10 10 10 2 2 10 2 10 10 2 10 10 10
left_child=1 4 3 -2 5 -1 7 -6 13 12 11 23 31 -3 -15 -14 40 18 -18 43 -10 -22 -4 -11 25 -17 -9 45 -29 30 -30 -5 -33 34 -34 53 -37 -38 44 52 42 59 -7 -19 -8 47 -47 -23 50 -50 -48 -43 -40 -35 -21 -56 -16 58 -58 60 -42 -62
right_child=2 8 22 9 6 16 38 26 20 10 -12 -13 15 14 56 24 17 19 -20 54 21 27 -24 -25 -26 -27 -28 28 29 -31 -32 32 33 35 -36 36 37 -39 39 -41 41 51 -44 -45 -46 46 48 -49 49 -51 -52 -53 -54 -55 55 -57 57 -59 -60 -61 61 -63
leaf_value=-1.3098756914106486 0.45026376191950562 2.0456803718733605 -0.0054118181059462644 -2.1008437557452075 0.010799859110262667 -0.063001244003832654 -0.98723699997127712 2.6489221607299651 -1.0192412137754923 0.83908179179313991 1.798273200089314 -0.94987975947527092 0.62126293901080953 3.6366376189759553 0.94479933232181712 0.10468305446622495 0.94843618186261536 -0.0048816155295511978 -1.5274168791172955 -0.84891255791339904 -0.043315403704288574 -0.54465406040748521 0.021194513037477672 -0.21001336112862123 0.49934602049222171 -1.4698839987488679 0.25465033833216388 -0.64701669411618057 -0.62450132797469426 1.7832715141695858 0.41938522516486004 0.43253931394715939 -0.89004605005374549 0.069716224214368697 0.84105316577073086 -2.4904865854148697 0.28756299127316565 -2.1965893524500957 0.35166244550542275 -0.26131657704218475 -0.11542757489928884 -0.73833461568330105 -0.89786430482178936 1.8233047876381663 -0.011011203729233011 0.69696106131473357 0.10024447042322181 1.0864881059415272 0.040800794211776736 -0.33844826898162694 1.016700295803995 0.11167980333812721 -0.16048450077170739 -0.40510991309120198 -0.72595820515648812 0.21619076746242191 -0.00058036268411676417 -0.60072901871937301 2.0379672570446559 0.56454921165159699 -0.050048371217467573 2.4809571059139546
leaf_weight=24 25 32 1820 46 42 54 21 32 21 25 22 52 21 28 47 27 27 23 79 38 38 42 23 21 32 39 21 37 37 59 48 27 26 36 23 39 20 50 98 25 25 36 23 27 26 23 41 21 29 22 32 59 25 44 21 33 78 20 22 48 35 33
leaf_count=24 25 32 1820 46 42 54 21 32 21 25 22 52 21 28 47 27 27 23 79 38 38 42 23 21 32 39 21 37 37 59 48 27 26 36 23 39 20 50 98 25 25 36 23 27 26 23 41 21 29 22 32 59 25 44 21 33 78 20 22 48 35 33
internal_value=-0.000251889 0.00238402 -0.00194376 -0.00773913 -0.00142857 -0.00487179 0.00551724 0.0173684 0.00731167 -0.00909091 0.000833333 -0.00714286 -0.0118605 0.0143172 0.0110256 -0.00210084 -0.00365419 -0.00927419 -0.0188679 -0.00211268 0.00377778 0.00501166 -0.000135648 0.00652174 -0.00714286 -0.0151515 0.0311321 0.00677749 0.000828729 0.00625 -0.00294118 -0.0155949 -0.0130189 -0.0159664 -0.00102041 -0.0198413 -0.0270642 -0.0171429 -0.00025641 0.00405405 0.000798722 0.00423729 -0.00974026 0.014 -0.0138298 0.0119048 0.0166667 0.000793651 0.0112903 -0.00294118 0.0212329 -0.00578947 0.00853659 -0.01 -0.0108696 -0.00185185 0.00748503 0.0025 0.007 0.0109929 0.00483871 0.0117647
internal_weight=3970 1552 2418 575 875 585 290 95 677 550 120 98 430 227 195 119 561 248 106 142 450 429 1843 46 98 66 53 391 181 144 85 311 265 238 49 189 109 70 195 148 313 236 77 50 47 210 147 63 124 51 73 95 123 80 92 54 167 120 100 141 93 68
internal_count=3970 1552 2418 575 875 585 290 95 677 550 120 98 430 227 195 119 561 248 106 142 450 429 1843 46 98 66 53 391 181 144 85 311 265 238 49 189 109 70 195 148 313 236 77 50 47 210 147 63 124 51 73 95 123 80 92 54 167 120 100 141 93 68
is_linear=0
shrinkage=0.05


Tree=62
num_leaves=63
num_cat=0
split_feature=10 16 16 13 14 1 4 15 12 11 1 13 16 13 16 11 11 4 4 4 8 15 16 0 14 14 10 13 4 1 16 1 11 6 11 16 16 4 11 4 15 10 13 5 8 11 0 5 4 14 10 15 0 12 10 11 16 13 13 13 6 16
split_gain=7.50962 6.6279 7.56857 7.02171 6.56593 5.25431 10.213 7.18279 15.274 15.0747 9.1785 9.04274 7.43638 10.1674 8.56385 12.4113 14.6405 7.16001 6.92087 9.00824 6.73521 6.73305 8.44507 8.07754 6.68613 6.5251 6.36893 6.26057 6.1168 5.92544 10.4548 9.84133 8.84077 8.41524 7.30019 11.4098 7.27436 10.2864 8.14685 8.06038 8.03969 6.49378 10.2178 5.77153 5.53525 7.2 5.30847 5.27238 8.16585 6.7655 6.86165 6.28197 5.23352 5.08491 4.80678 6.75565 4.71815 4.64312 4.623 4.5938 4.38495 4.32624
threshold=70.208245877061486 -234.49999999999997 -109.49999999999999 0.21606265356265361 90.000000000000014 20.500000000000004 1.1185900000000002 4.5000000000000009 10.126507040150601 37.050000000000004 17.500000000000004 0.21317502410800387 114.50000000000001 0.14073503521126765 53.500000000000007 46.45000000000001 39.050000000000004 2.7267010000000007 4.1303240000000008 7.0342420000000008 8.9184622137068406 2.5000000000000004 175.50000000000003 10.522861450000002 270.00000000000006 150.00000000000003 16.575522980607733 0.14073503521126765 4.2400190000000011 15.500000000000002 183.50000000000003 12.500000000000002 29.850000000000005 11.196324823943664 44.95000000000001 234.50000000000003 32.500000000000007 7.0342420000000008 42.650000000000013 4.2400190000000011 6.5000000000000009 13.216226708074535 0.32025641025641033 21.250000000000004 11.456048803388184 46.95000000000001 10.441966700000002 1.0500000000000003 13.602232000000003 90.000000000000014 0.2253968253968254 5.5000000000000009 11.092311158333336 11.32472959938743 1.0888367729831148 30.350000000000005 38.500000000000007 0.37096026873624471 0.30810147299509011 0.16724941724941728 18.952342342342344 -18.499999999999996
decision_type=10 2 2 8 10 2 8 2 8 10 2 10 2 10 2 10 8 10 10 10 10 2 2 2 10 10 10 8 10 2 2 2 8 8 10 2 2 10 8 10 2 10 10 10 10 10 2 8 10 10 10 2 2 8 10 10 2 10 10 10 10 2
left_child=1 -1 3 59 -5 7 -7 8 21 53 24 25 14 -14 15 16 -12 -8 57 -20 -15 23 56 -4 29 -11 -26 -19 -29 31 32 47 -31 -34 35 36 37 39 41 52 -39 42 -38 -16 -22 -46 -30 48 49 51 -51 -9 -33 -10 61 -56 -23 60 -21 -3 -13 -25
right_child=-2 2 5 4 -6 6 17 10 9 11 12 18 13 20 43 -17 -18 27 19 58 44 22 -24 54 26 -27 -28 28 46 30 -32 34 33 -35 -36 -37 38 40 -40 -41 -42 -43 -44 -45 45 -47 -48 -49 -50 50 -52 -53 -54 -55 55 -57 -58 -59 -60 -61 -62 -63
leaf_value=1.3772486033660372 0.02666393849295727 -1.3261700790119448 -0.93315588951996031 0.14237675948157538 -0.4340214144713615 -0.70527203729528931 0.33340227092389041 -0.11800246394676349 -1.7828576008795396 -0.061769513753917954 3.8205980783298972 -0.019356269270700291 7.8377173821080479 4.2759216988637601 -1.2370002079195086 1.4728458320005302 -0.51309025245744611 0.22199566509070437 2.6263290469175793 -0.75281036393533241 -0.62655410027221881 0.45794161513937515 1.775171159868723 -0.39746052385380448 -0.12994926683640032 0.43347671428843226 -0.80281481933557941 -0.42849281139571033 0.16305343479456222 -0.94784812725530032 4.927450963516784 0.027849123157781843 0.55463766331590347 -0.38122440436054106 0.98369614637456559 -0.4706207954872369 -0.12587974621529838 0.36434759251026916 -0.31374558128472307 -2.4107799719340153 -0.030040162257171085 2.2952752601691828 0.91014903584583751 0.26170843830791596 4.4808079799517726 0.11477715100014906 -0.066103912780978741 -0.026064558556162399 1.1724893204195848 -0.73826046317671334 0.015332032362502447 0.8081490726635796 -0.65376750061744882 -1.3062073121933289 0.57350392616719981 -0.11861742695238525 -0.32130230775824842 -1.6871487268199303 0.026839064743520297 -1.3835082370983249 -0.79800365636604165 0.014629205942883151
leaf_weight=27 96 37 30 79 96 40 48 20 39 35 36 32 20 30 37 24 34 20 23 30 33 53 35 28 29 37 23 27 32 58 22 46 35 175 103 21 21 58 27 32 40 36 61 21 30 60 145 1174 27 26 180 129 21 31 27 28 43 24 27 38 26 88
leaf_count=27 96 37 30 79 96 40 48 20 39 35 36 32 20 30 37 24 34 20 23 30 33 53 35 28 29 37 23 27 32 58 22 46 35 175 103 21 21 58 27 32 40 36 61 21 30 60 145 1174 27 26 180 129 21 31 27 28 43 24 27 38 26 88
internal_value=-0.000274314 -0.000613183 -0.000784667 -0.0092 -0.00371429 -0.000206214 -0.00641026 0.00037594 -0.00440252 -0.0125 0.00150614 -0.00641026 0.00938462 0.016474 0.00131579 0.0106383 0 -0.00294118 -0.012963 -0.0025 0.0120915 0.00301205 0.0118321 -0.00273632 0.000423012 0.00833333 -0.0173077 -0.00669643 -0.00931373 0.000821799 -0.00586207 0.00178042 -0.00858209 -0.00380952 0.00815451 0.00482094 0.00701754 0.000761421 0.0155172 -0.0106061 0.0122449 0.0211864 0.0134146 -0.0137931 0.00691057 0.0133333 -0.0059322 -0.000128535 0.00497382 0.00295775 -0.00291262 0.0110738 -0.000746269 -0.0328571 0.00146199 0.0136364 0.00416667 -0.0231707 -0.0131579 -0.022 -0.0155172 -0.00431034
internal_weight=4010 3914 3887 250 175 3637 312 3325 636 304 2689 234 325 173 152 94 70 272 162 80 153 332 131 201 2364 72 52 224 204 2312 290 2022 268 210 466 363 342 197 145 99 98 118 82 58 123 90 177 1556 382 355 206 149 67 70 171 55 96 82 57 75 58 116
internal_count=4010 3914 3887 250 175 3637 312 3325 636 304 2689 234 325 173 152 94 70 272 162 80 153 332 131 201 2364 72 52 224 204 2312 290 2022 268 210 466 363 342 197 145 99 98 118 82 58 123 90 177 1556 382 355 206 149 67 70 171 55 96 82 57 75 58 116
is_linear=0
shrinkage=0.05


Tree=63
num_leaves=63
num_cat=0
split_feature=13 12 13 16 15 12 1 13 8 16 13 4 4 0 8 0 16 1 1 15 1 7 15 15 1 9 2 12 4 1 10 11 2 10 11 4 12 8 16 7 8 11 9 9 1 10 4 4 12 12 11 4 0 13 8 10 15 1 16 11 13 12
split_gain=7.69485 6.01296 6.69521 6.43455 10.1234 7.24056 10.0405 10.9888 10.4144 6.72227 6.54793 6.4 6.1169 6.05139 5.79837 5.77573 6.13215 5.72811 8.41679 9.77064 7.45799 5.71429 5.68023 5.62582 5.57831 7.18012 5.51684 9.42289 8.1385 6.26324 6.60735 11.789 7.73727 6.95646 6.06179 5.54212 6.70676 5.38185 5.46564 5.38009 6.91519 6.04229 8.77656 8.91329 5.33416 6.2523 6.00996 5.22667 5.18092 6.58423 5.14286 6.20513 5.13597 5.08804 4.99139 11.2779 8.48262 7.92015 9.35032 7.70133 6.91437 6.3336
threshold=1.0000000180025095e-35 7.5522440817301897 0.72850122850122856 87.500000000000014 7.5000000000000009 16.130346541433216 21.500000000000004 0.12933094384707292 16.166789158693639 253.50000000000003 0.13487525987525992 6.1203630000000011 0.07576200000000001 10.984724408333335 17.032010818479488 10.108811808333334 286.50000000000006 6.5000000000000009 4.5000000000000009 5.5000000000000009 14.500000000000002 1.0000000180025095e-35 9.5000000000000018 2.5000000000000004 16.500000000000004 0.61414392059553358 22.500000000000004 14.894802993488511 11.114214000000002 8.5000000000000018 12.314363107822411 38.750000000000007 7.5000000000000009 16.111802325581397 40.850000000000001 2.0757620000000006 10.687169791256084 11.792007253010416 -8.4999999999999982 102.70000000000002 19.394283878549963 56.95000000000001 0.15470085470085473 0.17684288905435594 11.500000000000002 0.50717391304347836 8.0342420000000008 11.034242000000001 11.818071675577938 13.839543959840251 16.450000000000003 5.1303240000000008 10.522861450000002 0.26624472573839669 10.950394349348167 11.91942733990148 4.5000000000000009 7.5000000000000009 -78.499999999999986 36.95000000000001 0.2007194244604317 11.980237240109513
decision_type=8 8 10 2 2 8 2 10 8 2 10 10 10 2 8 2 2 2 2 2 2 10 2 2 2 10 2 10 10 2 10 10 2 10 10 10 10 10 2 8 10 10 10 10 2 10 10 10 8 10 10 10 2 10 10 10 2 2 2 10 10 10
left_child=-1 17 3 5 12 6 7 -3 10 48 -9 -8 -5 -11 -7 -14 39 18 21 -20 23 -2 -16 -19 -22 -26 27 28 29 35 31 32 -31 34 53 -12 -37 -36 -39 40 41 42 -17 -44 45 -25 -46 52 -6 -50 -47 -52 -18 -32 55 56 -28 -56 61 -58 -57 -59
right_child=1 2 -4 4 9 14 11 8 -10 13 26 -13 15 -15 22 16 47 20 19 -21 24 -23 -24 44 25 -27 54 -29 -30 30 33 -33 -34 -35 37 36 -38 38 -40 -41 -42 -43 43 -45 46 50 -48 -49 49 -51 51 -53 -54 -55 57 60 59 58 -60 -61 -62 -63
leaf_value=0.074372288040300924 1.5724908887553941 -0.46207074082394606 -0.83188815372228264 0.91947307065310901 -0.1770962829968461 0.21432294724275167 -0.0758915054460787 1.3357257976602945 -2.5110942566902263 2.5041072464537111 -1.2410610024764415 1.6618438213014206 2.2322825749644557 1.9894643390423881 0.0059181829778618411 0.81410775205292873 -0.59522639525860654 0.0077324246712497493 -0.10159952403341546 -2.1783079571381401 -0.20405235662141702 -0.072456448000125087 -0.30946640101327694 -0.20971174112472968 1.1870659255161549 0.013949679352687917 0.50714458846308763 -1.6101196073337036 0.16099099220791727 0.17528317080038214 -0.057971922264800572 0.78652268795126812 -1.2260850312314047 -0.038625868459951467 -3.0034419814972226 -0.69605158064834438 0.57468726971010775 -0.27802959217140144 -1.7918612863810894 -0.82417412244426902 1.9529742097352552 -0.22331613489719118 -1.0539435235300176 0.0066143103469350709 0.48730393419976398 5.2674125776144471 1.9559813371059616 -0.87881063368632584 2.2972565657411694 0.25918133627137152 -0.17907174898285272 1.2003060845243987 -0.043451721570613701 -1.6707450039517395 -0.56737899516608437 -0.0091370961797168516 -0.76914408451427219 0.07726426180366755 0.072686372272085548 0.38017177496573712 0.7485139420755943 -1.7740401507933947
leaf_weight=91 35 125 37 26 57 120 20 20 48 23 41 20 20 38 372 59 31 70 44 29 86 35 21 39 25 115 33 28 72 32 67 29 39 75 33 39 80 27 25 23 28 63 25 472 38 20 36 30 29 63 24 26 89 30 127 85 125 22 222 25 133 42
leaf_count=91 35 125 37 26 57 120 20 20 48 23 41 20 20 38 372 59 31 70 44 29 86 35 21 39 25 115 33 28 72 32 67 29 39 75 33 39 80 27 25 23 28 63 25 472 38 20 36 30 29 63 24 26 89 30 127 85 125 22 222 25 133 42
internal_value=-0.000637022 -0.00097137 -0.00182371 -0.00158315 0.00157993 -0.00314653 -0.0047476 -0.00535714 -0.00416945 0.0114286 -0.00341144 0.02 -0.000808314 0.0254098 0.00204678 -0.00154762 -0.00219512 0.00353698 -0.00524476 -0.0171233 0.00615866 0.00714286 -0.000890585 0.0120553 -0.000442478 0.00571429 -0.00380853 -0.00737439 -0.00602716 -0.0082205 -0.0119048 -0.001 -0.0119718 -0.0161479 -0.0214286 0 0.00546218 -0.0311765 -0.0211538 -0.000149254 0.000695518 -0.000403877 0.00125899 -0.000905433 0.0166667 0.00963303 0.027027 -0.0113333 0.0057047 0.0130435 0.0185714 0.01 -0.00666667 -0.0128866 -0.00110565 0.00286783 -0.00628415 -0.00496368 -0.00034965 -0.0113333 0.0105505 -0.0171875
internal_weight=4003 3912 3290 3253 1076 2177 1664 1624 1499 210 1451 40 866 61 513 840 820 622 143 73 479 70 393 253 226 140 1431 617 589 517 357 100 71 257 182 160 119 85 52 670 647 619 556 497 183 109 74 150 149 92 70 50 120 97 814 401 183 413 286 150 218 64
internal_count=4003 3912 3290 3253 1076 2177 1664 1624 1499 210 1451 40 866 61 513 840 820 622 143 73 479 70 393 253 226 140 1431 617 589 517 357 100 71 257 182 160 119 85 52 670 647 619 556 497 183 109 74 150 149 92 70 50 120 97 814 401 183 413 286 150 218 64
is_linear=0
shrinkage=0.05


Tree=64
num_leaves=63
num_cat=0
split_feature=12 11 16 9 5 15 1 13 0 0 16 12 11 11 11 12 13 9 11 16 12 8 12 9 0 2 12 14 11 12 14 11 14 2 5 13 1 12 13 6 12 16 6 1 12 0 13 16 6 1 13 2 8 2 1 1 2 7 11 13 5 0
split_gain=5.48664 6.70527 5.98643 9.88156 7.54242 6.1125 7.33902 6.1158 6.10112 7.66345 6.9515 7.02198 8.70328 6.93893 6.25369 6.2363 12.8571 6.62725 10.3455 6.23077 6.14574 11.5895 9.56897 8.99963 7.0107 6.1943 7.49542 6.08645 5.94978 5.94129 5.76454 6.29156 9.04156 5.47594 7.70514 5.36 5.29779 8.55317 8.19225 6.30356 5.26191 5.41806 5.12877 6.63549 6.83721 5.08686 6.45203 5.91392 5.79411 5.40346 5.06288 5.00288 6.46503 6.05874 4.95091 7.59965 8.16448 4.82233 4.8161 5.48577 4.81336 5.75043
threshold=9.8777877600933923 32.850000000000001 -78.499999999999986 0.3047162859248343 16.050000000000004 5.5000000000000009 2.5000000000000004 0.084219858156028379 12.444616975000001 12.771758666666669 136.50000000000003 13.143093755433759 46.250000000000007 43.250000000000007 42.050000000000004 11.039059205210171 0.36873433583959908 0.40709353421217837 41.850000000000001 24.500000000000004 11.699348083862629 12.066093548557225 11.503105369784036 0.10102040816326532 10.61197581666667 32.500000000000007 11.096262132009054 150.00000000000003 35.850000000000001 12.342855299153291 210.00000000000003 40.050000000000004 570.00000000000011 37.500000000000007 23.750000000000004 0.26939799331103681 20.500000000000004 16.694700095647899 0.17664992826398854 21.472916666666666 15.335038948007336 32.500000000000007 12.33307818480044 16.500000000000004 8.7502728479206606 10.932213500000001 0.17001204335608192 -37.499999999999993 17.654700854700859 10.500000000000002 0.23226861167002014 7.5000000000000009 12.006241950673873 37.500000000000007 11.500000000000002 6.5000000000000009 37.500000000000007 33.95000000000001 40.050000000000004 0.1924501424501425 20.950000000000003 11.154141975000003
decision_type=8 8 2 8 10 2 2 8 2 2 2 8 8 8 8 8 10 10 10 2 10 10 10 8 2 2 10 10 10 10 8 10 10 2 10 10 2 10 10 10 10 2 8 2 10 2 8 2 8 2 10 2 10 2 2 2 2 10 10 10 10 2
left_child=42 -2 3 35 28 7 -7 -4 10 -10 11 12 20 -13 -11 16 -12 54 -19 -16 21 22 23 -8 29 -25 -27 -26 -5 -22 51 32 -32 34 -14 58 37 40 -38 -39 45 -42 -1 44 -44 46 -15 -47 49 -49 -23 52 -9 -53 55 -17 -57 -46 -3 -60 61 -33
right_child=1 2 5 4 -6 6 8 30 9 14 15 13 33 36 19 17 -18 18 -20 -21 24 50 -24 25 27 26 -28 -29 -30 -31 31 60 -34 -35 -36 -37 38 39 -40 -41 41 -43 43 -45 57 47 -48 48 -50 -51 -52 53 -54 -55 -56 56 -58 -59 59 -61 -62 -63
leaf_value=0.017218992133465696 -0.9098089187897106 0.039989955693619454 0.036135452702885783 1.1839419941013709 -1.549004100649475 -1.0523078576969518 -1.989605817608209 -0.12957110569818195 -1.8267862390711731 0.79606230237859998 -0.6351336459643474 -1.0992664868645567 -0.024696569603416974 -0.38426808872325796 0.046303610561916946 2.8854825150861174 1.6905868378120488 2.2506211464527275 -0.70345975965991847 -1.274815186566256 0.14829718759502519 -1.3971312118876811 -0.38622645076328621 0.01654026034538358 0.72865563725738447 1.1896378912829075 -0.29454413426011733 -0.68941615433685555 0.35905449770991815 -0.69588318017106088 0.32548812820255923 1.0634906766192775 -0.70060208253714285 2.1597001201251849 0.80606655266955818 -1.798425124343153 -0.015799080510892845 1.5329172577344785 -0.69222799935837631 0.038239104017578289 -1.625234823125068 0.024429964323708298 -0.055073326151560666 2.3954636754868819 0.49709360579388467 0.85280446368489471 -0.15997617739859607 0.18678063607961801 0.054530697400388808 -0.56144306954072221 -0.28358741675118876 -0.0093550722191988456 -1.8908268142848148 -0.34120429643185513 2.4300723117854299 0.092065858659723443 -2.4973056781380052 -0.0063344874865160607 -1.7866307932923264 -0.33413424299174788 -0.067568970574261658 0.15903590948688873
leaf_weight=1024 47 47 59 21 23 30 21 33 22 29 36 30 46 23 26 37 20 20 39 26 35 20 34 118 145 62 21 21 50 27 20 20 35 36 20 41 74 46 34 83 26 20 43 32 50 20 121 28 92 27 26 223 39 163 170 38 21 36 56 50 49 45
leaf_count=1024 47 47 59 21 23 30 21 33 22 29 36 30 46 23 26 37 20 20 39 26 35 20 34 118 145 62 21 21 50 27 20 20 35 36 20 41 74 46 34 83 26 20 43 32 50 20 121 28 92 27 26 223 39 163 170 38 21 36 56 50 49 45
internal_value=-0.00027666 -0.00148692 -0.00116618 -0.00798611 0.00531915 -0.00036645 0.00118644 -0.00437318 0.0016092 -0.0101942 0.00235186 0.000557325 0.00427215 -0.00320513 -0.00308642 0.00826772 -0.00714286 0.0109231 -0.00423729 -0.0134615 0.00169811 -0.00298013 0.00117188 0.00495495 0.00789474 0.00820896 0.0186747 0.013253 0.0133803 -0.00645161 -0.00582137 0.00207101 -0.0118182 0.0176471 0.00909091 -0.014433 -0.0020202 0.000205761 -0.012037 0.0112403 -0.00378151 -0.0195652 0.00257384 0.0108696 0.00581395 -0.00144695 -0.00833333 0.00449102 0.00102041 -0.0118182 -0.026087 -0.00873362 -0.0208333 -0.00647668 0.0142857 0.00520833 -0.0059322 0.0139535 -0.0101307 -0.0160377 0.00877193 0.0176923
internal_weight=3976 2791 2744 288 94 2456 1770 686 1740 103 1637 1256 632 624 81 381 56 325 59 52 530 302 256 222 228 201 83 166 71 62 627 169 55 102 66 194 594 486 108 129 357 46 1185 161 129 311 144 167 147 55 46 458 72 386 266 96 59 86 153 106 114 65
internal_count=3976 2791 2744 288 94 2456 1770 686 1740 103 1637 1256 632 624 81 381 56 325 59 52 530 302 256 222 228 201 83 166 71 62 627 169 55 102 66 194 594 486 108 129 357 46 1185 161 129 311 144 167 147 55 46 458 72 386 266 96 59 86 153 106 114 65
is_linear=0
shrinkage=0.05


Tree=65
num_leaves=63
num_cat=0
split_feature=15 16 9 16 16 4 4 10 1 5 10 4 4 8 10 2 10 6 1 16 9 5 0 0 1 1 10 11 10 2 6 6 5 16 4 4 6 16 9 8 0 16 0 15 11 1 2 0 14 12 5 10 4 9 15 8 1 4 6 0 9 1
split_gain=5.24863 8.71263 8.18215 8.203 8.09929 6.86165 6.21152 6.17953 6.41203 6.15865 5.54206 7.42331 7.6763 7.15787 10.0225 6.9358 6.31878 8.62883 8.19302 6.12529 5.31158 5.26569 5.232 8.64247 8.61963 6.3215 7.23487 6.19746 5.84599 4.70498 5.05951 8.38603 5.99419 4.94843 4.93106 4.8 4.69749 11 9.23796 8.34652 6.67634 6.78047 6.67089 7.17582 7.81638 5.50556 5.28912 5.03136 4.98879 4.97778 4.67204 4.64214 4.58819 7.07487 4.69711 6.12585 7.22689 5.25947 5.15173 6.54762 4.66667 4.17734
threshold=7.5000000000000009 -53.499999999999993 0.37965517241379315 -69.499999999999986 104.50000000000001 0.07576200000000001 0.13032400000000002 17.701644781372686 19.500000000000004 31.950000000000003 10.107575757575759 14.121639000000002 12.075762000000003 11.009610445278783 12.907261904761905 27.500000000000004 4.974166666666668 10.305235137533275 8.5000000000000018 -60.499999999999993 0.45049019607843144 36.350000000000001 10.125757558333335 10.417885925000002 10.500000000000002 12.500000000000002 15.003005226480839 32.650000000000013 15.995138888888892 7.5000000000000009 15.781100266193436 18.839384057971021 19.950000000000003 48.500000000000007 5.1303240000000008 2.7267010000000007 23.477065826330534 144.50000000000003 0.13079116179615113 7.8656436743934268 11.932213500000001 100.50000000000001 10.44924504166667 2.5000000000000004 60.750000000000007 17.500000000000004 47.500000000000007 10.456888266666668 270.00000000000006 13.037851972218389 43.050000000000004 16.662280701754387 12.426078000000002 0.12429775280898878 6.5000000000000009 12.525398441924612 16.500000000000004 2.7267010000000007 13.458409090909093 10.237888300000002 0.4732057416267943 13.500000000000002
decision_type=2 2 10 2 2 8 10 8 2 10 10 10 10 10 10 2 8 8 2 2 10 10 2 2 2 2 8 10 10 2 10 10 10 2 10 10 8 2 10 8 2 2 2 2 10 2 2 2 8 10 10 10 10 10 2 10 2 10 10 2 10 2
left_child=1 2 9 -4 10 20 -7 8 -6 22 16 12 13 14 -12 -16 18 -18 -2 -19 51 -9 -1 -24 27 -26 -27 -25 -29 -15 35 32 -32 34 -33 -31 42 39 49 -38 41 46 43 -8 52 -40 -41 -44 50 -39 -42 -3 53 -45 55 56 58 -56 59 60 -55 -21
right_child=4 5 3 -5 7 6 36 21 -10 -11 11 -13 -14 29 15 -17 17 19 -20 61 -22 -23 23 24 25 26 -28 28 -30 30 31 33 -34 -35 -36 -37 37 38 45 40 48 -43 47 44 -46 -47 -48 -49 -50 -51 -52 -53 -54 54 57 -57 -58 -59 -60 -61 -62 -63
leaf_value=-2.0415205904586564 -0.55211941595799185 -0.040531470340521278 0.23542374118339282 -0.91174430260916339 0.92096634881637629 -0.64044122127730452 -1.1304957086096867 4.553378534923386 -1.1794534664212755 -2.767539987767984 0.75334847863002419 -0.49221785315616629 0.97702174343482973 0.21931716702384493 -0.1604111602295607 1.2050186720301685 -1.3055508788067764 0.99905129817799354 1.3536752020079774 0.01584441832929679 1.0930299402361336 0.36736545234790619 1.0250518358297702 0.21973640631701641 -3.9632705221872628 -2.1005614791409193 0.4567686788675781 -1.3606497904876858 0.24285226971170745 -1.3281237675624917 0.44202117947929093 0.23640227107462125 -0.011507091047660746 -0.49174085598629758 -0.20345486468211799 -0.1536368380332398 -0.065017758184804597 -0.25751636591557542 3.103800053506129 -0.0035035425682433496 0.57653626365511046 1.9465064108110774 2.189144576189602 -0.89916656940918538 -1.0297842633425234 -0.19428961747497411 0.11406580133007056 -0.028823037219877182 0.049788785470821974 -1.1612216966184068 0.11384472993228907 0.8034021124097569 0.20079786481459455 -1.2799683464551606 2.0442543253088341 -1.2577999286026682 2.0183710872488221 -0.037923391099583981 0.030333687301081547 -2.1693571321409162 2.7276922446938876 -0.10326468438208099
leaf_weight=27 31 49 101 26 109 28 35 40 27 35 38 26 26 46 45 36 43 20 45 43 20 22 28 20 42 46 44 39 28 21 33 39 40 24 31 49 22 20 20 209 26 22 22 20 21 23 37 1679 32 36 23 26 35 21 24 47 22 69 27 24 21 53
leaf_count=27 31 49 101 26 109 28 35 40 27 35 38 26 26 46 45 36 43 20 45 43 20 22 28 20 42 46 44 39 28 21 33 39 40 24 31 49 22 20 20 209 26 22 22 20 21 23 37 1679 32 36 23 26 35 21 24 47 22 69 27 24 21 53
internal_value=-0.00119257 -0.00216408 -0.0087156 0.0019685 0.00219842 -0.00109023 -0.00157895 0.0111111 0.00514706 -0.0131068 -0.000362845 0.00286344 0.00443925 0.00273632 0.0130252 0.00308642 -0.00659574 -0.0122642 0.00526316 -0.00517241 0.0121053 0.0241935 -0.0105839 -0.0082996 -0.0116438 -0.019697 -0.0122222 0.000574713 -0.00671642 -0.00159011 -0.00443038 0.000299401 0.0130137 -0.00957447 -0.00285714 -0.0157143 -0.00132046 0.00319149 -0.0116162 0.00714286 0.00902579 0.00522388 -0.0023464 -0.00846995 -0.00619335 0.00581395 0.00284553 -0.00102881 0.0216049 -0.025 0.0316327 0.006 -0.00419355 -0.00636364 -0.00411765 -0.00925926 -0.00304348 0.00483871 -0.00913978 -0.0166667 -0.0047619 -0.0104167
internal_weight=3983 3096 436 127 887 2660 2565 198 136 309 689 454 428 402 119 81 235 159 76 116 95 62 274 247 219 132 90 87 67 283 237 167 73 94 70 70 2537 470 99 371 349 268 2067 366 331 43 246 1701 81 56 49 75 310 275 255 162 115 93 93 66 42 96
internal_count=3983 3096 436 127 887 2660 2565 198 136 309 689 454 428 402 119 81 235 159 76 116 95 62 274 247 219 132 90 87 67 283 237 167 73 94 70 70 2537 470 99 371 349 268 2067 366 331 43 246 1701 81 56 49 75 310 275 255 162 115 93 93 66 42 96
is_linear=0
shrinkage=0.05


Tree=66
num_leaves=63
num_cat=0
split_feature=16 15 7 8 13 16 16 12 13 16 2 8 11 11 15 16 4 6 16 10 8 16 4 13 4 1 15 6 1 7 16 10 12 7 16 16 11 4 16 16 16 16 12 8 0 15 6 13 4 2 1 2 15 1 8 9 11 1 1 15 4 1
split_gain=5.57841 7.38065 6.87351 7.09547 5.49715 5.43985 4.20963 9.25966 3.43891 6.65775 7.02474 5.01775 7.70813 4.641 6.33281 6.30158 4.86492 8.06267 3.934 9.59099 11.7311 6.75824 9.06568 9.96923 6.4 4.97955 9.55071 8.65571 8.43532 12.2873 7.42424 8.38377 7.14742 6.59443 8.14548 6.60939 6.27563 11.8266 11.0601 9.15684 7.56083 6.22895 5.1623 5.05522 5.02692 6.09862 5.46598 4.69482 7.05001 6.29194 5.7237 8.47429 7.75006 7.65822 8.89095 5.94584 8.11439 8.71484 10.2481 5.92478 5.22648 4.66073
threshold=363.50000000000006 3.5000000000000004 45.650000000000013 11.487468788315541 0.3401030927835052 -234.49999999999997 -161.49999999999997 9.5623528255388788 0.1464191393506292 48.500000000000007 1.0000000180025095e-35 11.069093424185928 50.95000000000001 117.95000000000002 6.5000000000000009 10.500000000000002 3.8354865000000005 17.080128205128208 -4.4999999999999991 23.667083333333338 15.951112211735671 -15.499999999999998 6.1303240000000008 0.40085470085470093 4.1025600000000013 20.500000000000004 6.5000000000000009 27.837699024139706 17.500000000000004 35.45000000000001 107.50000000000001 15.944685990338165 11.503105369784036 42.650000000000013 211.50000000000003 169.50000000000003 36.95000000000001 0.9433180000000001 121.50000000000001 260.50000000000006 98.500000000000014 286.50000000000006 11.202224443795261 14.449575234214366 11.950360425000001 6.5000000000000009 1.0000000180025095e-35 0.24253565062388596 1.1185900000000002 27.500000000000004 14.500000000000002 7.5000000000000009 6.5000000000000009 6.5000000000000009 0.49496869005845573 0.32413399314807773 25.750000000000004 12.500000000000002 9.5000000000000018 4.5000000000000009 7.7657680000000013 2.5000000000000004
decision_type=2 2 10 10 10 2 2 10 8 2 2 10 10 10 2 2 10 8 2 10 10 2 10 10 10 2 2 8 2 10 2 8 10 10 2 2 10 10 2 2 2 2 10 10 2 2 10 8 10 2 2 2 2 2 8 10 10 2 2 2 10 2
left_child=5 -2 3 4 -3 -1 7 -7 9 10 -8 -11 -13 14 15 -12 -16 -18 19 20 21 -10 -23 -24 -22 28 27 -27 36 -30 31 32 -28 35 -35 -31 37 40 42 44 -20 -41 47 -33 45 46 -40 49 -49 -39 51 60 59 54 -53 -55 57 58 -57 -52 -50 -38
right_child=1 2 -4 -5 -6 6 8 -9 18 11 13 12 -14 -15 16 -17 17 -19 25 -21 24 22 23 -25 -26 26 30 -29 29 33 -32 43 -34 34 -36 -37 61 38 39 41 -42 -43 -44 -45 -46 -47 -48 48 50 -51 52 53 -54 55 -56 56 -58 -59 -60 -61 -62 -63
leaf_value=1.271458804713232 -0.17999214703176369 -0.10627128859893703 -0.38516052199003359 3.4944328961781626 6.0012436107008789 0.57831974186958135 -0.14960313896803026 -1.1228790132570197 -0.0073604283752457091 -0.79155594272632857 -0.11544941805791818 0.57259255830025146 -0.17743840373083161 0.10731527811559448 -0.057474490163317606 0.16812061965661707 -0.11831892317037765 0.40694774262136973 0.031201607609323292 0.75117991307243825 -1.0946373018174567 -0.6606687993616065 -0.26419750345987625 1.5100478151765011 -3.8958555117215208 -0.26053673071885547 -0.12589031196501246 0.17094539169440931 2.2277994130015459 -0.70378236699885388 -0.81253921730474765 -0.045344917550985714 0.24891763284153987 1.8568775976330714 -0.27474873577990028 1.6852290439722735 -0.8100144004736487 -0.00039049818034584408 -0.22772280028552105 1.0779829049784162 0.50099626342718406 -0.38011939553668395 -1.1652077127056291 -0.61230618766116685 -0.099258480198667343 -0.13912033471397933 -1.0153986744513497 -3.0253711987647978 -0.98960241350385836 0.58738875467905893 -1.0347245708204988 0.27991629468829377 -1.0035595988800028 0.0045727617854481655 -0.18386231597655667 0.44034748042508287 2.9658951605754353 0.79828019248382498 -1.6878555011917471 0.10151295169852831 0.011605034535742555 0.056682487250106744
leaf_weight=28 31 27 25 25 22 25 25 61 778 36 83 31 45 47 39 20 20 42 54 34 20 69 52 20 20 51 23 29 129 37 22 46 20 52 33 20 25 27 23 23 32 24 23 21 42 35 65 23 21 24 27 51 40 69 78 32 40 25 20 34 20 1012
leaf_count=28 31 27 25 25 22 25 25 61 778 36 83 31 45 47 39 20 20 42 54 34 20 69 52 20 20 51 23 29 129 37 22 46 20 52 33 20 25 27 23 23 32 24 23 21 42 35 65 23 21 24 27 51 40 69 78 32 40 25 20 34 20 1012
internal_value=-0.000187641 0.01 0.0166667 0.0243243 0.0132653 -0.000530127 -0.000690284 -0.0116279 -0.000439648 -0.00489691 -0.000724638 -0.0151786 -0.00789474 0.00179283 -0.00147059 -0.0101942 0.00742574 0.016129 7.42942e-05 -0.00256798 -0.00349322 -0.0023395 -0.0124113 0 -0.03 0.00118044 -0.00613208 0.0075 0.00189815 0.0101476 -0.0143939 -0.00909091 0.00813953 0 0.00882353 -0.0131579 0.000714664 -0.00246479 -0.00443864 -0.0141509 0.0151163 0.00531915 -0.000722022 -0.0201493 -0.019697 -0.0247967 -0.0318182 0.000282486 -0.00125 0.0147059 0.000109409 0.00308989 -0.010396 0.00587302 -0.00348837 0.0123656 0.0192308 0.00974026 -0.00192308 0.000819672 -0.0182927 0.0033269
internal_weight=3997 130 99 74 49 3867 3839 86 3753 388 276 112 76 251 204 103 101 62 3365 993 959 919 141 72 40 2372 212 80 2160 271 132 110 43 142 85 57 1889 852 766 212 86 47 554 67 165 123 88 531 480 51 457 356 101 315 129 186 117 77 52 61 41 1037
internal_count=3997 130 99 74 49 3867 3839 86 3753 388 276 112 76 251 204 103 101 62 3365 993 959 919 141 72 40 2372 212 80 2160 271 132 110 43 142 85 57 1889 852 766 212 86 47 554 67 165 123 88 531 480 51 457 356 101 315 129 186 117 77 52 61 41 1037
is_linear=0
shrinkage=0.05


Tree=67
num_leaves=63
num_cat=0
split_feature=15 16 8 1 11 1 16 12 12 4 6 4 13 11 10 6 4 12 6 5 10 5 12 13 8 1 11 10 13 13 13 16 7 12 1 10 13 5 1 6 16 16 1 8 2 12 2 10 6 5 13 13 6 11 5 1 12 1 7 13 16 10
split_gain=5.0654 7.55348 4.63725 3.78111 6.81687 3.70608 10.5766 8.40389 5.57 4.88295 6.28156 6.05662 4.96084 5.97064 9.57767 9.99276 7.21247 10.2871 8.67805 8.4956 8.38266 9.51841 6.98553 12.2027 7.60038 5.9241 6.89015 5.39369 5.08279 6.52683 6.44709 6.76385 7.80645 6.1389 9.54636 8.00032 5.83289 5.7313 5.21106 8.88345 5.07607 5.03229 5.0249 5.01818 5.66154 4.7651 4.69051 5.18211 10.541 4.66667 4.47676 7.61915 7.5956 6.28882 6.3131 6.79352 6.23377 6.19132 9.06579 5.80459 12.3247 5.8745
threshold=5.5000000000000009 363.50000000000006 23.052438941927115 18.500000000000004 42.95000000000001 20.500000000000004 128.50000000000003 13.320157705500504 11.503105369784036 1.0054830000000001 13.458409090909093 1.1185900000000002 0.13221420643729193 44.050000000000004 12.693513957307063 9.9168253968253968 8.7657680000000031 9.4691064210025786 13.263333333333337 3.5500000000000003 13.787380366420566 7.8500000000000005 9.149698187552632 0.92770034843205595 13.926382932835129 17.500000000000004 12.050000000000002 13.725082146768896 0.23836580086580089 0.22630278526504946 0.27596784429870963 87.500000000000014 46.550000000000004 16.520962437444908 14.500000000000002 14.96216655823032 0.2184390997778422 27.250000000000004 13.500000000000002 17.839148936170215 24.500000000000004 32.500000000000007 6.5000000000000009 11.366551064612095 27.500000000000004 17.399180796358429 47.500000000000007 16.955533596837949 19.913368794326242 55.600000000000009 0.25082781456953646 0.37356017476499409 13.986335403726709 42.45000000000001 8.9500000000000011 8.5000000000000018 10.419105948529507 6.5000000000000009 33.050000000000004 0.20354676710608918 58.500000000000007 13.630007309941522
decision_type=2 2 10 2 10 2 2 8 10 10 10 10 8 8 8 8 10 10 10 10 10 10 10 10 10 2 10 8 8 10 8 2 10 8 2 10 10 10 2 10 2 2 2 10 2 10 2 10 10 10 10 10 10 10 10 2 10 2 10 10 2 10
left_child=-1 2 5 4 -3 9 7 8 -7 10 -2 -11 -13 16 15 -15 22 25 19 -19 -20 -22 23 -14 50 26 -18 -16 29 36 31 32 -30 35 37 -32 38 -35 39 -29 -36 45 -28 -23 -45 -41 47 -12 -49 -39 59 53 56 54 55 -52 -53 -56 -59 60 -24 -61
right_child=1 3 -4 -5 -6 6 -8 -9 -10 11 46 12 13 14 27 -17 17 18 20 -21 21 43 24 -25 -26 -27 42 28 30 -31 33 -33 -34 34 40 -37 -38 49 -40 41 -42 -43 -44 44 -46 -47 -48 48 -50 -51 51 52 -54 -55 57 -57 -58 58 -60 61 -62 -63
leaf_value=-0.036127967560891962 0.28143011951476354 1.7221811283604667 -0.65280938335461358 5.5293486306451118 -0.64542271925796946 -0.042555602584048446 -0.94914825576276063 -0.053616626931733684 0.70483064763788073 -0.72170552376628128 -0.32703050643518305 -0.14951687770991703 -0.4133481761734224 -0.11950526996590299 -0.72903617542702792 2.8976506433920033 -0.18477309868950728 0.50641998514336739 1.5858616627835425 -0.86238019231560692 -1.6069084586896807 0.32060300806452902 -0.57277483235371207 0.32054971693258238 -1.3243015347749967 7.7899102874710229 -0.045490018554101577 -1.0667350625941687 1.2669978257635481 -1.7413969518081815 0.67312034558994327 3.1931903423519086 -0.25672049519203455 0.045050714886916865 0.10126572281831088 -0.93986453349910914 1.8083998598415363 -0.91987914102374335 0.28116493123963393 -0.013142945587223665 5.9942398422488239 -0.42260557950670619 0.57635556858067927 -0.29331088055430382 1.103494365960237 0.95197342522327877 -0.14120326606069875 1.2188175661505378 -0.11118515364036236 0.040776500042332492 -1.2747210007691758 -0.00039925229821964338 -0.96539683645157948 0.5800073538363858 -1.4264052161359606 -0.99670740808672176 1.114768533963661 0.9458951039686696 -0.50539369631942055 -0.13611648903529669 1.3549040977595146 0.88452122908126452
leaf_weight=1239 155 21 22 36 22 46 27 108 41 49 60 151 195 20 31 62 32 49 30 60 23 20 58 55 26 20 25 37 31 33 29 28 31 95 41 70 21 21 73 29 25 31 73 26 20 20 31 29 37 21 21 40 20 23 33 40 44 21 46 31 20 85
leaf_count=1239 155 21 22 36 22 46 27 108 41 49 60 151 195 20 31 62 32 49 30 60 23 20 58 55 26 20 25 37 31 33 29 28 31 95 41 70 21 21 73 29 25 31 73 26 20 20 31 29 37 21 21 40 20 23 33 40 44 21 46 31 20 85
internal_value=-0.000618843 0.000588235 0.000132526 0.0158228 0.00581395 0.000324551 -0.00585586 -0.00179487 0.00977011 0.000896955 0.00673077 2.39808e-05 0.000442043 0.00114058 0.00460614 0.0207317 -0.00114437 0.00449735 -0.00219298 -0.0123853 0.00714286 -0.000561798 -0.00395778 -0.0108 -0.000590551 0.0146667 0.0107692 0.00262369 0.00361635 -0.00204918 0.00714286 0.0188889 0.00967742 0.00364238 0.00862069 -0.00656566 0.00118483 0.00109489 -0.00157895 -0.00811966 0.0242424 0.00125 0.0173469 0.00909091 0 0.0112245 -0.000318471 0.00396825 0.0136364 -0.0142857 0.000829876 -0.003125 0.00769231 -0.00923913 -0.0127329 -0.0254098 0.0142857 -0.005 0.00373134 0.00670103 -0.00384615 0.0137931
internal_weight=3959 2720 2641 79 43 2619 222 195 87 2397 312 2085 2036 1885 749 82 1136 378 228 109 119 89 758 250 508 150 130 667 636 244 392 90 62 302 203 99 211 137 190 117 66 80 98 66 46 49 157 126 66 42 482 288 104 184 161 61 84 100 67 194 78 116
internal_count=3959 2720 2641 79 43 2619 222 195 87 2397 312 2085 2036 1885 749 82 1136 378 228 109 119 89 758 250 508 150 130 667 636 244 392 90 62 302 203 99 211 137 190 117 66 80 98 66 46 49 157 126 66 42 482 288 104 184 161 61 84 100 67 194 78 116
is_linear=0
shrinkage=0.05


Tree=68
num_leaves=63
num_cat=0
split_feature=4 14 4 1 0 14 2 16 4 15 16 10 5 5 10 5 14 13 16 9 5 15 16 6 9 16 14 5 4 5 6 5 13 0 16 5 9 9 7 7 0 1 15 6 9 9 9 4 2 1 15 1 13 2 6 12 9 0 6 6 6 0
split_gain=4.43099 7.25005 7.94039 6.62506 6.11397 6.04972 5.89507 5.39124 5.69451 4.78426 4.3933 4.37586 5.56416 9.95725 8.6527 8.15365 7.96797 8.18325 10.0675 6.6214 6.10424 6.09352 8.49702 7.86798 6.45015 5.92845 7.11851 6.28555 7.80675 5.66893 5.28296 5.78037 6.13502 7.99691 7.24989 8.95382 7.00228 5.89269 5.64781 5.62949 6.99659 5.46758 5.8694 7.54297 6.94902 6.01589 5.39319 5.21683 7.90152 6.47619 6.18575 5.18652 5.04653 4.96673 6.26022 5.36162 4.93669 4.93586 7.27704 5.23801 10.9861 8.46216
threshold=1.8332025000000003 1.0000000180025095e-35 1.6022320000000001 21.500000000000004 10.417885925000002 4170.0000000000009 37.500000000000007 -49.499999999999993 0.07576200000000001 7.5000000000000009 -89.499999999999986 70.208245877061486 6.1500000000000012 7.9500000000000011 16.058776844070966 4.9500000000000011 90.000000000000014 0.30992957746478877 282.50000000000006 0.039230769230769243 3.9500000000000006 5.5000000000000009 399.50000000000006 7.9191111111111123 0.096006144393241177 -44.499999999999993 90.000000000000014 24.950000000000003 9.1025600000000022 15.450000000000001 6.6914860681114563 39.050000000000004 0.15043221589711156 11.328667200000002 -76.499999999999986 27.750000000000004 0.21767001114827203 0.14400921658986179 26.550000000000004 48.95000000000001 11.108811808333334 21.500000000000004 8.5000000000000018 11.516202346041057 0.42365967365967372 0.22886904761904764 0.70601851851851871 7.1185900000000011 32.500000000000007 4.5000000000000009 5.5000000000000009 13.500000000000002 0.28647416413373866 47.500000000000007 13.430075187969928 12.731011951665559 0.13079116179615113 13.125757558333335 11.261387163561078 14.590692640692643 16.439285714285717 10.984724408333335
decision_type=10 10 8 2 2 10 2 2 10 2 2 10 10 10 10 10 8 10 2 10 10 2 2 8 8 2 8 10 10 10 8 10 10 2 2 10 8 8 8 10 2 2 2 10 10 10 10 10 2 2 2 2 8 2 10 10 10 2 8 8 8 2
left_child=1 -1 3 4 6 11 -3 8 -6 10 -10 12 15 14 -14 16 17 52 47 -18 -21 23 24 -15 29 51 27 -27 -29 -23 46 32 33 37 35 36 -34 -32 -36 40 -33 42 43 44 -40 -44 -26 49 -49 -19 -50 -25 53 54 -2 -56 -45 58 -28 61 -61 -60
right_child=5 2 -4 -5 7 -7 -8 -9 9 -11 -12 -13 13 21 -16 -17 19 18 -20 20 -22 22 -24 25 30 26 57 28 -30 -31 31 39 34 -35 38 -37 -38 -39 41 -41 -42 -43 45 56 -46 -47 -48 48 50 -51 -52 -53 -54 -55 55 -57 -58 -59 59 60 -62 -63
leaf_value=0.98940487213641137 1.4986338208136691 -0.97556991685588457 0.6844207327820464 -0.23594137147424543 -1.8242379880091115 0.25400988660647833 0.20260867145264108 0.045201581103868897 0.1378607028704229 0.42297743542622079 -0.7588263444126544 0.027244849449792552 -0.91447980946796903 2.8204866100909358 0.10419738040903895 0.54510311517418941 0.073805788381393359 1.8344967705390254 -0.99775032140248676 -0.083074313109119668 -0.83707352516550815 0.1150635672825954 5.1907448476138187 -0.82108337151672695 -0.76157782565341536 -1.3600981826057046 -1.0514182198655633 -0.78222092151544043 0.14688935472242884 -0.43060292334319483 -0.063957455370630009 -0.051905355732525062 -4.1350404819863238 0.47231631796017792 0.96536471029222781 0.2450153537911163 -0.61901013830906404 0.05355783007747944 -0.67429317049587789 0.29845456987387914 -0.65156123706074165 -0.46032054611668338 -0.018363898135461198 1.5304931116816183 0.1983633747119555 2.4291247726039309 0.0030632711173907978 1.2990518137004792 -0.91895642192330351 0.0038278548602235676 2.0841873677279401 -5.293004074594724 -0.3046392486847353 -0.68094239363051168 1.1504384850155007 -0.60497001339738121 0.031310457928059053 0.080693762707987213 0.42057015499203865 -1.5085123615412106 -0.0026647478602255695 -0.33128322716326652
leaf_weight=30 20 53 97 30 21 23 22 444 34 22 27 86 73 21 25 98 34 27 20 661 36 28 26 23 33 36 23 29 22 98 27 79 25 43 27 21 58 76 79 63 42 20 21 24 35 29 25 74 21 126 29 21 33 21 25 28 460 27 26 28 129 21
leaf_count=30 20 53 97 30 21 23 22 444 34 22 27 86 73 21 25 98 34 27 20 661 36 28 26 23 33 36 23 29 22 98 27 79 25 43 27 21 58 76 79 63 42 20 21 24 35 29 25 74 21 126 29 21 33 21 25 28 460 27 26 28 129 21
internal_value=-0.000815558 0.0025641 0.0016 -0.000382848 0.000722311 -0.00163807 -0.0126667 0.00255474 -0.00769231 -0.00180723 -0.00901639 -0.00182275 -0.00213178 -0.00387954 -0.0193878 0.000438947 -0.000735931 0.00471698 0.00925926 -0.00389877 -0.00494978 -0.0030086 -0.00138163 -0.00837438 -0.00194212 -0.01 -0.00777126 -0.0201149 -0.00882353 -0.0126984 -0.000800337 -4.4287e-05 0.00153439 0.0109589 -0.000187735 -0.0125 -0.0198795 0.00339806 0.00165468 -0.00815217 -0.0144628 0.000748503 0.00154321 0.000167224 -0.0114035 0.018 -0.0155172 0.0117329 0.0193548 0.00555556 0.004 -0.0272727 -0.00590551 0 0.00616438 -0.00283019 0.00289256 -0.00354331 -0.00594714 -0.00294118 -0.00732484 0.0117021
internal_weight=3985 780 750 653 623 3205 75 548 104 83 61 3182 3096 1843 98 1253 1155 424 297 731 697 1745 1339 406 1313 385 341 87 51 126 1187 1129 945 146 799 104 83 103 695 184 121 668 648 598 114 50 58 277 124 153 50 44 127 94 73 53 484 254 227 204 157 47
internal_count=3985 780 750 653 623 3205 75 548 104 83 61 3182 3096 1843 98 1253 1155 424 297 731 697 1745 1339 406 1313 385 341 87 51 126 1187 1129 945 146 799 104 83 103 695 184 121 668 648 598 114 50 58 277 124 153 50 44 127 94 73 53 484 254 227 204 157 47
is_linear=0
shrinkage=0.05


Tree=69
num_leaves=63
num_cat=0
split_feature=15 10 4 0 16 0 16 16 0 0 10 0 2 12 0 0 11 15 8 0 6 11 9 15 4 9 16 13 13 15 6 7 8 9 8 16 12 10 13 4 0 10 12 2 7 12 11 14 9 9 15 16 15 8 11 6 4 11 4 13 0 0
split_gain=5.15611 7.21364 5.64252 6.65531 5.73243 4.92029 5.85047 3.90935 4.43172 4.26078 8.23041 6.7932 7.76832 7.4083 7.27124 11.9726 12.5171 11.0552 9.67623 7.58239 7.06639 13.5218 7.18517 6.82667 6.73763 6.4969 6.37682 6.49275 6.41312 6.18575 5.9822 8.28557 7.95753 7.1771 6.40709 5.8249 5.81254 5.72426 10.4263 5.41799 5.06723 6.62842 12.9121 7.20063 5.9736 5.33443 5.71077 9.52416 5.85153 6.07658 5.08336 5.05408 5.0381 4.99955 4.9857 9.52025 6.45849 7.80182 8.29036 9.37729 8.68883 8.57709
threshold=8.5000000000000018 6.0399267399267407 1.2718600000000002 11.932213500000001 153.50000000000003 10.984724408333335 20.500000000000004 -234.49999999999997 14.950360425000001 11.932213500000001 30.611375661375664 11.108811808333334 7.5000000000000009 12.807754250539912 10.932213500000001 10.984724408333335 62.150000000000013 7.5000000000000009 11.810511523036595 10.397078316666668 24.211274509803925 43.050000000000004 0.41341829085457277 4.5000000000000009 12.426078000000002 0.36602542081758854 22.500000000000004 0.17001204335608192 0.29860438069393297 6.5000000000000009 27.377181400688865 46.050000000000004 10.186578256588641 0.15184453227931491 8.7826904572420741 -78.499999999999986 15.011875730956449 13.66376811594203 0.23646138807429132 6.0054830000000008 12.040689041666669 15.242815283638071 11.980237240109513 12.500000000000002 38.050000000000004 10.195057055129732 37.550000000000004 210.00000000000003 0.17883795309168446 0.23779761904761906 7.5000000000000009 -136.99999999999997 5.5000000000000009 14.342995670031337 16.450000000000003 0.093379446640316222 5.3285570000000009 38.250000000000007 1.1185900000000002 0.21751918158567776 10.61197581666667 10.771758666666669
decision_type=2 8 10 2 2 2 2 2 2 2 10 2 2 10 2 2 8 2 8 2 10 10 10 2 10 8 2 10 10 2 10 10 10 10 10 2 10 10 10 10 2 8 10 2 8 10 10 10 10 10 2 2 2 10 8 10 10 10 10 10 2 2
left_child=7 -2 -3 4 5 6 -4 -1 9 11 40 14 -13 -14 19 16 17 18 23 24 21 35 25 -16 30 36 27 -15 29 -28 31 32 34 -34 -9 51 -23 -20 -39 -29 41 42 43 -11 -43 -42 -47 50 -49 -50 53 -17 -36 -48 55 -21 57 -56 59 -59 -60 -62
right_child=1 2 3 -5 -6 -7 -8 8 -10 10 -12 12 13 26 15 20 -18 -19 37 54 -22 22 -24 -25 -26 -27 28 39 -30 -31 -32 -33 33 -35 52 -37 -38 38 -40 -41 45 44 -44 -45 -46 46 47 48 49 -51 -52 -53 -54 -55 56 -57 -58 58 60 -61 61 -63
leaf_value=1.1602220192487944 7.7401844557738917 0.35688085337420383 0.017225446194365456 -0.32651161135357898 4.4333374655373561 0.10709527144327496 -0.56462670351832644 0.037542525300826669 -0.8497728373375808 -0.48191020193426404 0.15377777242733326 -0.86388166987648818 -0.30193047813368151 0.23109896962247128 -0.032497070122226294 -0.15018736608605432 -0.44706519450125581 1.9572317290854444 -0.25641519515819733 -0.11954918481867019 -0.094309737829412169 0.74867311832452477 -0.26586679349233011 1.6057992599474744 0.151117557296049 3.584735323859134 -0.3882395655365265 -0.47302632825783858 1.4405463519466524 0.90768123687442293 0.43066203880353432 -0.42822197345982077 -0.31725910593256512 0.90784141615344616 -1.5523341131274968 -0.088127087217611366 -0.17209383948093893 -0.93387207942131956 1.3494245094183535 -0.19776200984352033 0.041999454454731994 1.0612801411490118 -0.55002676873780665 0.26459161212278665 0.073614666649097299 -1.1629739764274729 -0.053517185185982898 -0.46462057388323075 2.9282865443434587 0.044808342260021651 -0.14145848254846513 0.29938692837973191 -0.02396580186269337 -1.9257724546731727 -0.21575277999881612 2.1521064681316506 -0.39581503562648862 0.1159669387783584 -0.060673304917573612 -1.2318085582056844 0.93651767529665375 -0.028430857505649956
leaf_weight=30 20 25 54 33 20 65 23 95 33 43 39 81 288 21 30 20 41 37 23 59 62 78 20 120 114 23 21 21 26 29 20 103 20 88 20 383 30 23 56 27 174 36 44 142 122 23 23 21 21 40 34 38 28 27 140 36 420 26 101 30 65 25
leaf_count=30 20 25 54 33 20 65 23 95 33 43 39 81 288 21 30 20 41 37 23 59 62 78 20 120 114 23 21 21 26 29 20 103 20 88 20 383 30 23 56 27 174 36 44 142 122 23 23 21 21 40 34 38 28 27 140 36 420 26 101 30 65 25
internal_value=-0.000854271 0.00625 0.00363636 0.000769231 0.00493827 0.00140845 -0.00714286 -0.00131016 -0.00145553 -0.00129181 0.00196451 -0.00218144 -0.007393 -0.00473441 -0.00105307 0.00223577 0.01 0.0136678 0.00992063 -0.00338129 -0.00168196 0 0.0129139 0.018 0.00163934 0.0171756 0.00448276 -0.00652174 0.0144737 0.004 -0.00160428 -0.00310734 0.00179283 0.012037 -0.00594406 -0.00442177 0.012037 -0.00196078 0.00443038 -0.0166667 0.0008 0.00478036 -0.000655022 0.00513514 0.0126582 -0.00344353 -0.00925926 -0.0060241 0.00609756 0.0139344 -0.0178571 0.0103448 -0.0208333 -0.028 -0.00609756 0.00473684 -0.00737299 -0.00271318 0.00263158 -0.0142857 0.00759162 0.0188889
internal_weight=3980 240 220 195 162 142 77 3740 3710 3677 789 2888 514 433 2374 984 330 289 252 1390 654 592 151 150 488 131 145 69 76 50 374 354 251 108 143 441 108 102 79 48 750 387 229 185 158 363 189 166 82 61 84 58 48 50 902 95 807 387 247 56 191 90
internal_count=3980 240 220 195 162 142 77 3740 3710 3677 789 2888 514 433 2374 984 330 289 252 1390 654 592 151 150 488 131 145 69 76 50 374 354 251 108 143 441 108 102 79 48 750 387 229 185 158 363 189 166 82 61 84 58 48 50 902 95 807 387 247 56 191 90
is_linear=0
shrinkage=0.05


Tree=70
num_leaves=63
num_cat=0
split_feature=15 11 10 0 1 1 16 14 1 16 4 4 11 2 14 1 10 4 4 4 10 6 6 4 4 16 0 11 13 2 13 2 16 15 1 11 11 11 6 13 15 14 1 6 10 13 16 0 0 9 16 13 9 11 13 6 10 7 10 1 7 10
split_gain=6.13359 7.97698 5.21264 6.15711 4.12403 4.37452 3.05285 5.95518 5.12398 5.93071 4.70307 7.42953 8.1 6.18081 5.3596 5.04384 7.6609 4.52937 5.8375 4.34887 4.23589 3.72583 6.60183 4.13716 6.61038 6.32587 5 4.50486 3.80585 8.3611 8.20336 7.94231 5.8776 6.03077 7.56339 5.52906 5.07751 6.94539 4.74563 4.74087 8.09666 4.44131 3.6 3.53586 10.56 6.56118 6.42923 6.27168 6.96737 8.5831 6.90833 8.27786 6.29368 5.34596 12.0828 5.21061 5.01039 11.7648 9.60416 7.64475 8.06284 6.66156
threshold=8.5000000000000018 38.95000000000001 14.311376802662396 10.932213500000001 6.5000000000000009 19.500000000000004 -24.499999999999996 1.0000000180025095e-35 5.5000000000000009 -66.499999999999986 1.0054830000000001 1.1185900000000002 43.050000000000004 42.500000000000007 3090.0000000000005 15.500000000000002 19.628011695906437 0.83548650000000013 0.35071400000000003 1.0054830000000001 13.07735042735043 16.313172413793108 15.781100266193436 4.1025600000000013 3.1216390000000005 -33.499999999999993 10.771758666666669 46.550000000000004 0.32827009056517259 1.0000000180025095e-35 0.27475490196078439 1.0000000180025095e-35 -78.499999999999986 7.5000000000000009 12.500000000000002 42.650000000000013 38.45000000000001 32.050000000000004 1.526904761904762 0.92770034843205595 1.5000000000000002 90.000000000000014 11.500000000000002 17.974825174825177 19.995882740447961 0.12933094384707292 1.0000000180025095e-35 10.237888300000002 10.857762616666669 0.13079116179615113 121.50000000000001 0.27475490196078439 0.19538706256627789 117.25000000000001 0.065942028985507259 17.654700854700859 15.995138888888892 49.050000000000004 20.095039215686281 6.5000000000000009 37.550000000000004 12.174127906976747
decision_type=2 10 10 2 2 2 2 10 2 2 8 10 10 2 10 2 10 10 10 10 10 10 10 10 10 2 2 10 8 2 10 2 2 2 2 10 10 10 10 8 2 10 2 8 8 10 2 2 2 8 2 10 10 10 8 10 10 10 10 2 10 10
left_child=6 4 -3 -4 -2 -6 7 -1 9 -9 13 12 -12 15 43 -8 -17 18 -10 -19 -11 22 28 24 27 26 -25 -23 29 -21 32 -30 33 34 -31 -34 37 38 39 -33 -41 -32 -28 45 47 -13 53 -45 -49 -50 51 52 -51 54 -46 56 59 58 -58 -47 -61 -62
right_child=1 2 3 -5 5 -7 10 8 17 20 11 14 -14 -15 -16 16 -18 19 -20 21 -22 23 -24 25 -26 -27 42 -29 31 30 41 36 35 -35 -36 -37 -38 -39 -40 40 -42 -43 -44 44 46 55 -48 48 49 50 -52 -53 -54 -55 -56 -57 57 -59 -60 60 61 -63
leaf_value=0.21191323817361615 -0.041327914329597169 -0.35620611023064441 -0.17862303580210079 0.35784631070587025 3.1819590750782978 0.035782064221401559 0.047150724545388913 1.3059691139873371 -0.082475543447582567 -0.56871093090014979 -3.1755798629116603 -1.1416779569923403 -0.13403083985291869 0.12959232569486884 0.68329924629974226 -0.88609105521689213 0.2439823310675843 0.18557143605284471 -2.8727890962935865 -1.8681730672004102 0.15461516758834357 -1.1301933754783591 1.2732939699020842 -3.1096761526135746 1.0636660638739848 0.023599590125688553 -0.7341361762637505 0.016221859244866722 0.87842938747093668 -2.0930000052197522 -1.8237235470962447 -0.69984729902371923 0.95718710349744363 0.2916562751434979 -0.31884005270727517 -0.98224639263710933 0.37002970691119152 -2.0161270875497723 0.21801895409742725 -0.51470224548317833 0.17305849511746196 -0.94789050403198361 0.028557474316509436 1.4561750378213443 -0.068007925107005665 -0.22769429157028898 -0.093631616800580464 -0.54788687590667029 1.4764405403714917 -1.0217254095276911 2.2365798693840846 0.47084809866220212 0.29380159147038587 0.16316084380358858 0.039927543609125177 -0.70971585883840183 0.66520695959539544 -1.5378810830540468 -0.19120573675766528 0.037345113739135273 0.12992211695173445 -0.32101331226059937
leaf_weight=31 28 20 34 72 46 40 165 26 41 31 20 29 20 99 20 47 30 26 28 20 29 23 20 30 21 21 36 27 28 21 28 20 31 20 31 26 38 23 33 26 68 34 24 32 32 364 373 41 33 27 41 38 22 20 137 24 136 20 29 789 100 194
leaf_count=31 28 20 34 72 46 40 165 26 41 31 20 29 20 99 20 47 30 26 28 20 29 23 20 30 21 21 36 27 28 21 28 20 31 20 31 26 38 23 33 26 68 34 24 32 32 364 373 41 33 27 41 38 22 20 137 24 136 20 29 789 100 194
internal_value=-0.000665328 0.00708333 -0.0015873 0.00283019 0.0166667 0.022093 -0.00116217 -0.00377468 -0.00457831 0.00697674 -0.000381679 -0.00112161 -0.0225 0.00513196 -0.000779688 0.000826446 -0.00974026 -0.00591398 -0.0181159 -0.00466667 -0.00166667 -0.00546995 -0.00310493 -0.0115385 -0.00211268 -0.0175676 -0.0233333 -0.012 -0.00436242 -0.00924171 -0.00602094 0 0.00116279 -0.00833333 -0.0173077 0.0131579 -0.00336538 -0.00705882 -0.00306122 -0.00789474 -0.00319149 -0.0209677 -0.015 -0.000987505 0.00175879 -0.00228487 -0.0019573 0.0106838 0.00742574 0.0121118 0.00625 -0.00172414 -0.0153061 0.00555556 0.00266272 -0.00187198 -0.00153186 0.00621622 0.0106061 -0.00252246 -0.000415512 -0.00748299
internal_weight=3983 240 126 106 114 86 3743 861 830 86 2882 2541 40 341 2501 242 77 744 69 675 60 649 467 182 71 111 90 50 447 211 191 236 129 72 52 57 208 170 147 114 94 62 60 2481 796 1685 562 234 202 161 128 87 49 189 169 1656 1632 185 165 1447 1083 294
internal_count=3983 240 126 106 114 86 3743 861 830 86 2882 2541 40 341 2501 242 77 744 69 675 60 649 467 182 71 111 90 50 447 211 191 236 129 72 52 57 208 170 147 114 94 62 60 2481 796 1685 562 234 202 161 128 87 49 189 169 1656 1632 185 165 1447 1083 294
is_linear=0
shrinkage=0.05


Tree=71
num_leaves=63
num_cat=0
split_feature=15 10 6 0 6 0 2 6 9 2 2 13 4 0 0 10 11 6 14 9 10 2 5 5 0 14 1 7 7 14 0 9 15 8 7 4 4 5 7 11 8 1 1 13 11 6 0 8 11 10 0 13 0 13 5 6 2 7 13 2 0 1
split_gain=5.11448 6.0722 11.2331 9.38832 8.88142 6.33048 5.95061 5.63404 8.25079 6.96085 7.91266 5.63353 5.3351 5.163 5.11897 5.58756 5.95633 7.87441 7.64858 6.01656 11.9546 6.48727 7.84072 8.11385 5.85075 10.1256 5.43339 6.84899 6.42589 5.06375 5.98623 6.52829 10.1971 6.07769 6.96409 5.91127 5.74473 7.38891 7.33835 5.14838 7.57009 5.98067 5.58149 5.4697 5.22504 5.59061 7.06928 5.04405 8.54031 5.00033 4.92308 5.3972 6.06593 4.9 4.82007 5.19701 4.70915 4.66717 6.87045 4.73543 4.81837 4.62711
threshold=7.5000000000000009 17.031271526980486 23.828000000000007 10.417885925000002 14.30677777777778 11.771758666666669 42.500000000000007 18.839384057971021 0.24283374283374287 52.500000000000007 22.500000000000004 0.17967164729754662 10.426078000000002 10.984724408333335 11.932213500000001 30.611375661375664 40.850000000000001 15.826559060895088 510.00000000000006 0.36240942028985512 4.508592880978866 47.500000000000007 9.7500000000000018 18.050000000000004 12.958796241666667 3030.0000000000005 4.5000000000000009 57.45000000000001 42.250000000000007 2550.0000000000005 11.092311158333336 0.20864427860696519 2.5000000000000004 8.2400677442639694 26.350000000000005 2.1303240000000003 117.03424200000002 38.750000000000007 45.45000000000001 36.750000000000007 11.75241202542853 14.500000000000002 17.500000000000004 0.2469862018881627 48.650000000000013 12.370883190883193 10.61197581666667 12.872878278727553 58.050000000000004 10.838480392156862 10.857762616666669 0.33222958057395152 11.417885925000002 0.15484574111334679 15.950000000000001 15.996428571428574 27.500000000000004 34.050000000000004 0.34922709706751537 32.500000000000007 11.154141975000003 8.5000000000000018
decision_type=2 10 10 2 10 2 2 10 8 2 2 10 10 2 2 8 10 8 10 10 10 2 10 10 2 8 2 10 10 8 2 8 2 10 10 10 10 10 10 10 10 2 2 10 10 10 2 10 10 10 2 10 2 10 10 10 2 8 10 2 2 2
left_child=14 3 5 4 -2 12 11 8 13 10 50 -4 47 -5 29 16 17 19 26 21 24 22 -16 -24 61 -26 -18 28 -28 30 31 -1 35 34 -34 -33 37 38 -32 42 41 44 -35 -43 45 46 -41 53 -49 -37 -10 -52 -53 -3 -15 -56 -22 58 -12 -60 -61 -21
right_child=1 2 6 7 -6 -7 -8 -9 9 -11 57 -13 -14 54 15 -17 18 -19 -20 20 56 -23 23 -25 25 -27 27 -29 -30 -31 36 32 33 39 -36 49 -38 -39 -40 40 -42 43 -44 -45 -46 -47 -48 48 -50 -51 51 52 -54 -55 55 -57 -58 -59 59 60 -62 -63
leaf_value=-0.060547905336533606 0.47122922936996936 1.1171293474643842 -0.57935934240719789 0.36725644815444591 -0.092558509487918536 1.3780742371473511 0.38676500751950516 -0.6966259490236677 -1.139692155864541 -0.88853811706281294 0.72390265219552163 -0.040473405865474099 -0.30948357255547543 -0.11269585831731899 -0.77957353938775875 0.052219943957057161 0.39719326475842698 0.56394767923894207 0.48989019777088072 -0.28401111710542981 0.23448672988524352 -0.65193611915425653 1.0389947436434881 -0.14496945830269611 -0.63696002250374506 0.35043535266054421 -0.47893551039749771 -1.3198576820399586 0.0017655585729606572 0.18479911195589552 -0.32867353942311833 -0.71148944596621411 0.062802347987069143 -0.20592015248990381 1.9279019315154309 -0.3464026606948446 -0.46427224415349555 0.10534548164837397 -0.83266864327973567 -0.40603484342432589 -0.098250471692480454 0.68630014028883901 1.8460428671024673 -0.95126130737519687 -0.29753468192032223 1.1780675072262377 1.8609499851369435 2.4820148228636225 -0.001587825263044601 0.056685655399331215 -0.10544699347818361 1.5335896646107994 -0.11655853390922176 -0.12286596910974071 1.0126511523206898 -0.0048266167781077845 0.99440379154110536 -0.0114159576996468 -0.18748794252589107 -0.32169210279536176 2.163486666840146 0.43051987175821155
leaf_weight=531 79 20 27 42 26 49 23 22 39 37 25 30 27 48 47 72 33 35 22 22 31 27 35 29 42 25 79 23 92 33 240 23 441 207 32 68 39 45 66 30 425 22 21 32 20 51 51 34 20 29 58 30 29 20 22 23 34 122 27 23 21 45
leaf_count=531 79 20 27 42 26 49 23 22 39 37 25 30 27 48 47 72 33 35 22 22 31 27 35 29 42 25 79 23 92 33 240 23 441 207 32 68 39 45 66 30 425 22 21 32 20 51 51 34 20 29 58 30 29 20 22 23 34 122 27 23 21 45
internal_value=-0.000721034 0.00254605 0.0092 7.42942e-05 0.0138095 0.0164706 -0.00625 -0.00246479 -0.0014652 -0.00498783 -0.00294118 -0.0149123 0.0103306 0.00925926 -0.00169409 0.00209235 0.000563607 0.00456989 -0.00542169 0.00222552 0.00778894 -0.0057971 -0.00045045 0.0109375 -0.000746269 -0.011194 -0.00814978 -0.0113402 -0.00789474 -0.0027847 -0.0030552 -0.0019415 -0.000206612 0.00105105 0.00560254 -0.0141667 -0.00871795 -0.00669516 -0.00947712 -0.00145518 0.000871632 0.00873786 -0.00789474 -0.00555556 0.0138158 0.0174242 0.00925926 0.0159574 0.0259259 -0.00876289 -0.0115385 -0.00641026 0.00423729 0.0025 0.00268817 0.0144444 0.0253846 0.00321101 0.0114583 0.00352113 0.0136364 0.00970149
internal_weight=4022 923 250 673 105 170 80 568 546 411 374 57 121 135 3099 693 621 372 249 337 199 138 111 64 134 67 227 194 171 2406 2373 1983 1452 1332 473 120 390 351 306 859 631 206 228 54 152 132 81 94 54 97 156 117 59 40 93 45 65 218 96 71 44 67
internal_count=4022 923 250 673 105 170 80 568 546 411 374 57 121 135 3099 693 621 372 249 337 199 138 111 64 134 67 227 194 171 2406 2373 1983 1452 1332 473 120 390 351 306 859 631 206 228 54 152 132 81 94 54 97 156 117 59 40 93 45 65 218 96 71 44 67
is_linear=0
shrinkage=0.05


Tree=72
num_leaves=63
num_cat=0
split_feature=16 4 13 13 12 2 15 4 12 11 6 16 4 9 7 10 12 16 10 16 11 16 7 4 11 7 16 16 4 15 4 2 16 9 6 12 7 2 16 2 13 11 1 4 8 16 13 1 14 10 1 12 6 7 16 16 8 7 12 16 12 4
split_gain=5.55779 5.44784 5.76647 13.698 13.1316 8.30769 8.02077 8.80881 8.62936 8.00043 7.03939 12.2909 6.76087 6.14173 5.69602 14.855 6.90326 6.63063 5.81646 5.41258 5.33242 5.32609 4.47815 4.32143 4.31381 6.5573 4.81387 9.60569 6.98306 6.95943 7.03936 8.03382 7.37362 6.33337 6 5.88 5.75677 5.9054 8.77115 8.33716 7.48127 7.50541 7.06937 6.69043 6.52949 5.72635 5.569 12.966 12.7246 7.02498 6.28091 7.6716 6.79061 8.82418 8.37681 6.05766 8.04306 9.25036 8 5.85825 6.16188 7.14286
threshold=-219.49999999999997 3.3285570000000004 0.2901612903225807 0.19657494145199064 9.7270914229865664 52.500000000000007 5.5000000000000009 2.7886000000000002 10.126507040150601 52.45000000000001 14.30677777777778 121.50000000000001 0.83548650000000013 0.19538706256627789 42.95000000000001 17.599356060606066 9.5180933873210627 -47.499999999999993 22.570538215286124 140.50000000000003 63.750000000000007 153.50000000000003 32.050000000000004 0.30928300000000003 117.95000000000002 102.70000000000002 136.50000000000003 119.50000000000001 6.7267010000000012 7.5000000000000009 6.9433180000000005 47.500000000000007 297.50000000000006 0.2487113402061856 16.168258064516131 10.570711929142156 60.050000000000004 12.500000000000002 -62.499999999999993 47.500000000000007 0.32025641025641033 43.45000000000001 14.500000000000002 4.1025600000000013 12.872878278727553 42.500000000000007 0.3824808184143223 6.5000000000000009 90.000000000000014 1.0000000180025095e-35 9.5000000000000018 9.4401398005347943 20.993833333333338 42.95000000000001 -16.499999999999996 -28.499999999999996 1.9133608797758415 28.950000000000003 7.4578708623109051 16.500000000000004 11.273366537679339 8.9433180000000014
decision_type=2 10 10 8 10 2 2 10 10 10 10 2 10 10 10 10 10 2 10 2 10 2 10 10 10 10 2 2 10 2 10 2 2 10 8 10 10 2 2 2 10 10 2 10 10 2 10 2 8 10 2 8 10 10 2 2 8 10 10 2 10 10
left_child=-1 2 3 14 -5 10 8 13 -4 19 11 22 23 -8 15 16 -2 -18 -16 -10 -14 -20 -6 -12 25 26 27 28 36 30 -28 32 -32 -29 35 -34 37 43 42 40 -40 -42 -39 -3 -45 -41 50 -48 -49 -50 51 -30 53 59 -54 -51 -57 58 -58 -52 -61 -62
right_child=1 24 6 4 5 -7 7 -9 9 -11 12 -13 20 -15 18 -17 17 -19 21 -21 -22 -23 -24 -25 -26 -27 29 33 46 -31 31 -33 34 -35 -36 -37 -38 38 39 45 41 -43 -44 44 -46 -47 47 48 49 55 52 -53 54 -55 -56 56 57 -59 -60 60 61 -63
leaf_value=0.41157397757893954 0.10785031252167819 0.0074218411035797517 -0.0064324878425580326 1.5745998462637318 0.99088444343831206 1.3824684044287574 -0.21428948324693098 0.92454607809660849 -2.3045109768395982 0.093409002204595123 0.22128845201803574 -1.4018304456773045 0.47960538857750123 0.019613333988545281 -1.0317259735379987 1.4807683630738511 -0.15841918493906082 -0.59091916828453428 0.019268996473492995 -0.91736670265009301 -0.15503738488921215 -0.77370896093582098 -0.2102887019733827 -0.4488832098868889 0.11449839275111705 -0.084079414584064538 0.44617264213051944 -0.029780367780125341 0.36070826230809283 1.9952155403883283 0.098619717472622576 -0.79299770316446594 -0.14652294829523901 -0.97680559907003084 0.10281552136879402 -1.3034806787914857 0.81178303612340419 -0.039183398915280977 -0.49092168903199673 -1.3016659336576115 -0.015984623657143617 1.2162946940641797 0.6026631980281657 -0.43306685474438 -1.4834052590297597 -0.048227534384533047 -0.19571478871323045 1.124070299592544 -0.23913622197058049 -0.080590090499226719 -0.0091974140937982618 0.023949705839553928 -1.5559587606112126 -1.2839335513556827 0.10214064151687872 1.3983460922192732 0.57671980659431998 2.532474228425631 -0.33715891540355802 -0.44338447175917878 0.92582472729893439 -0.32314635432074046
leaf_weight=36 25 44 123 45 34 30 24 78 33 24 36 20 150 346 55 60 32 37 72 35 23 20 56 28 51 26 152 32 28 94 160 46 30 45 25 20 20 52 154 57 113 35 35 64 34 25 105 108 41 37 301 274 23 69 46 22 25 26 25 66 21 42
leaf_count=36 25 44 123 45 34 30 24 78 33 24 36 20 150 346 55 60 32 37 72 35 23 20 56 28 51 26 152 32 28 94 160 46 30 45 25 20 20 52 154 57 113 35 35 64 34 25 105 108 41 37 301 274 23 69 46 22 25 26 25 66 21 42
internal_value=-0.000112641 -0.000290477 0.00223665 0.00532503 0.0111374 0.00809019 -0.00113122 0.00267857 -0.00906977 -0.0206522 0.00590778 -0.00454545 0.0107595 -0.000540541 -0.00282392 0.0038961 -0.00851064 -0.0166667 -0.00986395 -0.0294118 0.015896 -0.00217391 0.00333333 -0.003125 -0.00165177 -0.0019429 -0.00168269 -0.00281869 -0.00211416 0.00256167 -0.000115473 -0.00480427 -0.00106383 -0.0201299 -0.014 -0.024 -0.0063981 -0.00725938 -0.00456476 -0.0078125 -0.00397351 0.00405405 0.00977011 -0.0161972 -0.0234694 -0.0219512 3.97141e-05 0.00501285 0.0105634 0.00227273 -0.00218391 0.00364238 -0.00528169 -0.00731463 0.00942029 0.00777778 0.0142857 0.00657895 -0.006 -0.00465116 -0.0135659 -0.00238095
internal_weight=3995 3959 1386 723 422 377 663 448 215 92 347 110 237 370 301 154 94 69 147 68 173 92 90 64 2573 2522 2496 1969 1892 527 433 281 235 77 75 50 633 613 471 384 302 148 87 142 98 82 1259 389 284 176 870 302 568 499 69 135 98 76 50 430 129 63
internal_count=3995 3959 1386 723 422 377 663 448 215 92 347 110 237 370 301 154 94 69 147 68 173 92 90 64 2573 2522 2496 1969 1892 527 433 281 235 77 75 50 633 613 471 384 302 148 87 142 98 82 1259 389 284 176 870 302 568 499 69 135 98 76 50 430 129 63
is_linear=0
shrinkage=0.05


Tree=73
num_leaves=63
num_cat=0
split_feature=16 1 1 7 16 8 10 15 4 13 1 13 16 13 4 4 7 13 13 16 4 13 1 16 6 15 10 16 12 6 12 11 7 1 10 13 10 4 4 7 5 9 5 12 4 5 16 11 11 9 15 13 4 15 16 5 5 1 9 5 10 16
split_gain=6.27828 5.08571 9.24939 7.85835 11.5702 8.64462 7.22898 7.0744 6.9108 6.7562 14.5376 7.22622 6.63562 6.45321 6.22612 9.6649 10.0848 6.44938 6.16162 6.43225 6.16105 6.12347 5.9225 5.65058 5.58329 5.97857 5.51767 4.7724 7.33968 4.7207 4.66667 4.66491 6.60317 5.38012 4.59013 4.46876 5.33968 6.09524 7.56807 4.90858 6.9888 6.86602 7.37906 4.39144 4.40943 4.32071 4.26425 4.85181 10.7611 4.7464 4.30106 4.70764 4.25177 4.19527 5.48571 6.92641 4.96331 5.31856 4.11133 3.90217 4.99596 4
threshold=433.00000000000006 20.500000000000004 17.500000000000004 42.95000000000001 107.50000000000001 18.508148967086708 15.812205882352943 7.5000000000000009 1.8332025000000003 0.41301587301587306 18.500000000000004 0.27303030303030307 -1.0000000180025095e-35 0.17664992826398854 11.886458000000001 34.102232000000008 37.650000000000013 0.13487525987525992 0.26401991614255771 -42.499999999999993 7.0054830000000008 0.16345083487940634 15.500000000000002 31.500000000000004 23.0771686746988 8.5000000000000018 19.213664215686276 20.500000000000004 18.935539299916787 14.481502669717774 11.021251749631739 52.050000000000004 56.95000000000001 4.5000000000000009 23.487623493648901 0.28220211161387637 10.548863636363638 0.9433180000000001 1.2718600000000002 44.050000000000004 20.250000000000004 0.3047162859248343 11.65 11.409470107008502 1397.6372360000003 24.250000000000004 327.50000000000006 39.050000000000004 42.050000000000004 0.13079116179615113 5.5000000000000009 0.17165178571428574 1.0054830000000001 6.5000000000000009 13.500000000000002 12.350000000000003 34.750000000000007 10.500000000000002 0.21767001114827203 27.050000000000004 17.199855769230773 8.5000000000000018
decision_type=2 2 2 10 2 10 10 2 10 10 2 10 2 8 10 10 8 10 10 2 10 10 2 2 10 2 10 2 10 10 10 10 10 2 10 10 10 10 10 10 10 10 10 8 10 10 2 8 8 8 2 10 10 2 2 10 10 2 10 10 10 2
left_child=1 2 8 4 6 -5 7 12 13 11 -11 46 -3 21 17 59 -17 31 23 -20 -13 45 53 -15 25 -19 -26 28 -28 -25 -27 33 -33 -10 -29 -21 37 -37 -39 41 -41 -38 -43 -9 -45 52 47 -4 -49 -50 -51 -52 -1 56 55 -55 -18 -58 -31 60 -16 -61
right_child=-2 3 9 5 -6 -7 -8 43 14 10 -12 20 -14 18 15 16 22 24 19 35 -22 -23 -24 29 26 30 27 34 -30 58 -32 32 -34 -35 -36 36 39 38 -40 40 -42 42 -44 44 -46 -47 -48 48 49 50 51 -53 -54 54 -56 -57 57 -59 -60 61 -62 -63
leaf_value=0.54451889741661208 2.0912909254954224 -0.20769601301864971 2.3535601589289912 -0.38786091962727326 -0.77622446041300686 0.010400503787834518 1.4223145640925285 -0.77378145313291913 -0.0086640890591819907 6.1352423798875124 0.19238677294250658 0.0576024567104561 0.145929129044956 0.30649060436952597 0.1639511661757389 -2.1903475455579597 0.15897798714338382 -0.061649638204552916 -0.53823167806123529 -0.06436011501326569 -0.79117958299134095 -0.39048122621475873 -0.34688049505741825 0.54297134816980763 4.283854862913425 1.3172571411308089 -0.2883139054456777 0.51060993236360852 1.6361203542686824 0.35885487562404994 -0.047470997387479244 0.34981242672740143 -0.06849520623260355 -1.574740202008275 -0.92828995616632026 0.24034121361872957 2.5882689435806112 -0.46278542164662417 0.54939933893239778 -0.58873916490943223 0.81294657935268555 1.6930692064253579 -0.18011242483726539 0.069825307655643737 -0.10601727754232862 -0.69990792661735002 5.15167550076632 -1.216012693311781 -0.19076090876108376 -0.16558155434483801 1.9551934621548108 0.46491125872218042 -0.35100924236055064 -0.04464133181594622 -0.7130854406303202 0.065563033209216776 0.11967596327017749 -0.19503682102252062 -1.007973055765828 0.40384257501423204 -0.51655984389448018 0.026370351512165848
leaf_weight=20 44 33 33 75 27 41 24 24 23 31 62 37 49 95 246 26 66 1680 66 30 36 22 37 24 21 24 21 22 24 22 32 24 39 53 28 84 23 53 31 22 24 29 22 20 29 25 26 24 34 21 27 49 23 42 20 22 34 22 24 32 39 32
leaf_count=20 44 33 33 75 27 41 24 24 23 31 62 37 49 95 246 26 66 1680 66 30 36 22 37 24 21 24 21 22 24 22 32 24 39 53 28 84 23 53 31 22 24 29 22 20 29 25 26 24 34 21 27 49 23 42 20 22 34 22 24 32 39 32
internal_value=-0.000600901 -0.000810127 -0.000275634 -0.0068323 -0.000970874 -0.0172414 0.00363128 -0.000322581 -0.00113916 0.00710526 0.0188172 0.0033101 0.0097561 0.00352113 -0.00228057 0.00210356 -0.00501859 -0.00364139 0.00555556 0.00208333 -0.010274 -0.00888889 -0.00185185 0.0136364 -0.00286177 -0.00357143 0.00775862 0.00263158 0.0144444 0.00285714 0.0125 -0.0140288 -0.00396825 -0.0223684 -0.008 0.00503145 0.00694444 0.00119048 -0.00833333 0.015 0.00217391 0.022973 0.0127451 -0.0116438 -0.00306122 -0.00147059 0.00794393 0.00531915 0.0016129 0.00725191 0.0128866 0.0184211 0.00813953 0.00145631 -0.00714286 0 0.00737705 -0.00357143 -0.00652174 0.00759312 0.00508772 0.01875
internal_weight=3994 3950 3628 322 206 116 179 155 3248 380 93 287 82 639 2609 618 269 1991 549 384 73 90 243 165 1852 1736 116 95 45 70 56 139 63 76 50 318 288 168 84 120 46 74 51 73 49 68 214 188 155 131 97 76 43 206 84 64 122 56 46 349 285 64
internal_count=3994 3950 3628 322 206 116 179 155 3248 380 93 287 82 639 2609 618 269 1991 549 384 73 90 243 165 1852 1736 116 95 45 70 56 139 63 76 50 318 288 168 84 120 46 74 51 73 49 68 214 188 155 131 97 76 43 206 84 64 122 56 46 349 285 64
is_linear=0
shrinkage=0.05


Tree=74
num_leaves=63
num_cat=0
split_feature=15 4 6 16 7 10 0 1 7 16 4 4 16 12 8 7 6 14 2 6 4 0 0 5 1 7 4 15 5 5 1 11 8 8 5 4 6 8 0 0 5 7 5 5 0 0 10 10 10 8 6 1 4 11 5 0 4 16 4 12 10 11
split_gain=7.26815 6.55196 12.2618 9.68192 8.77923 5.31738 4.8026 4.21456 4.06622 8.54409 5.88035 6.05576 5.8347 5.7285 7.82222 5.35225 6.24622 9.96128 5.08466 5.00192 4.92516 5.22066 10.9932 6.57055 6.05923 8.26715 6.04723 5.95181 6.57222 5.665 5.48023 5.41491 5.14298 5.28588 4.97778 4.94868 5.1456 4.71973 4.70247 4.51965 5.47358 11.7755 8.02296 6.07772 7.68627 5.84768 6.5623 6.5265 6.1336 5.08949 9.04593 5.29295 5.04977 4.99084 4.90188 7.66788 10.7018 7.73149 5.85728 4.97778 6.50442 4.80997
threshold=8.5000000000000018 1397.6372360000003 12.907993730407524 12.500000000000002 39.650000000000013 15.14799749687109 10.950360425000001 18.500000000000004 27.350000000000005 119.50000000000001 7.7657680000000013 9.8864580000000011 104.50000000000001 3.9383047237885509 3.7700693948229334 29.850000000000005 7.9191111111111123 90.000000000000014 42.500000000000007 3.0090000000000008 11.602232000000003 10.61197581666667 10.417885925000002 9.4500000000000011 13.500000000000002 61.050000000000004 8.6022320000000025 6.5000000000000009 14.750000000000002 4.0500000000000007 17.500000000000004 44.650000000000013 15.447432237391185 14.042185564158613 28.050000000000004 6.1303240000000008 17.569800569800574 11.030880534051621 11.522861450000002 10.984724408333335 20.050000000000004 33.95000000000001 18.850000000000005 24.950000000000003 11.092311158333336 11.61197581666667 16.234054325955736 11.784305768808951 19.883996299722483 9.6718706188133279 13.263333333333337 3.5000000000000004 10.114214000000002 40.850000000000001 1.9500000000000002 11.984724408333335 3.8332025000000005 41.500000000000007 3.1303240000000003 11.590886152093081 16.955533596837949 44.95000000000001
decision_type=2 10 10 2 10 8 2 2 8 2 10 10 2 10 10 8 8 10 2 10 8 2 2 10 2 10 10 2 10 10 2 10 8 10 10 10 10 10 2 2 10 10 10 10 2 2 10 10 10 10 10 2 10 10 10 2 10 2 10 10 10 10
left_child=8 2 5 4 -4 7 -5 -2 9 12 13 -12 -1 18 -15 -10 17 -17 -11 -13 21 22 24 29 25 27 -26 28 -18 31 -25 37 33 38 -30 36 -29 -24 -22 -23 42 -42 49 44 -43 46 47 -45 -48 50 -41 -51 54 -47 -53 56 59 -57 -59 -56 -61 -55
right_child=1 -3 3 6 -6 -7 -8 -9 15 10 11 19 -14 14 -16 16 20 -19 -20 -21 32 39 23 30 26 -27 -28 35 34 -31 -32 -33 -34 -35 -36 -37 -38 -39 -40 40 41 43 -44 45 -46 53 48 -49 -50 51 -52 52 -54 61 55 57 -58 58 -60 60 -62 -63
leaf_value=0.031785092560463038 2.9571211186475082 -0.13288240114752209 -0.080088498700829555 -0.27562241077122884 0.3393770823552571 3.2803874096360262 -0.068652067616740461 -0.084320695225643283 -0.1731880706897938 -0.11479776091541966 -0.91584093844041381 -1.0140179803118492 1.6084157461040895 -0.75534438362122414 0.00083251529150452086 1.7338072710152348 -1.3824461980189868 -0.0031132488332524136 1.9438714284596186 0.7292696839570656 0.00076612195384823253 0.067501677672704971 -1.6087822756337311 -0.53481611852860456 0.0089550218203620757 -3.1586339497453522 1.6550728484150257 0.046553882110832757 2.0622893745137478 -3.1562235707037409 0.10246268810255277 0.0049885186666382975 -0.01404324553520425 0.17722261967661412 -1.6997738344050828 -0.21054571891356488 1.590269667544626 -2.0590032761327635 0.13971863141515187 -0.70440006964497714 0.219266629177789 0.039582019727622431 0.83248375925930151 -0.06115596511358206 -0.63175651374850306 0.49693279010799768 0.17676416655193081 -1.5449993982233428 -0.076450683543231146 -1.0982842429930273 0.33781432184355342 -0.068222964929235283 -0.30707778096635485 -0.67121625197064272 -0.41732065676445806 -1.0420452774679727 1.2393973616884968 1.7964231104758981 -0.44376210565035701 0.64795664281510401 -0.1620898136374409 -0.0018135133358095691
leaf_weight=676 36 20 35 20 46 23 35 22 170 27 22 32 29 24 66 25 35 47 21 20 160 406 20 111 114 22 21 41 21 26 26 21 334 33 24 25 25 26 52 37 47 24 31 20 51 26 36 59 65 28 24 159 34 24 42 51 85 20 29 40 23 117
leaf_count=676 36 20 35 20 46 23 35 22 170 27 22 32 29 24 66 25 35 47 21 20 160 406 20 111 114 22 21 41 21 26 26 21 334 33 24 25 25 26 52 37 47 24 31 20 51 26 36 59 65 28 24 159 34 24 42 51 85 20 29 40 23 117
internal_value=-0.00110945 0.00738397 0.00990783 0.000735294 0.0117284 0.0253086 -0.0154545 0.0172414 -0.00164282 0.00125409 -0.00754717 -0.0189189 0.00390071 -0.00144928 -0.00888889 -0.00257263 -0.00202828 0.0125 0.0125 -0.00961538 -0.0024283 -0.00358546 -0.00770609 -0.016087 -0.00182927 -0.00751295 0.0062963 -0.00380117 -0.01375 -0.0263441 -0.00912409 -0.0186567 0.00164076 0.00714286 -0.00111111 0.00494505 0.0121212 -0.0282609 0.00424528 -0.00202977 -0.00373134 -0.00778252 -0.000580431 -0.0104265 -0.0233333 -0.00763689 -0.0138889 -0.0246835 -0.00544554 -0.00192308 -0.0155738 -0.000293542 0.000931677 -0.000898204 0.00233853 0.0062069 0.0121053 -0.005 0.00918367 0.00142857 0.0103175 -0.00460993
internal_weight=4011 237 217 136 81 81 55 58 3774 917 212 74 705 138 90 2857 2687 72 48 52 2615 2036 558 230 328 193 135 171 80 93 137 67 579 245 45 91 66 46 212 1478 1072 469 603 422 75 347 180 79 101 572 61 511 483 167 449 290 190 100 49 105 63 141
internal_count=4011 237 217 136 81 81 55 58 3774 917 212 74 705 138 90 2857 2687 72 48 52 2615 2036 558 230 328 193 135 171 80 93 137 67 579 245 45 91 66 46 212 1478 1072 469 603 422 75 347 180 79 101 572 61 511 483 167 449 290 190 100 49 105 63 141
is_linear=0
shrinkage=0.05


Tree=75
num_leaves=63
num_cat=0
split_feature=16 15 16 13 4 10 1 10 8 16 7 6 11 1 4 4 1 1 7 2 16 0 8 5 1 1 9 11 16 10 4 9 8 13 16 13 5 15 16 7 9 6 2 5 4 6 6 6 16 1 8 7 7 6 11 9 10 0 5 5 9 9
split_gain=4.34283 4.00121 7.37371 5.52492 9.3093 8.23693 7.28285 6.54124 6.29885 4.40159 8.41788 12.828 4.34322 4.6679 4.27285 8.26953 6.6631 8.07486 11.7194 5.64184 8.90243 7.04201 8.44247 5.97351 4.74421 8.18947 10.135 5.02649 9.52337 8.57786 6.2074 5.54442 8.95546 4.74832 4.61907 9.22362 6.50159 6.2351 6.1686 4.11923 4.10894 3.88071 7.74898 6.08876 5.84385 4.08776 7.38169 7.1586 5.09449 4.95238 3.52497 6.45403 6.89085 4.68284 3.53222 6.90738 9.28002 3.68805 3.98711 7.99634 7.11818 8.95075
threshold=-234.49999999999997 5.5000000000000009 385.50000000000006 0.7386128364389235 3.7657680000000004 4.2848913043478261 14.500000000000002 1.8813112745098042 0.6600698156142133 303.50000000000006 45.45000000000001 13.940221088435374 3.1500000000000008 7.5000000000000009 11.943318000000001 10.833202500000001 15.500000000000002 20.500000000000004 34.150000000000013 32.500000000000007 -9.4999999999999982 10.719983033333335 8.4494020776735983 32.550000000000004 21.500000000000004 19.500000000000004 0.18544973544973548 33.050000000000004 -1.0000000180025095e-35 16.111802325581397 1.8192075000000003 0.21767001114827203 11.644704534615608 0.23112535612535615 38.500000000000007 0.93747286148501974 6.1500000000000012 1.5000000000000002 92.500000000000014 1.1500000000000001 0.18245838668373884 11.589204545454548 47.500000000000007 43.050000000000004 4.1216390000000009 22.169333333333338 18.952342342342344 16.990981432360744 87.500000000000014 10.500000000000002 18.508148967086708 61.050000000000004 65.000000000000014 24.048820754716989 62.050000000000004 0.20864427860696519 28.894276841171255 10.237888300000002 13.65 14.350000000000003 0.17165178571428574 0.14400921658986179
decision_type=2 2 2 10 10 8 2 10 8 2 10 10 10 2 8 8 2 2 10 2 2 2 10 10 2 2 10 10 2 10 10 10 10 10 2 8 10 2 2 10 10 10 2 10 10 10 10 10 2 2 10 10 10 10 10 8 10 2 10 10 10 10
left_child=-1 14 3 5 39 -3 7 12 -7 50 11 -11 -6 -14 15 24 19 18 -18 20 -16 -21 -23 -22 25 27 -27 34 29 33 31 -30 -33 -29 35 -2 37 -36 -39 -5 -31 44 43 45 -32 46 47 48 -43 -50 54 53 -53 -52 57 56 -56 -10 -59 -60 61 -61
right_child=1 2 -4 4 6 8 -8 -9 9 10 -12 -13 13 -15 16 -17 17 -19 -20 21 23 22 -24 -25 -26 26 -28 28 30 40 41 32 -34 -35 36 -37 -38 38 -40 -41 -42 42 -44 -45 -46 -47 -48 -49 49 -51 51 52 -54 -55 55 -57 -58 58 59 60 -62 -63
leaf_value=1.1117305661404282 0.45015093564912068 0.73636401884769753 2.2536649734353236 -0.19440703368247247 -0.42623736433986043 1.2855786351072063 -1.4023569436290932 -1.3601243282195974 0.14668148439949116 -0.33606633056808732 -0.79284327360635132 3.7475683951455738 -0.0412747413051541 1.4920119328827059 0.46549099107403635 -0.4016477204466018 -2.5695484474857895 0.061563197068124444 0.039956332561659189 0.42480840130332659 0.13882281803730123 -0.40735173859245999 0.077340599254297177 -0.14026853880909282 -0.31822215040133711 -0.12421820000287342 1.3481079565929244 -0.78523865227379164 1.4582545238470734 -0.062225730031543594 -1.8055432218596659 0.37344688751306165 -0.66973943051754914 -2.8182239002023994 -0.95120010546388445 -0.028835177753863309 -0.63785029722319209 -0.38769076263223784 1.542144300587539 0.32367690034547825 0.82117501179982233 -1.9322759027103584 0.32466864504768189 -0.58532920978687375 -0.22493787478799857 0.36392206237695551 -1.0143507997384749 1.7330215439786869 1.0625862122841967 -0.65059296793275534 2.0690173978378028 -1.6161574855923946 0.13057182960191013 0.16229766203963356 -1.5314242098922932 0.9162331490707939 0.076829451860236431 0.022250579230734147 -0.71248280412287357 -0.030240406828035162 0.016189303431173842 -0.34429159251201968
leaf_weight=29 78 41 57 32 38 30 40 31 198 30 29 21 23 24 32 69 34 25 20 22 52 37 28 23 24 20 45 23 32 21 30 29 30 51 27 115 30 24 45 43 20 23 35 28 62 30 20 20 28 24 25 25 59 26 26 31 21 943 31 236 585 63
leaf_count=29 78 41 57 32 38 30 40 31 198 30 29 21 23 24 32 69 34 25 20 22 52 37 28 23 24 20 45 23 32 21 30 29 30 51 27 115 30 24 45 43 20 23 35 28 62 30 20 20 28 24 25 25 59 26 26 31 21 943 31 236 585 63
internal_value=-0.000313048 -0.000454087 0.00062777 0.00024519 -0.00714286 0.000950413 -0.0141026 -0.00775862 0.000567465 0.000276713 -0.01125 0.000980392 -0.000588235 0.00957447 -0.00278662 -0.0043235 0.00274725 -0.00949367 -0.0203704 0.00773196 0.0154206 -0.00172414 -0.01 0.006 -0.00306346 -0.00247191 0.0146154 -0.00381818 -0.006917 -0.0195652 -0.00319693 0.00824176 -0.000847458 -0.0297297 0.00109718 0.00595855 -0.00634921 0 0.00797101 0.00733333 -0.00121951 -0.00666667 -0.00288462 -0.00722543 -0.0152174 -0.00310345 -0.0073913 -0.00157895 -0.00866667 0 0.00068312 0.00851852 0 0.022549 0.000187441 -0.0102564 -0.0223404 0.000583658 -0.000107643 -0.00245902 -0.00158371 -0.00785953
internal_weight=3993 3964 2708 2651 231 2420 156 116 2379 2349 80 51 85 47 1256 983 273 79 54 194 107 87 65 75 914 890 65 825 506 115 391 91 59 74 319 193 126 96 69 75 41 300 208 173 92 145 115 95 75 52 2269 135 84 51 2134 78 47 2056 1858 915 884 299
internal_count=3993 3964 2708 2651 231 2420 156 116 2379 2349 80 51 85 47 1256 983 273 79 54 194 107 87 65 75 914 890 65 825 506 115 391 91 59 74 319 193 126 96 69 75 41 300 208 173 92 145 115 95 75 52 2269 135 84 51 2134 78 47 2056 1858 915 884 299
is_linear=0
shrinkage=0.05


Tree=76
num_leaves=63
num_cat=0
split_feature=14 8 8 14 8 10 11 7 0 7 2 13 13 13 5 5 16 10 2 10 10 1 1 6 5 0 8 11 0 13 13 16 14 2 6 16 15 1 0 16 0 5 12 8 5 7 11 8 0 2 16 16 7 8 1 16 15 16 5 10 10 10
split_gain=4.77601 6.82331 6.05982 7.34797 7.14286 5.87778 5.63446 8.50361 4.74562 5.36627 4.60886 6.43474 8.51482 6.29977 4.28837 8.63235 5.38385 5.84632 8.28157 5.46425 6.36148 5.1229 5.65686 6.93333 5.44059 4.9546 4.53555 4.79337 6.95659 5.6993 5.42024 5.5102 4.37877 4.35054 4.66667 4.18287 4.12915 6.31488 4.60393 8.83094 8.7507 6.11172 7.51218 11.7232 6.34945 8.40041 5.84801 7.02587 6.69691 6.36588 5.64619 6.04348 5.42625 5.38903 6.30263 5.1088 5.63667 5.33833 5.00336 5.4186 8.11688 5.4232
threshold=90.000000000000014 19.505041102273545 19.68339893346813 150.00000000000003 22.275588497918125 25.311468555131245 117.95000000000002 61.050000000000004 14.374214716666669 29.850000000000005 52.500000000000007 0.23463088939279417 0.71563342318059309 0.18770973154362419 6.1500000000000012 27.750000000000004 344.50000000000006 17.599356060606066 17.500000000000004 13.725082146768896 12.693513957307063 6.5000000000000009 4.5000000000000009 1.0000000180025095e-35 1.0000000180025095e-35 10.522861450000002 10.535999326284776 28.650000000000002 10.522861450000002 0.68004817342432766 0.97530487804878063 75.500000000000014 1.0000000180025095e-35 37.500000000000007 7.7768939393939398 20.500000000000004 8.5000000000000018 20.500000000000004 11.932213500000001 385.50000000000006 11.092311158333336 1.1500000000000001 11.884576341636441 13.585427848698872 7.8500000000000005 36.95000000000001 59.050000000000004 13.777974643234868 11.984724408333335 12.500000000000002 292.50000000000006 190.50000000000003 36.550000000000004 8.6845170080031 6.5000000000000009 -25.499999999999996 6.5000000000000009 -13.499999999999998 11.65 18.795211333567497 16.886964569011109 22.570538215286124
decision_type=8 10 10 10 10 10 10 10 2 10 2 8 10 10 10 10 2 8 2 10 10 2 2 10 10 2 10 10 2 10 10 2 10 2 10 2 2 2 2 2 2 10 10 10 10 10 10 10 2 2 2 2 10 10 2 2 2 2 10 10 10 10
left_child=1 14 6 35 -5 -3 7 8 10 -10 36 13 -13 -12 16 32 17 19 -19 20 21 22 23 -1 26 -21 27 29 -29 -23 -31 -32 -16 34 -26 -4 38 -38 39 40 41 42 53 52 45 -43 47 48 -40 -49 51 -50 -44 54 -2 56 -46 -57 -59 60 -60 -61
right_child=2 5 3 4 -6 -7 -8 -9 9 -11 11 12 -14 -15 15 -17 -18 18 -20 25 -22 24 -24 -25 33 -27 -28 28 -30 30 31 -33 -34 -35 -36 -37 37 -39 46 -41 -42 44 43 -45 55 -47 -48 49 50 -51 -52 -53 -54 -55 -56 57 -58 58 59 61 -62 -63
leaf_value=1.8329694671707248 -0.77950349627255955 -0.6570626227780324 0.87576135847524472 1.9616016516901809 -0.41072653311141094 0.026780849109026429 0.081604305102875738 -0.49442067315364746 -0.52633779522897139 -0.78775801184106042 -0.3967653538040658 -0.51850112773435986 0.17444521849022365 0.16503307391774114 0.22432246911862563 0.10854769229328146 -0.16094301852067119 0.24293231192638309 -0.43478659958133364 0.051442084793809073 -0.62160180508603391 0.82275757771045299 -0.17517083478918885 -0.053345353139829223 1.8284038929904807 1.1841141394603483 1.8446148519423433 -2.2216429767643349 0.072192518351018725 -0.33853149249404152 0.83905019816658211 -0.16398999165171022 -0.052670219256486212 0.38312896870750174 0.31773012513439786 0.28823662116987026 0.30807907102681026 -0.20888532352729211 0.62060455387733104 1.5934458053838938 -0.31959713511923454 0.26092142469266266 0.039743620234794011 -0.64617700203026884 -1.1479316027348929 -0.11921025082998114 0.45817734313092223 0.18732569607407684 0.00041256326602496786 -0.27665664283858665 -0.793944324019495 0.9901113604869265 1.7583166235651746 -1.2047082769841335 -0.021967001923218456 0.56239868689594619 0.081549742394510363 -0.69379377649403373 0.026109959656690052 -1.0077550857499158 0.85610746820922001 0.0075470211123253835
leaf_weight=26 28 36 28 28 28 24 34 57 25 27 31 97 34 28 29 289 20 24 46 41 32 20 37 39 21 53 20 23 39 39 49 21 568 20 21 29 64 20 87 25 442 73 25 38 61 50 30 31 360 50 28 22 21 52 95 21 39 55 231 24 21 37
leaf_count=26 28 36 28 28 28 24 34 57 25 27 31 97 34 28 29 289 20 24 46 41 32 20 37 39 21 53 20 23 39 39 49 21 568 20 21 29 64 20 87 25 442 73 25 38 61 50 30 31 360 50 28 22 21 52 95 21 39 55 231 24 21 37
internal_value=-0.000660354 0.00152895 -0.00201939 0.00929204 -0.00357143 -0.015 -0.0025603 -0.0028553 -0.00237676 -0.0173077 -0.00202703 -0.00947368 -0.0156489 0.00423729 0.00220041 0 0.00549915 0.00639229 -0.00714286 0.00828343 0.00577396 0.0076 -0.00196078 0.00692308 0.0111722 0.0191489 0.00734597 0.00497382 -0.00645161 0.0104651 0.0059633 0.0142857 -0.00343384 0.0241935 0.0333333 0.0219298 -0.00133005 0.00952381 -0.00179856 -0.00343797 -0.00399848 -0.0010907 -0.00752896 0.0047619 0.00163399 0.0117886 0.00180921 0.000692042 0.00291751 -0.012963 0.000243902 0.00183246 0.0217391 -0.0134286 -0.00772358 -0.000920245 -0.011 0.00167095 0.000271739 0.00271565 0.00595238 -0.0106557
internal_weight=4013 1537 2476 113 56 60 2363 2329 2272 52 2220 190 131 59 1477 886 591 571 70 501 407 375 102 65 273 94 211 191 62 129 109 70 597 62 42 57 2030 84 1946 1338 1313 871 259 84 612 123 608 578 497 81 410 382 46 175 123 489 100 389 368 313 252 61
internal_count=4013 1537 2476 113 56 60 2363 2329 2272 52 2220 190 131 59 1477 886 591 571 70 501 407 375 102 65 273 94 211 191 62 129 109 70 597 62 42 57 2030 84 1946 1338 1313 871 259 84 612 123 608 578 497 81 410 382 46 175 123 489 100 389 368 313 252 61
is_linear=0
shrinkage=0.05


Tree=77
num_leaves=63
num_cat=0
split_feature=15 1 16 10 16 16 9 7 14 2 16 6 16 13 1 6 2 2 0 2 8 0 12 1 13 0 0 15 16 0 9 16 10 12 13 12 14 2 9 13 5 5 16 12 16 1 13 5 15 13 10 10 6 13 0 7 10 10 10 1 10 12
split_gain=5.22206 9.0227 7.36805 8.60746 5.61225 5.94299 5.53629 5.94445 5.66786 5.35714 5.11346 8.16818 6.99962 10.2527 5.70604 6.7396 5.39983 6.23371 5.37598 6.67588 8.25239 7.75758 7.69795 6.96241 5.83216 8.43426 9.17505 5.35349 10.6047 5.50851 5.30171 8.28898 7.2588 7.88005 7.24491 8.06869 4.95984 6.82875 4.92767 4.87707 4.8688 7.08913 4.84292 7.01026 7.98177 4.81722 6.42984 4.72456 6.96143 4.6736 6.54193 5.13002 10.9526 8.78373 4.99353 7.70679 6.0779 11.301 4.89549 7.79548 6.19482 5.67014
threshold=7.5000000000000009 20.500000000000004 153.50000000000003 18.117272727272731 201.50000000000003 297.50000000000006 0.24165739710789771 44.850000000000001 90.000000000000014 17.500000000000004 119.50000000000001 30.639920948616602 -53.499999999999993 0.21751918158567776 10.500000000000002 13.214334721881892 17.500000000000004 32.500000000000007 10.857762616666669 47.500000000000007 8.3918189291023069 10.397078316666668 16.130346541433216 4.5000000000000009 0.35145692567567571 10.417885925000002 10.61197581666667 3.5000000000000004 356.50000000000006 13.374214716666669 0.27812939521800289 140.50000000000003 11.164754550468837 10.865022747056317 0.2243138634764251 17.095125614601681 210.00000000000003 22.500000000000004 0.41763565891472876 0.1937129690585912 100.15000000000002 98.450000000000003 87.500000000000014 8.5319057742470132 112.50000000000001 2.5000000000000004 0.072595520421607398 17.950000000000003 4.5000000000000009 0.16611479028697576 17.859305144088342 4.974166666666668 9.1362455197132633 0.82952776336274014 10.771758666666669 42.350000000000001 9.4116092778574867 12.059491264131553 16.575522980607733 6.5000000000000009 17.599356060606066 10.954543209186804
decision_type=2 2 2 8 2 2 8 10 10 2 2 10 2 10 2 10 2 2 2 2 8 2 10 2 10 2 2 2 2 2 8 2 8 10 10 10 10 2 10 10 8 10 2 10 2 2 8 10 2 8 10 8 8 10 2 10 10 10 10 2 10 10
left_child=10 2 45 4 -4 -6 7 -3 9 -8 12 27 13 -1 15 16 -15 -18 19 20 24 -21 23 -22 -14 -26 -27 36 29 30 31 -29 33 47 35 -33 37 -12 -34 -24 41 42 -20 -44 -45 -2 -47 48 -32 50 -48 53 -53 -51 55 -54 -56 -58 59 -59 -60 -61
right_child=1 6 3 -5 5 -7 8 -9 -10 -11 11 -13 18 14 -16 -17 17 -19 40 21 22 -23 39 -25 25 26 -28 28 -30 -31 32 34 38 -35 -36 -37 -38 -39 -40 -41 -42 -43 43 44 -46 46 49 -49 -50 51 -52 52 54 -55 56 -57 57 58 60 61 -62 -63
leaf_value=-0.98003061166620609 -1.0087275502112589 2.2363298808100049 2.5217153681684978 4.3967783353477872 -1.2459434659583899 1.5484698236904593 0.32459328914127944 -0.29826883079182115 -0.5254983464795987 -0.32218808837167123 -0.75513271559144313 -0.7731852759889426 0.3019751539523603 -1.0685483247254197 -0.072630614862778484 2.0867016933995419 0.55260408534771666 -0.27585791344694804 0.01222927428175183 0.050781933057835182 -0.67070326360304733 -0.92188693626931151 -0.014682026837395412 -0.099302679558448403 -0.39112171157590314 1.7477227690627666 -0.12039455154472467 -0.18765830730874528 2.9158628170167589 -1.3640957028135461 1.9919486673315179 1.1214123780335663 -0.18873296863704853 1.6378424863714089 1.5117677310388118 -0.37536739157247184 -0.027922478503145245 -0.25375165813255457 -0.36314918925231937 2.0335634735595325 0.1387969014302014 -0.018640655219043522 -0.18471643938199345 0.79234902181162425 -0.29964824499995329 -0.36081664349066656 -0.0093590664958085792 1.2620616727023419 -0.48868703231271554 2.6018959749060167 0.71474713622255615 -1.264492077989452 0.43272769169495984 -0.033617008920086011 -0.12665544410037963 -0.059288916616998803 1.1908428129714168 -3.3051331377736264 1.06712087599187 0.68075948728756774 -0.0044123537831536556 -0.10114364460937503
leaf_weight=140 30 25 28 37 24 25 24 22 40 32 22 21 38 25 192 29 21 25 996 44 36 64 31 317 40 58 28 38 64 23 21 52 109 32 105 21 76 47 34 30 27 21 26 89 24 22 23 23 100 33 34 36 107 40 59 40 43 21 24 23 61 73
leaf_count=140 30 25 28 37 24 25 24 22 40 32 22 21 38 25 192 29 21 25 996 44 36 64 31 317 40 58 28 38 64 23 21 52 109 32 105 21 76 47 34 30 27 21 26 89 24 22 23 23 100 33 34 36 107 40 59 40 43 21 24 23 61 73
internal_value=-0.000485679 0.00280778 0.00491699 0.0166667 0.00714286 -0.00306122 -0.00874126 0.00531915 -0.015625 -0.00535714 -0.00147297 -0.00494924 -0.000282486 -0.00601852 -0.000684932 0.009 0.000704225 0.0108696 0.00104334 -0.00247813 -0.000346021 -0.0138889 -0.00410628 -0.00694051 0.00914634 0.00396825 0.0127907 -0.00410691 -0.00209003 -0.00430108 -0.00327103 0.00277778 -0.00736677 -0.000568182 0.00730337 -0.00479452 -0.0127586 -0.0224638 -0.0157343 0.0122951 0.00308538 0.00259516 0.00312775 0.0118705 0.0172566 0.0029148 0.00383412 -0.00555556 -0.00950413 0.0047812 0.0184211 0.00339286 0.00154004 0.0157534 0.00365854 0.0112245 0 0.00346939 -0.00148515 -0.00811966 0.00764706 -0.00208333
internal_weight=4015 926 783 114 77 49 143 47 96 56 3089 788 2301 432 292 100 71 46 1869 686 578 108 414 353 164 126 86 767 622 558 535 216 319 176 178 73 145 69 143 61 1183 1156 1135 139 113 669 639 144 121 617 57 560 487 73 451 147 304 245 202 117 85 96
internal_count=4015 926 783 114 77 49 143 47 96 56 3089 788 2301 432 292 100 71 46 1869 686 578 108 414 353 164 126 86 767 622 558 535 216 319 176 178 73 145 69 143 61 1183 1156 1135 139 113 669 639 144 121 617 57 560 487 73 451 147 304 245 202 117 85 96
is_linear=0
shrinkage=0.05


Tree=78
num_leaves=63
num_cat=0
split_feature=16 10 8 10 10 0 8 9 9 5 0 0 5 5 16 2 13 12 13 11 5 16 8 8 16 4 13 13 10 4 16 10 8 15 10 8 9 10 13 11 4 16 16 12 1 8 16 16 0 1 0 0 0 4 8 4 12 4 15 11 14 14
split_gain=3.97091 3.69067 15.3063 6.80077 3.93459 5.01247 4.37101 10.8962 10.5735 4.5125 7.75244 7.46626 12.5774 8.09288 5.25762 5.04373 4.49842 4.32189 5.6 8.58413 5.24556 4.30447 4.18615 3.68651 12.078 5.02037 5.02678 7.83863 4.63485 4.26107 3.63441 4.20883 3.58581 13.8855 9.76774 8.14267 6.43894 4.95178 8.48779 8.87929 8.37872 6.72172 13.8842 7.73179 9.58601 7.30594 7.97089 6.04823 5.49129 5.39216 7.01192 15.2621 7.07377 7.04822 6.29468 5.90913 6.39116 9.49135 8.07312 7.40098 7.30909 6.44335
threshold=437.50000000000006 70.208245877061486 8.3918189291023069 38.611666666666672 28.894276841171255 10.984724408333335 14.109844590412248 0.43804824561403516 0.11189358372456966 4.6500000000000012 10.697393500000002 11.066474675000002 17.550000000000004 27.550000000000004 41.500000000000007 27.500000000000004 0.1924501424501425 14.007437963338797 0.1993589743589744 53.050000000000004 18.950000000000003 100.50000000000001 19.68339893346813 13.348646663437556 172.50000000000003 11.833202500000001 0.37096026873624471 0.23463088939279417 16.522579678888093 4.1142140000000014 112.50000000000001 19.628011695906437 12.797385316296294 6.5000000000000009 12.907261904761905 12.929385967221505 0.26500600240096045 14.141196013289038 0.35319472616632869 57.350000000000001 14.121639000000002 77.500000000000014 50.500000000000007 11.021251749631739 19.500000000000004 10.535999326284776 -71.499999999999986 112.50000000000001 10.984724408333335 6.5000000000000009 10.857762616666669 10.984724408333335 10.456888266666668 5.0054830000000008 1.0000000180025095e-35 5.1025600000000013 10.346550850881643 4.819207500000001 5.5000000000000009 39.650000000000013 270.00000000000006 150.00000000000003
decision_type=2 10 8 10 10 2 10 10 10 10 2 2 10 10 2 2 10 10 10 10 10 2 10 10 2 10 10 10 10 10 2 10 10 2 10 10 10 10 10 10 10 2 2 10 2 10 2 2 2 2 2 2 2 10 10 10 10 10 2 10 10 8
left_child=1 3 -3 4 6 -6 23 8 -8 16 -11 17 14 -14 -13 -15 -10 -12 -19 -20 -21 -22 30 32 25 26 27 29 -29 -25 31 -18 37 36 -35 -36 -34 49 39 40 41 42 43 -39 45 46 -45 -43 -48 50 52 53 -1 -52 -53 56 57 60 59 -58 61 -51
right_child=-2 2 -4 -5 5 -7 7 -9 9 10 11 12 13 15 -16 -17 22 18 19 20 21 -23 -24 24 -26 -27 -28 28 -30 -31 -32 -33 33 34 35 -37 -38 38 -40 -41 -42 47 -44 44 -46 -47 48 -49 -50 55 51 54 -54 -55 -56 -57 58 -59 -60 -61 -62 -63
leaf_value=-0.039012908300449678 2.3474757320820614 -0.025323232211858782 0.078357156899142938 -0.33800055106127674 1.3301672643686711 -0.011092888841700212 -0.7147127245252336 -1.6238369400228905 -1.2657069881981025 -0.57619479205849911 1.9076817852446284 0.01336184438003345 -1.2233112235337222 -0.33023751386350764 4.4782854523150011 0.25629850296400891 0.039552964980317823 0.80182283320415459 -0.34620867554614476 -0.27396046067769042 0.16232860644029923 4.6167550344929893 1.7305734208979591 0.01663215931932558 2.7397405571021434 0.4810609896326799 -0.8392163430907259 0.069067966464587377 2.2959226111043955 -0.8428131140023547 -0.36193251536210486 -1.1399961130836593 -1.5126637970646937 2.1144577257245878 -1.1617067806477372 0.027022929035105038 -0.45659733869153635 0.22816730918897138 3.1127098976051215 -0.68746270212172556 -1.3814367623090869 1.260796084267269 -0.74973756683388226 -1.1470107617235339 0.68609767029376312 0.02464488741843418 0.26020027894098102 1.0858237010910876 -0.38207871757521517 0.025138447840136992 1.3169482415605565 0.029465959536868792 -0.73780774692587014 0.062443618022465591 -0.40309268671398524 0.022794003100863949 -1.9053335254118118 -0.49135846504355635 -0.064260932119756836 -0.17974103859264653 -0.27698709592575493 0.54682479257309369
leaf_weight=70 35 20 72 26 24 29 58 28 21 105 26 23 28 48 22 31 41 28 40 21 23 28 20 29 22 20 20 38 20 40 31 21 30 25 22 82 37 114 20 36 39 47 49 22 28 219 24 105 27 328 30 70 76 37 170 896 31 39 148 35 46 48
leaf_count=70 35 20 72 26 24 29 58 28 21 105 26 23 28 48 22 31 41 28 40 21 23 28 20 29 22 20 20 38 20 40 31 21 30 25 22 82 37 114 20 36 39 47 49 22 28 219 24 105 27 328 30 70 76 37 170 896 31 39 148 35 46 48
internal_value=-0.00105316 -0.00120162 0.00869565 -0.00143745 -0.00126467 0.0122642 -0.00145426 -0.00520995 -0.00382114 -0.00170557 0.000827423 0.00471698 -0.00328947 -0.0126168 0.0188889 -0.00443038 -0.00970149 0.0120482 0.00857143 0.00357143 0.0138889 0.022549 -0.00575221 -0.000684932 0.00608466 0.00149701 -0.00170068 0.0019685 0.0155172 -0.00942029 -0.0102151 -0.00322581 -0.00111864 -0.00765306 0.00193798 -0.00480769 -0.0261194 -0.000653595 0.00287671 0.00197183 0.00326409 0.00464567 0.00175983 0.00460829 0.000625 -0.00205479 -0.0157534 0.0138158 -0.00490196 -0.00192688 -0.00673289 -0.002443 -0.0157534 0.0186567 -0.00833333 -0.000541057 -0.00407407 -0.000759219 -0.011215 -0.0257576 0.0014218 0.0037234
internal_weight=3988 3953 92 3861 3835 53 3782 643 615 557 423 318 152 107 45 79 134 166 140 112 72 51 113 3139 189 167 147 127 58 69 93 62 2950 196 129 104 67 2754 730 710 674 635 483 434 320 292 73 152 51 2024 453 307 146 67 240 1571 675 461 214 66 422 376
internal_count=3988 3953 92 3861 3835 53 3782 643 615 557 423 318 152 107 45 79 134 166 140 112 72 51 113 3139 189 167 147 127 58 69 93 62 2950 196 129 104 67 2754 730 710 674 635 483 434 320 292 73 152 51 2024 453 307 146 67 240 1571 675 461 214 66 422 376
is_linear=0
shrinkage=0.05


Tree=79
num_leaves=63
num_cat=0
split_feature=15 4 12 9 6 4 4 4 9 4 16 11 1 9 14 5 16 8 11 6 6 12 4 8 7 5 16 9 16 16 1 4 6 1 9 1 11 14 4 5 7 6 6 11 0 14 15 2 0 9 9 7 12 9 5 12 16 6 11 8 1 12
split_gain=4.59582 6.93993 5.74599 9.43042 5.59437 6.81404 3.53794 6.88465 9.20747 6.57576 9.94086 8.84793 7.1687 6.47793 6.09122 5.60524 9.11789 7.75997 7.37372 10.0756 7.57159 7.26309 6.39076 5.47503 5.12186 4.81575 5.17559 6.91393 5.72872 6.09443 4.58413 4.31282 9.25175 4.18898 5.19022 5.52743 4.66301 4.98323 4.54108 5.22562 5.40346 4.50743 7.94181 4.47497 6.10667 6.82438 7.82096 12.5207 7.29345 8.91193 5.52603 5.12608 9.23546 5.8265 7.56801 5.49129 4.97452 4.70599 6.07115 5.44635 4.78434 5.36531
threshold=8.5000000000000018 1041.5109660000003 8.0055121011764196 0.3874259381171824 12.907993730407524 1.2718600000000002 9.7657680000000031 4.1025600000000013 0.042572463768115944 5.1025600000000013 131.50000000000003 46.550000000000004 16.500000000000004 0.13667496886674971 570.00000000000011 6.0500000000000007 -66.499999999999986 5.8078276200740531 44.650000000000013 18.09446022727273 14.712113899613902 14.106329140504988 5.8332025000000014 19.183275932049643 117.10000000000001 1.9500000000000002 -69.499999999999986 0.28966437833714725 -1.4999999999999998 131.50000000000003 12.500000000000002 6.1142140000000014 16.06301829268293 20.500000000000004 0.091966173361522213 11.500000000000002 16.450000000000003 390.00000000000006 0.9433180000000001 31.950000000000003 41.350000000000001 25.156030701754393 23.477065826330534 32.050000000000004 10.154141975000003 210.00000000000003 5.5000000000000009 17.500000000000004 10.719983033333335 0.34330357142857149 0.28232998885172805 27.650000000000002 8.358281317760186 0.90161290322580656 6.0500000000000007 9.1944149688990358 51.500000000000007 12.868796068796071 37.650000000000013 9.7354293885465868 16.500000000000004 11.437067774661651
decision_type=2 10 10 10 10 10 10 8 10 10 2 10 2 8 10 10 2 10 10 10 10 10 10 10 10 10 2 10 2 2 2 10 10 2 10 2 10 10 8 10 10 10 10 10 2 10 2 2 2 10 10 10 10 10 10 10 2 10 10 10 2 10
left_child=6 2 -2 4 -4 -6 7 8 -1 10 12 -12 13 -9 33 25 -17 -18 19 20 -19 31 -23 24 -8 26 -11 -28 30 -30 -29 -20 -33 34 35 -10 -36 41 -35 40 -40 42 43 51 -45 46 47 -46 -49 -50 57 53 -53 54 -38 -54 -56 58 -48 -59 61 -61
right_child=1 -3 3 -5 5 -7 23 9 14 15 11 -13 -14 -15 -16 16 17 18 21 -21 -22 22 -24 -25 -26 -27 27 28 29 -31 -32 32 -34 38 36 -37 37 -39 39 -41 -42 -43 -44 44 45 -47 50 48 49 -51 -52 52 55 -55 56 -57 -58 59 -60 60 -62 -63
leaf_value=-0.50537154045470933 6.679278005741347 -0.096554076597936911 1.48930148128174 -1.0117221980971196 0.285803940629344 -0.0032531557693845415 0.0078765724999701834 0.25431276699873423 0.013505049835838889 1.0796110593588339 1.8014135143800865 -0.34055183575788422 0.28570793824461127 -1.0330413992035863 -0.18153914787224198 -2.1805101005404639 -0.29177689355544345 0.052029568754931255 -1.6941761938397812 1.1146476654945474 -0.64300314039875051 1.6788781040047631 -0.25224633178790085 -0.32424929322198937 0.11712990241439024 0.24528403888886283 -0.61732665653655661 -0.0079641623554863369 0.29125449086860744 -0.094915438163809374 -1.9021101132215066 -0.3514030115128341 0.22998391688197445 -0.37560346933506961 0.50375215515115479 1.9874462105512531 0.36760262464918458 0.15429277865602817 0.042651170401560537 0.20259009930596827 -0.45727475209930452 -0.83098714498800741 2.6023397195547471 0.69665843411033312 -2.0240679922250799 0.51876307945084588 0.0044180428823530349 -0.86552750312606896 0.3523008063398898 -0.57217769529099827 0.15919250261994336 -1.8998593936097383 0.27619630708582371 -1.5798614404048308 0.38399224009342281 -1.0841704740867379 -1.5354635411332624 0.56319395238252334 -1.2710110174316007 -0.1326796071150021 -0.86855454270396315 0.051468986496538353
leaf_weight=28 29 28 35 21 21 116 1007 20 25 38 35 27 20 146 58 60 23 147 30 33 59 24 102 42 21 75 38 35 100 66 28 22 26 23 108 22 48 20 28 26 27 51 21 48 52 60 24 27 62 28 279 25 24 20 20 27 29 20 22 47 50 172
leaf_count=28 29 28 35 21 21 116 1007 20 25 38 35 27 20 146 58 60 23 147 30 33 59 24 102 42 21 75 38 35 100 66 28 22 26 23 108 22 48 20 28 26 27 51 21 48 52 60 24 27 62 28 279 25 24 20 20 27 29 20 22 47 50 172
internal_value=-0.000963705 0.0056 0.00855856 0.00544041 0.00930233 0.00474453 -0.00140187 -0.00237383 -0.000164366 -0.00528596 -0.0125 0.00483871 -0.0182796 -0.0216867 0.000368386 -0.00331126 -0.00665399 -0.00429185 -0.00282167 0.00313808 -0.000970874 -0.00980392 -0.00238095 0.00102804 0.00175097 0.00131579 -0.00147541 -0.00393258 -0.000655022 0.00421687 -0.0134921 -0.0217949 -0.0125 0.00101045 0.00176559 0.0180851 0.00116822 0.000255102 -0.00865385 -0.00308642 -0.0118182 -0.00017301 0.000497738 -9.22509e-05 0.00140292 0.000415184 -0.00083014 -0.010355 -0.00128205 0.00555556 0.00179153 -0.00699482 -0.0171053 -0.00042735 0.00463918 -0.00490196 -0.00918367 -0.00253731 -0.0173913 -0.00017301 -0.00204461 0.00114155
internal_weight=3995 250 222 193 172 137 3745 2675 1521 1154 248 62 186 166 1493 906 526 466 443 239 206 204 126 1070 1028 380 305 267 229 166 63 78 48 1435 1331 47 1284 1176 104 81 55 1156 1105 1084 891 843 783 169 117 90 614 193 76 117 97 51 49 335 46 289 269 219
internal_count=3995 250 222 193 172 137 3745 2675 1521 1154 248 62 186 166 1493 906 526 466 443 239 206 204 126 1070 1028 380 305 267 229 166 63 78 48 1435 1331 47 1284 1176 104 81 55 1156 1105 1084 891 843 783 169 117 90 614 193 76 117 97 51 49 335 46 289 269 219
is_linear=0
shrinkage=0.05


Tree=80
num_leaves=63
num_cat=0
split_feature=15 0 7 7 12 13 6 7 13 12 11 0 0 13 5 5 1 9 1 1 6 7 15 9 4 9 9 16 7 16 16 4 7 15 6 11 6 0 4 15 16 8 5 12 7 4 5 11 1 5 13 7 1 15 15 11 16 0 11 8 8 13
split_gain=5.23967 7.35587 5.9704 8.85189 5.87577 6.30108 8.40591 9.35908 8.36566 7.73035 7.8472 7.33968 9.20313 7.25336 7.02539 7.05614 10.8263 8.70928 8.19394 7.58979 10.6496 9.37098 7.83458 6.6657 6.53445 5.58265 5.51087 5.43304 11.9286 8.05448 6.70142 10.1843 5.42944 5.82759 5.22648 5.2149 9.55307 5.91958 5.41559 4.98474 4.81817 4.79061 4.74113 4.73533 4.72481 4.7035 4.7021 4.62857 4.60952 4.37576 4.36579 10.5901 5.86231 5.02831 4.59146 4.84926 4.30222 6.41778 4.14848 3.9622 5.24906 3.83464
threshold=6.5000000000000009 12.4818853 61.050000000000004 59.050000000000004 19.343358115812666 0.16611479028697576 24.211274509803925 34.95000000000001 0.1924501424501425 13.650717002708397 43.95000000000001 11.092311158333336 10.456888266666668 0.24596669268800417 36.050000000000004 11.050000000000002 18.500000000000004 0.23861283643892342 17.500000000000004 9.5000000000000018 13.105654761904765 37.550000000000004 7.5000000000000009 0.18544973544973548 7.4260780000000013 0.44281045751633991 0.30079365079365084 75.500000000000014 53.050000000000004 207.50000000000003 10.500000000000002 1755.5054830000001 35.750000000000007 7.5000000000000009 13.898851851851854 29.850000000000005 4.1255555555555565 10.61197581666667 10.130324000000002 7.5000000000000009 -14.499999999999998 10.888997252740173 23.550000000000004 14.954412113482222 46.050000000000004 6.9433180000000005 20.450000000000003 45.95000000000001 20.500000000000004 10.950000000000001 0.15958653400010311 114.05000000000001 8.5000000000000018 5.5000000000000009 3.5000000000000004 40.850000000000001 19.500000000000004 10.950360425000001 37.95000000000001 12.929385967221505 12.066093548557225 0.16724941724941728
decision_type=2 2 10 10 10 8 8 10 8 8 10 2 2 10 10 10 2 8 2 2 10 10 2 10 10 8 10 2 8 2 2 10 10 2 10 10 10 2 10 2 2 10 10 8 10 10 10 10 2 10 8 8 2 2 2 10 2 2 10 10 10 8
left_child=50 2 3 4 5 6 7 -2 24 10 14 12 26 -13 15 16 17 23 35 20 -17 32 -22 -10 40 -18 -12 30 29 -29 31 43 33 -21 -23 36 39 -37 41 -19 -7 -39 -26 49 -31 -41 -32 -48 -33 -11 51 52 53 -1 -54 58 -4 -58 -56 60 -9 -52
right_child=1 -3 56 -5 -6 8 -8 59 9 27 11 13 -14 -15 -16 19 25 18 -20 21 22 34 -24 -25 42 -27 -28 28 -30 44 46 48 -34 -35 -36 37 -38 38 -40 45 -42 -43 -44 -45 -46 -47 47 -49 -50 -51 61 -53 54 -55 55 -57 57 -59 -60 -61 -62 -63
leaf_value=0.15829423544561397 -0.25986447445229149 -0.18187626249993516 0.079378664852744085 1.1059522263174313 1.99864815966734 -1.7758982915440933 -0.046946058675833076 0.5512298204080921 0.13415196026739171 0.57988124021672049 -0.051148497886406831 -0.24008616476538489 1.2650270322766852 0.22319538674824174 0.8675628285179956 -0.760462318085662 0.026272473724129154 0.81494047688654092 4.1085020245565405 0.44761612416919716 -0.57457006051729886 -0.08602690047956757 1.3269667494956772 -0.60416977907824343 -0.25751668298490654 -0.9983039254417605 1.8924495708196603 0.38928673972028566 4.3377545155199142 -0.20656382009849211 -0.47748544460874032 0.2000942915610299 0.68524195620687323 -0.17859150074764898 -1.4101708865587677 0.13376316466166216 -0.373940136262501 1.6859275520132162 0.12008402238600749 -0.80779260548911536 -0.16388995663084449 1.0853344458247915 0.32513897895433747 -0.12805511636931755 -1.0084400959530597 0.24785362320575255 -0.49592010160488587 0.1150403997036273 0.012199656068207616 -0.86079673465653317 0.24153278840086703 0.063919634046684062 0.038983418619301061 -0.30014871037106305 -0.69028650708402728 -0.3538844817215317 -1.6260409051571536 0.60574128452617337 0.14985250259037428 1.409622689652771 -0.039619252493608585 -0.019707126969809592
leaf_weight=23 31 123 30 27 31 23 55 58 26 24 25 24 57 39 21 87 24 55 22 58 26 20 29 27 22 35 23 48 42 22 33 20 25 58 21 53 43 68 29 22 37 33 20 73 23 27 24 21 28 20 30 51 27 31 24 99 25 20 20 41 22 1805
leaf_count=23 31 123 30 27 31 23 55 58 26 24 25 24 57 39 21 87 24 55 22 58 26 20 29 27 22 35 23 48 42 22 33 20 25 58 21 53 43 68 29 22 37 33 20 73 23 27 24 21 28 20 30 51 27 31 24 99 25 20 20 41 22 1805
internal_value=-0.000223325 0.00166667 0.00247635 0.00307782 0.00262537 0.00222356 0.0103865 0.0164474 0.00106383 0.00210332 0.00445241 0.0142857 0.022381 0.000793651 0.00241038 0.00164975 0.00560345 0.00851852 0.0113636 -0.00401235 -0.0126761 0.00274725 0.00454545 -0.0103774 -0.0127451 -0.0144068 0.00625 -0.00396825 0.00407407 -0.00591398 -0.00843621 -0.00272727 0.00886525 0.00431034 -0.0182927 0.00939394 0.00238095 0.0150273 0.0207692 0.0105769 -0.0233333 0.0262376 0.00238095 -0.0106838 -0.0211111 -0.00102041 -0.0205128 -0.01 0.0166667 0.00227273 -0.00194313 -0.00781818 -0.0125 0.00185185 -0.0170588 -0.0206294 -0.0113333 -0.0211111 -0.00681818 0.0227273 0.01625 -0.00106267
internal_weight=4030 1920 1797 1722 1695 1664 207 152 1457 1355 977 168 105 63 809 788 464 405 352 324 142 182 55 53 102 59 48 378 135 93 243 165 141 116 41 330 147 183 130 104 60 101 42 117 45 49 78 45 48 44 2110 275 224 54 170 143 75 45 44 121 80 1835
internal_count=4030 1920 1797 1722 1695 1664 207 152 1457 1355 977 168 105 63 809 788 464 405 352 324 142 182 55 53 102 59 48 378 135 93 243 165 141 116 41 330 147 183 130 104 60 101 42 117 45 49 78 45 48 44 2110 275 224 54 170 143 75 45 44 121 80 1835
is_linear=0
shrinkage=0.05


Tree=81
num_leaves=63
num_cat=0
split_feature=16 15 1 5 12 1 1 12 16 8 4 12 16 8 16 4 6 13 16 0 1 13 12 16 8 14 12 8 6 16 2 5 4 4 1 5 8 16 13 4 4 10 5 4 15 8 13 10 1 0 1 1 13 12 12 8 8 16 10 12 12 16
split_gain=5.02894 5.38751 7.9731 9.27966 12.7836 6.71851 7.03529 15.3965 11.6742 8.89412 8.61692 8.22555 6.48159 6.44707 6.77954 10.3867 6.38198 11.798 8.99659 7.04616 9.19059 9.12897 6.2 6.60187 6.08062 5.72029 6.55828 5.49566 5.42775 5.40512 5.38741 5.20072 5.15303 10.8227 8.78266 6.4702 5.83886 5.12962 5.12422 4.89126 8.33369 10.2274 6.16278 13.3242 6.90677 5.09691 4.85378 4.67421 11.0645 8.64321 8.01217 6.60804 6.06036 9.09091 7.95064 5.81121 5.69884 8.03028 5.36508 5.03119 4.94728 4.65056
threshold=-206.49999999999997 2.5000000000000004 20.500000000000004 28.250000000000004 13.367935683117382 12.500000000000002 10.500000000000002 12.243220054473738 -15.499999999999998 18.508148967086708 9.8864580000000011 0.45768310089351322 286.50000000000006 12.177315912783026 14.500000000000002 3.8864580000000006 20.18882575757576 0.12254524451289951 -47.499999999999993 10.237888300000002 13.500000000000002 0.25082781456953646 17.399180796358429 90.500000000000014 15.854866175800465 210.00000000000003 9.5623528255388788 11.971928195019837 24.048820754716989 88.500000000000014 42.500000000000007 27.550000000000004 1.0054830000000001 1.1185900000000002 4.5000000000000009 34.050000000000004 15.310395086413882 12.500000000000002 0.28368293666801131 5.9433180000000005 5.6022320000000008 19.628011695906437 16.950000000000003 10.426078000000002 6.5000000000000009 13.882500645492572 0.21751918158567776 15.995138888888892 6.5000000000000009 10.984724408333335 6.5000000000000009 3.5000000000000004 0.2303271441202476 17.57839130224097 13.528952438107094 9.9318295866720607 11.971928195019837 60.500000000000007 12.36085106382979 12.317156058931738 8.607845648265954 110.50000000000001
decision_type=2 2 2 10 10 2 2 8 2 10 8 8 2 10 2 10 8 10 2 2 2 10 8 2 10 10 8 10 8 2 2 10 10 10 2 10 10 2 10 10 10 10 10 10 2 10 8 10 2 2 2 2 10 10 10 10 10 2 10 10 10 2
left_child=-1 12 5 4 29 6 10 13 46 24 32 -12 -2 14 -8 -16 17 -7 -18 27 21 -21 23 -20 61 26 -13 -19 -5 -4 -30 -25 34 -34 38 47 -37 -36 -3 40 41 45 -41 44 -44 -22 -9 48 49 56 51 -49 54 -54 -52 -51 57 -35 -57 -50 -59 -10
right_child=1 2 3 28 -6 16 7 8 9 -11 11 25 -14 -15 15 -17 18 19 22 20 39 -23 -24 31 -26 -27 -28 -29 30 -31 -32 -33 33 35 37 36 -38 -39 -40 42 -42 -43 43 -45 -46 -47 -48 50 59 55 52 -53 53 -55 -56 58 -58 60 -60 -61 -62 -63
leaf_value=0.57285563841303999 -0.032840410957679159 0.073024233055351578 0.01387165080402717 0.79447381530408956 -0.36500592557897243 -1.5939551778544896 0.61714885534128738 -3.5164041729919235 -0.29261297794055069 0.28916415653528099 -0.8131512806963791 0.49626816071807811 -0.32253888762150001 -0.69101228197218489 0.67369106316579852 -0.2721135431787417 -0.86187755436865143 0.25333014080720323 0.38339790806315205 -0.13943401839697742 0.0019438342643873343 1.4735911073412868 0.0070544174106272842 1.9243330838163311 -1.3400182573635733 -0.40794823293102422 0.073179517678161179 1.3645094695550102 0.01463289622177596 -0.85109797434684475 -0.072767977231007724 -0.78760523962991646 -0.82766505299701221 0.73389220444770087 0.15615510265100455 -0.57952804794018231 -0.10558786624836536 -0.30414639053954745 1.4611131129453128 -0.37046246696098423 3.3467165791246885 4.1730197311694912 -1.3024302031634576 1.0275967786730058 0.70077554530582242 -0.23739217142288427 -2.6863971585038531 -0.073852577808391828 0.33245650039358915 -0.94243908137913834 0.018132228522802586 1.1600945621091847 -0.053209418575654338 1.6819027893706988 -0.70242704122365551 0.072679140700046663 -0.86464577305213997 -0.34237100569968748 -1.1219742633296339 -0.53587473003359498 0.077265724130811009 0.11007834760014319
leaf_weight=56 314 21 83 28 62 24 80 28 69 21 20 74 35 25 43 81 32 71 102 36 380 94 124 29 23 34 293 26 77 22 26 24 36 62 52 67 46 82 23 223 25 26 29 29 25 41 40 33 195 71 20 82 22 22 38 25 38 20 45 37 33 27
leaf_count=56 314 21 83 28 62 24 80 28 69 21 20 74 35 25 43 81 32 71 102 36 380 94 124 29 23 34 293 26 77 22 26 24 36 62 52 67 46 82 23 223 25 26 29 29 25 41 40 33 195 71 20 82 22 22 38 25 38 20 45 37 33 27
internal_value=-0.00059179 -0.000804598 -0.000224341 -0.00805369 -0.0158683 0.000489596 -0.00140041 -0.00697941 -0.0168269 -0.00857143 0.000234742 0.00629454 -0.00673352 0.00196507 0.00490196 -0.00241935 0.00320896 0.00131195 0.00948553 0.0021393 0.000770925 0.0130769 0.0123656 0.0190323 -0.0138655 0.00785536 0.00967302 0.0149485 0.0019084 -0.0052381 -0.00339806 0.00471698 -0.00214953 -0.00369955 0.00561798 -0.00257009 -0.0137168 -0.000746269 0.025 -0.00128535 0.00190678 0.00033557 -0.00620915 0.00542169 -0.00925926 -0.00154394 -0.0338235 -0.000874832 -0.00342205 -0.00986395 0.00529954 0.0143478 -0.00490196 0.00909091 -0.0155172 -0.0187943 -0.00163399 0.00391304 -0.00857143 0.00474138 -0.0103774 -0.00833333
internal_weight=3971 3915 3566 298 167 3268 1928 437 208 140 1491 421 349 229 204 124 1340 1029 311 1005 908 130 279 155 119 401 367 97 131 105 103 53 1070 892 178 856 113 134 44 778 472 447 306 83 54 421 68 743 526 294 217 115 102 44 58 141 153 115 70 232 53 96
internal_count=3971 3915 3566 298 167 3268 1928 437 208 140 1491 421 349 229 204 124 1340 1029 311 1005 908 130 279 155 119 401 367 97 131 105 103 53 1070 892 178 856 113 134 44 778 472 447 306 83 54 421 68 743 526 294 217 115 102 44 58 141 153 115 70 232 53 96
is_linear=0
shrinkage=0.05


Tree=82
num_leaves=63
num_cat=0
split_feature=1 7 5 10 1 2 1 16 11 16 11 16 12 13 16 1 6 16 11 10 6 13 9 16 1 16 0 12 7 13 11 8 14 1 7 16 10 1 2 16 8 16 10 16 11 5 16 13 9 9 13 11 13 16 11 10 1 10 9 9 11 7
split_gain=3.23022 5.11492 11.607 7.2726 5.33684 5.81534 4.01193 7.93632 7.54445 9.59429 6.43016 8.0949 11.297 7.35968 7.19034 4.94499 4.84848 4.19141 3.50635 3.4064 14.8685 5.20577 6.48161 10.1621 7.6304 4.72375 8.13545 6.63048 4.97835 4.97048 4.34285 5.04113 4.06445 3.92876 7.25585 10.7909 5.93482 10.7494 11.6353 13.8578 9.291 6.88977 8.79409 7.00347 6.8061 6.65879 9.38249 11.2976 6.27426 6.26075 5.39699 6.36391 5.37732 8.37005 5.95679 11.6149 8.77981 5.33471 5.27791 5.0758 6.74298 7.35
threshold=20.500000000000004 41.350000000000001 48.650000000000013 15.860334008097167 21.500000000000004 12.500000000000002 17.500000000000004 412.50000000000006 37.550000000000004 303.50000000000006 42.650000000000013 258.50000000000006 14.349173012850171 0.087337909992372245 169.50000000000003 19.500000000000004 20.885489510489517 61.500000000000007 40.050000000000004 23.487623493648901 21.357142857142858 0.12933094384707292 0.12933094384707292 41.500000000000007 7.5000000000000009 16.500000000000004 11.857762616666669 16.275363871625512 53.050000000000004 0.14909495077802479 117.95000000000002 10.424747936473935 90.000000000000014 10.500000000000002 50.050000000000004 32.500000000000007 15.944685990338165 6.5000000000000009 12.500000000000002 -44.499999999999993 14.621617300761583 116.50000000000001 5.336477987421385 224.50000000000003 48.45000000000001 28.950000000000003 71.500000000000014 0.34641025641025647 0.20106382978723406 0.23582887700534763 0.2303271441202476 40.250000000000007 0.92770034843205595 -19.499999999999996 48.95000000000001 14.651844532279318 13.500000000000002 14.480536659108088 0.28474903474903479 0.25962962962962971 36.750000000000007 36.850000000000001
decision_type=2 10 10 10 2 2 2 2 8 2 8 2 10 10 2 2 10 2 10 8 8 10 10 2 2 2 2 8 8 10 8 10 10 2 10 2 10 2 2 2 10 2 10 2 10 10 2 10 8 10 10 10 10 2 10 10 2 10 10 10 10 10
left_child=6 3 -3 4 5 -2 7 19 9 15 14 13 -13 16 18 -8 -12 -15 -10 21 -21 -1 23 24 -23 28 27 -27 -22 30 -30 -32 -26 36 52 -36 37 59 39 -39 50 42 -40 58 45 46 47 57 -42 -50 51 -38 54 -54 -35 -56 -57 -44 -43 60 -24 -62
right_child=1 2 -4 -5 -6 -7 8 -9 10 -11 11 12 -14 17 -16 -17 -18 -19 -20 20 25 22 33 -25 32 26 -28 -29 29 -31 31 -33 -34 34 35 -37 40 38 41 -41 48 43 44 -45 -46 -47 -48 -49 49 -51 -52 -53 53 -55 55 56 -58 -59 -60 -61 61 -63
leaf_value=-0.91478089392616802 0.051481755956564873 -0.26651792507437466 0.041373312104219392 2.2438112947401154 0.011142263144059462 -0.25155628915777434 4.0438115700015382 2.2543561970826889 -0.081626579072062666 -0.22313803059198956 0.34555865729539337 2.2317394841482567 -0.33765213656321436 0.72663848401633402 1.9935231201952393 0.10341504980306837 -0.56672077239214758 0.28566557054316916 -1.0619968472783867 1.3247346114237672 -0.063548686909551511 -0.60771835698291898 -0.61418164503702077 1.1380850872263675 0.20819518941726933 0.14401459322040761 -0.75309310418963227 -0.12762364277784086 -0.028817905881872687 2.0902968205316221 0.0067016965400959194 0.13338251136267792 -0.011682151359516064 -0.058735091236125928 -2.0590235397947345 0.024994669994846674 1.3180962799439806 -1.3952836193124654 -0.037617217533455351 -0.0068783845136216829 0.29780720499508534 0.6602958936148724 1.4894042233845732 1.5416138819177705 3.0734637039851389 -0.55085929909518305 2.2233017960017274 -0.13643632011211482 -0.94974314284795147 -0.23086640235384126 1.6417578729777844 -0.13751197902231524 -0.12410435657526869 0.52528760598128421 2.1457892201117259 -0.71652709531899494 0.34943016430558171 0.0051736959385770831 -0.63609948590523191 -0.058133912619925711 0.48713778768224664 -1.3458674415473653
leaf_weight=86 23 91 28 24 114 53 60 23 24 27 24 32 30 37 24 51 20 65 21 27 22 36 53 54 27 25 30 80 53 32 122 24 50 917 52 43 32 26 65 103 25 26 57 33 20 23 34 42 20 73 62 63 60 65 30 44 37 23 53 381 20 60
leaf_count=86 23 91 28 24 114 53 60 23 24 27 24 32 30 37 24 51 20 65 21 27 22 36 53 54 27 25 30 80 53 32 122 24 50 917 52 43 32 26 65 103 25 26 57 33 20 23 34 42 20 73 62 63 60 65 30 44 37 23 53 381 20 60
internal_value=-0.000841497 -0.00555556 -0.0138655 -0.000934579 -0.00421053 -0.0144737 -0.000411184 -0.00100526 0.00421687 0.0137681 -0.000541516 0.00384615 -0.0112903 0.010274 -0.0137681 0.0202703 -0.00681818 0.0176471 -0.0255556 -0.00121495 0.00301205 -0.00184258 -0.0014581 0.00808383 -0.000442478 0.000515464 -0.00703704 -0.00047619 0.00454545 0.00670996 0.00376884 0.00821918 0.00844156 -0.00208497 -0.00408654 -0.0173684 -0.00015456 -0.00191364 0.00326733 -0.00968992 0.00636364 0.00771277 0.0121212 -0.00267857 0.0173367 0.0142458 0.0179487 0.0114754 -0.00423729 -0.0102151 0.0143312 0.00684211 -0.00299219 0.0068 -0.00418288 0.00675676 -0.00308642 0.0225 -0.0107595 -0.00700389 -0.0154135 -0.00625
internal_weight=3981 333 119 214 190 76 3648 3233 415 138 277 208 62 146 69 111 44 102 45 3210 415 2795 2709 167 113 388 135 105 253 231 199 146 77 2542 1248 95 1294 1019 505 129 275 376 264 112 199 179 156 122 118 93 157 95 1153 125 1028 111 81 80 79 514 133 80
internal_count=3981 333 119 214 190 76 3648 3233 415 138 277 208 62 146 69 111 44 102 45 3210 415 2795 2709 167 113 388 135 105 253 231 199 146 77 2542 1248 95 1294 1019 505 129 275 376 264 112 199 179 156 122 118 93 157 95 1153 125 1028 111 81 80 79 514 133 80
is_linear=0
shrinkage=0.05


Tree=83
num_leaves=63
num_cat=0
split_feature=16 16 1 4 4 2 0 4 0 12 6 1 1 1 4 14 14 12 10 16 4 14 14 9 10 16 4 0 5 12 1 16 12 6 16 16 11 0 7 16 16 8 7 6 5 2 12 6 4 2 6 16 1 12 0 4 0 4 12 10 9 9
split_gain=4.32381 5.08338 4.48286 6.70436 8.51025 7.03781 8.38932 8.05148 7.66947 7.54276 8.46501 6.4059 6.11998 8.04388 7.01293 5.93491 5.83361 5.76811 7.10149 6.75032 5.27515 5.111 10.5927 5.92925 10.8377 8.96541 8.14985 6.75565 6.54779 5.7389 5.92485 10.0322 5.82745 6.16081 6.02713 9.12356 7.18266 6.17094 7.139 5.73712 5.63344 7.46867 5.64748 6.06735 5.01419 11.6485 4.91229 6.26823 5.55724 10.7249 10.3296 4.73128 4.72662 5.2964 4.67115 4.56336 4.55518 5.69134 4.80919 5.68116 6.9888 4.29762
threshold=-206.49999999999997 -170.49999999999997 8.5000000000000018 0.9433180000000001 0.78860000000000008 37.500000000000007 10.984724408333335 2.0757620000000006 13.125757558333335 11.620982213899703 16.580322580645166 3.5000000000000004 6.5000000000000009 5.5000000000000009 6.1303240000000008 90.000000000000014 210.00000000000003 16.130346541433216 16.522579678888093 20.500000000000004 9.8864580000000011 330.00000000000006 450.00000000000006 0.46862745098039221 12.059491264131553 391.00000000000006 12.240019000000002 10.771758666666669 18.950000000000003 10.773145782263624 12.500000000000002 -7.4999999999999991 20.601111248569527 63.621232876712334 169.50000000000003 211.50000000000003 63.300000000000004 11.417885925000002 46.550000000000004 -19.499999999999996 48.500000000000007 18.34703529088328 47.050000000000004 14.771071295259427 12.050000000000002 22.500000000000004 6.2288903978155643 8.0520833333333339 4.1216390000000009 12.500000000000002 1.0571428571428576 -14.499999999999998 13.500000000000002 9.8777877600933923 12.444616975000001 9.819207500000001 10.154141975000003 10.328557000000002 14.705531551598268 14.179508196721313 0.23271742593182546 0.17262664963814392
decision_type=2 2 2 10 8 2 2 10 2 10 8 2 2 2 10 10 8 10 10 2 10 10 10 10 10 2 10 2 10 8 2 2 10 10 2 2 10 2 10 2 2 8 10 10 10 2 10 10 10 2 10 2 2 10 2 10 2 10 10 10 10 8
left_child=-1 -2 3 4 44 6 7 -5 9 16 -11 20 13 14 -9 -14 -8 18 51 -19 -7 23 -23 25 26 29 46 -28 -27 54 31 56 34 -34 36 -36 -32 38 -37 -24 41 42 43 -33 45 -3 48 55 50 -50 -25 -13 53 -41 -4 -48 -31 58 59 -58 -61 -20
right_child=1 2 21 5 -6 11 8 12 -10 10 -12 17 15 -15 -16 -17 -18 19 61 -21 -22 22 39 24 -26 28 27 -29 -30 30 32 40 33 -35 35 37 -38 -39 -40 52 -42 -43 -44 -45 -46 -47 47 -49 49 -51 -52 -53 -54 -55 -56 -57 57 -59 -60 60 -62 -63
leaf_value=0.54714961105419424 -1.0470627938753096 2.2457074832071244 0.03195136780399039 -0.43253372444976118 1.4258353046323504 -0.8690418492298595 -0.090446450386992089 1.2162800216283711 0.3846999504246385 0.88993815254133024 -0.050434224384702735 -0.29372079405612866 1.4292881780894313 -0.71243887531986738 0.066127321973233677 0.18094998378488653 -0.78475991339642326 0.10001786553829271 0.060601092130610115 -1.0015543856251647 -0.007885893473230458 -1.1548526210247747 -0.57694825614104794 -0.069325533035326722 -0.30864876422750398 4.8001030663456108 3.4679430634966817 -0.055388315047370545 1.5496369872189106 -3.6559332192758633 -0.015479489716065898 -0.27504557448171701 -0.29194804886364967 0.0087457989247132686 2.7988178327478135 1.6039068659675921 0.29914150944459772 -0.54832776753115275 -0.061380938647545236 0.87373932962754641 -0.098556628617603614 0.1861703706988026 -0.49937551346980114 0.26835278021244147 -0.049376265344967245 -0.13438479200837081 -0.86724343334328413 0.49832768715668219 -0.68644199824523278 0.25692081995532057 1.0262266260719197 0.0018827977390071028 -0.13520167138776371 -0.20413536907038915 0.49427588253737903 0.03110183081868172 -1.8083932962334388 0.092393914695392002 -3.9753818419427165 -0.76226182104120577 0.24375998766073825 3.1986020276766567
leaf_weight=54 44 24 420 60 22 66 170 58 34 63 80 50 73 55 81 46 37 20 27 29 34 24 31 81 42 22 27 28 26 20 761 29 34 22 43 40 27 39 38 21 172 36 41 33 45 20 116 21 38 81 28 179 56 20 27 25 23 29 34 24 22 21
leaf_count=54 44 24 420 60 22 66 170 58 34 63 80 50 73 55 81 46 37 20 27 29 34 24 31 81 42 22 27 28 26 20 761 29 34 22 43 40 27 39 38 21 172 36 41 33 45 20 116 21 38 81 28 179 56 20 27 25 23 29 34 24 22 21
internal_value=-0.00108941 -0.00128205 -0.00109114 0.00131376 0.0130631 0.000211327 0.00310436 0.00844504 -0.00208333 -0.00428571 0.00454545 -0.00492958 0.0116613 0.00618557 0.0125899 0.0205882 -0.0103865 -0.00153374 0.00126354 -0.0173469 -0.016 -0.00228758 -0.0111842 -0.0017354 -0.00667351 -0.000509684 -0.00438202 0.0136364 0.0208333 -0.00104493 -0.00255624 -0.00723542 -0.000398406 -0.0160714 0.000527426 0.009375 -0.00126904 0.00213675 0.0102564 -0.00546875 -0.00209003 0.00539568 -0.00145631 0.00806452 0.00617978 0.0181818 -0.00692308 -0.0135802 -0.00219298 -0.00966387 0.0059633 -0.00240175 0.000515464 0.0134146 0.00391499 -0.0173759 -0.0177632 -0.0143939 -0.0199029 -0.0123188 -0.00217391 0.01875
internal_weight=3993 3939 3895 1294 111 1183 757 373 384 350 143 426 313 194 139 119 207 326 277 49 100 2601 152 2449 487 1962 445 55 48 1914 1467 463 1004 56 948 160 788 117 78 128 311 139 103 62 89 44 390 162 228 119 109 229 97 41 447 141 152 132 103 69 46 48
internal_count=3993 3939 3895 1294 111 1183 757 373 384 350 143 426 313 194 139 119 207 326 277 49 100 2601 152 2449 487 1962 445 55 48 1914 1467 463 1004 56 948 160 788 117 78 128 311 139 103 62 89 44 390 162 228 119 109 229 97 41 447 141 152 132 103 69 46 48
is_linear=0
shrinkage=0.05


Tree=84
num_leaves=63
num_cat=0
split_feature=5 4 4 10 10 8 4 13 1 13 5 13 0 4 2 7 4 10 0 11 10 0 8 4 16 9 16 13 1 16 1 16 7 8 0 15 0 13 8 13 5 15 8 0 11 5 8 16 8 14 14 0 16 1 9 5 13 0 16 1 10 4
split_gain=6.09496 4.63538 7.41154 6.36673 8.63832 6.28646 5.79525 8.91312 9.71264 7.39319 7.21133 7.15663 6.84 6.63494 5.41626 5.36861 5.36106 5.32466 5.39542 6.92192 10.0329 8.15104 6.38217 6.56221 6.22316 7.21364 5.98613 8.86101 6.2365 8.69474 8.4796 7.86139 5.8329 8.24395 5.884 7.48912 9.92287 7.23998 6.67826 5.78916 6.02464 5.73707 6.03951 11.4313 5.49775 5.28762 9.65714 6.38138 5.20833 5.17606 5.41468 8.28031 6.86174 7.76469 6.3237 7.52788 6.79023 6.37686 7.5287 5.66217 5.45511 8.5808
threshold=100.15000000000002 0.72670100000000015 0.30928300000000003 17.199855769230773 12.454925673973294 9.8943814234989222 1.8332025000000003 0.26480327230229844 20.500000000000004 0.38829240434037698 24.050000000000004 0.22163742690058483 11.932213500000001 1.8864580000000002 42.500000000000007 25.750000000000004 1.4260780000000002 10.219687950937951 11.066474675000002 42.45000000000001 14.311376802662396 13.237888300000002 9.13036017461833 1833.3716805000001 -52.499999999999993 0.17684288905435594 253.50000000000003 0.26939799331103681 16.500000000000004 215.50000000000003 17.500000000000004 -69.499999999999986 54.350000000000001 20.201138971090085 10.522861450000002 7.5000000000000009 10.397078316666668 0.15958653400010311 12.094486723243897 0.26239754098360663 29.250000000000004 4.5000000000000009 10.82914700789766 10.984724408333335 38.250000000000007 3.3500000000000001 13.823557408174066 -78.499999999999986 13.978543543594094 150.00000000000003 90.000000000000014 11.44924504166667 260.50000000000006 17.500000000000004 0.44782214156079864 5.7500000000000009 0.47856705450091858 10.61197581666667 33.500000000000007 4.5000000000000009 2.3987804878048782 5.1142140000000014
decision_type=10 10 8 10 10 8 10 10 2 10 10 10 2 10 2 10 10 8 2 10 10 2 8 10 2 10 2 10 2 2 2 2 10 10 2 2 2 8 10 10 10 2 8 2 8 10 8 2 10 10 8 2 2 2 10 8 10 2 2 2 10 10
left_child=1 2 3 4 14 -4 7 11 -9 13 49 12 16 -8 15 -1 -3 -15 26 20 21 22 -20 -24 -22 -26 28 -28 29 32 -30 -32 34 -34 35 36 39 -36 44 40 -19 -39 43 -43 -38 46 -44 -47 -49 50 52 54 53 59 55 -52 -56 58 -58 -11 -61 -62
right_child=-2 6 5 -5 -6 -7 9 8 -10 10 -12 -13 -14 17 -16 -17 -18 18 19 -21 24 -23 23 -25 25 -27 27 -29 30 -31 31 -33 33 -35 37 -37 38 41 -40 -41 -42 42 45 -45 -46 47 -48 48 -50 -51 51 -53 -54 -55 56 -57 57 -59 -60 60 61 -63
leaf_value=0.34779908848076801 0.078615050050493365 -0.20064183335196689 -0.11035866302052365 0.59410412799237378 -0.27314772452766095 -0.80346264159230874 -1.431928720734835 0.015889384525371142 -0.67223528190913573 1.3011435919586429 0.62890303688728233 0.84686780986227772 0.79393849562853092 -0.20802354186247243 0.67834240604859064 -0.53029309989985818 0.28818314247623361 -0.074984615686227787 0.2377261409845538 -0.16548175218412042 -0.34599988621536398 0.027040035405842211 -0.58360972656232379 0.038139883389858201 0.10577195565384474 1.5307380580501084 2.9437664753259614 -0.23546113338454833 -1.8588451450553654 -0.44289220548244579 1.839206989753178 -0.026925512539324892 0.23979572472381749 -0.36208045246093612 -0.062971973266449308 0.062820955874571996 -1.6470827190028432 -0.37341717535133373 -1.5398534790886984 0.83659325670255069 0.1614621813736874 1.2487475421163852 1.0530624703121827 -0.052315823011106224 0.0029919778928421794 1.2057190631691435 -0.16247119141510946 -0.079317279521079351 0.19799886529552493 0.12426436715116118 0.99398959869943981 0.089298736707522225 -1.1285770195468168 0.86426376231227309 -0.9514766663439066 -0.98479455926381476 -0.16205716662621583 -0.90695504365685009 2.0733739080258062 -0.17506884711027784 -0.2256355980782658 0.54474049154903026
leaf_weight=32 41 83 26 59 57 36 24 270 20 51 107 66 36 71 22 38 31 74 29 426 27 31 153 29 40 48 58 43 67 21 21 224 73 20 84 63 33 41 45 30 24 68 36 35 45 21 20 120 40 171 26 122 20 49 31 28 23 98 21 88 37 81
leaf_count=32 41 83 26 59 57 36 24 270 20 51 107 66 36 71 22 38 31 74 29 426 27 31 153 29 40 48 58 43 67 21 21 224 73 20 84 63 33 41 45 30 24 68 36 35 45 21 20 120 40 171 26 122 20 49 31 28 23 98 21 88 37 81
internal_value=-0.00088518 -0.00108612 -0.00740741 -0.00288462 -0.00838926 -0.0225806 -0.000617623 0.00434783 -0.00137931 -0.00141855 0.00225603 0.012037 0.006 -0.00302198 0.00108696 -0.00571429 0 -0.00273148 -0.00227382 -0.00555556 -0.000420168 -0.00619835 -0.00971564 -0.0131868 0.0117391 0.0181818 -0.000306279 0.0113861 -0.00128631 0.000839866 -0.00737179 -0.00306122 0.0016055 0.0134409 0.000192555 -0.00509554 -0.00896414 0.00376344 -0.0191057 0.00078125 -0.00510204 0.00669291 0.00882353 0.018932 -0.0102564 0.00443038 0.0178571 0.000276243 -0.003125 0.00070922 -0.00125926 -0.00558739 0.00337423 0.00522876 -0.0112335 0.0037037 -0.015896 -0.0112676 0.00454545 0.00175097 -0.00194175 0.00508475
internal_weight=3954 3913 270 208 149 62 3643 506 290 3137 953 216 150 2184 92 70 114 2160 2089 783 357 242 211 182 115 88 1306 101 1205 893 312 245 872 93 779 314 251 465 123 128 98 381 340 103 78 237 56 181 160 846 675 349 326 306 227 54 173 142 44 257 206 118
internal_count=3954 3913 270 208 149 62 3643 506 290 3137 953 216 150 2184 92 70 114 2160 2089 783 357 242 211 182 115 88 1306 101 1205 893 312 245 872 93 779 314 251 465 123 128 98 381 340 103 78 237 56 181 160 846 675 349 326 306 227 54 173 142 44 257 206 118
is_linear=0
shrinkage=0.05


Tree=85
num_leaves=63
num_cat=0
split_feature=6 15 0 16 1 1 6 13 2 16 4 13 8 8 2 2 13 9 5 5 1 4 2 4 9 8 0 16 9 0 1 9 12 7 16 1 16 16 13 7 1 0 0 0 13 5 13 6 6 8 8 1 12 12 2 16 2 0 16 9 8 0
split_gain=7.78244 4.57749 7.78725 5.84443 7.4542 9.53019 11.2045 8.09391 8.38621 7.31191 5.18393 5.03453 7.11548 5.46748 4.99277 4.93682 4.9255 4.82415 8.0823 7.73359 16.1502 7.0214 7.03612 6.89879 10.0006 5.21894 4.98701 4.59988 4.45196 4.28895 4.17314 4.05682 3.79487 8.88842 6.00417 8.89231 6.6877 8.23201 5.80156 5.08375 3.74012 13.5394 6.94286 5.84723 5.38211 4.97121 4.75812 4.26667 3.85708 6.64588 4.58636 4.9379 7.63385 8.73222 8.91253 11.9668 7.7089 7.07178 6.56567 9.73039 6.07744 5.37755
threshold=98.176410256410264 7.5000000000000009 10.441966700000002 372.50000000000006 20.500000000000004 6.5000000000000009 11.516202346041057 0.21751918158567776 17.500000000000004 6.5000000000000009 13.165074000000002 0.087337909992372245 15.447432237391185 13.024444500234905 47.500000000000007 37.500000000000007 0.06186224489795919 0.28669275929549903 5.7500000000000009 16.650000000000002 14.500000000000002 10.943318000000001 17.500000000000004 11.426078000000002 0.35252692626346321 11.175775237204787 11.522861450000002 250.50000000000003 0.24165739710789771 11.154141975000003 5.5000000000000009 0.15470085470085473 9.4691064210025786 31.050000000000004 -5.4999999999999991 10.500000000000002 4.5000000000000009 22.500000000000004 0.1993589743589744 11.050000000000002 4.5000000000000009 10.734886583333335 10.522861450000002 10.958796241666667 0.32449982449982456 18.650000000000002 0.27205442176870759 11.997826086956525 63.621232876712334 21.251200535559111 19.68339893346813 12.500000000000002 15.091931081798029 17.399180796358429 37.500000000000007 51.500000000000007 52.500000000000007 10.44924504166667 253.50000000000003 0.3874259381171824 16.01626245575746 11.108811808333334
decision_type=10 2 2 2 2 2 8 10 2 2 10 8 10 10 2 2 10 8 10 10 2 10 2 10 10 10 2 2 8 2 2 10 8 8 2 2 2 2 10 10 2 2 2 2 10 10 10 10 10 10 10 2 10 10 2 2 2 2 2 10 10 2
left_child=1 10 14 4 5 6 -4 8 -8 -6 16 -12 13 27 15 30 -1 18 26 23 -21 22 -20 -19 -25 -24 -7 32 -11 -9 -3 -27 39 -34 35 -35 -36 -38 -39 -13 41 42 45 -43 46 -18 -45 -46 49 50 51 52 56 60 55 -55 57 -42 -59 -60 -54 -53
right_child=-2 2 3 -5 9 17 7 29 -10 28 11 12 -14 -15 -16 -17 40 19 21 20 -22 -23 25 24 -26 31 -28 -29 -30 -31 -32 -33 33 34 36 -37 37 38 -40 -41 48 43 -44 44 47 -47 -48 -49 -50 -51 -52 61 53 54 -56 -57 -58 58 59 -61 -62 -63
leaf_value=-0.061660168923238501 0.043763556931500955 1.3794369972085718 -0.76154154769610527 1.4355905841128802 0.0017443050482345845 -0.50632758716712944 -0.19402762143030858 1.205972994248496 0.0067210816376369002 -0.32302260572068264 0.17928124416593755 0.0099403700972716461 -1.1612460321469233 0.41138864477260528 0.4927984861851421 -0.25544524259219303 0.041657512924855672 1.7350106382930364 -0.783993088964556 -0.65049007666392034 2.375939061046306 1.0804741035856831 1.2960402637770174 0.53031216617531474 -0.69326637455676665 0.33736166593246647 0.10224105242614315 -1.1533899399782155 -0.51790484778930446 -0.53728036061205542 0.039045068605448568 -0.36245208010814456 -1.8261751896186962 0.48825191601439272 0.080431954004037576 -0.6566827740225496 -0.53098110526054498 -0.040562170072457771 0.33705734888242872 0.47019486055995063 -0.4132364713222586 0.81837757560481783 -0.71250224422947728 0.15663486695865894 0.10770087647108628 -0.89401567723292352 -1.2912980181630762 1.4044685695960757 0.054546979604899806 -0.5553082624317901 0.72467478492037185 0.018260828202480251 -1.297985933120045 5.8632106700112541 -1.1387058260912386 -0.26874998892162127 0.085958716589416548 -0.063065899315279603 -0.49170644150697318 1.5199515787861722 -0.64896406497401748 -0.067553921996369587
leaf_weight=48 36 25 51 26 56 33 20 37 38 21 40 46 24 22 27 20 43 90 52 38 21 25 30 26 22 29 21 28 36 24 93 37 21 20 50 52 21 34 24 32 155 39 20 66 60 21 27 20 24 33 41 688 42 22 23 23 77 684 24 37 41 363
leaf_count=48 36 25 51 26 56 33 20 37 38 21 40 46 24 22 27 20 43 90 52 38 21 25 30 26 22 29 21 28 36 24 93 37 21 20 50 52 21 34 24 32 155 39 20 66 60 21 27 20 24 33 41 688 42 22 23 23 77 684 24 37 41 363
internal_value=-0.000919627 -0.00113145 0.00200445 -0.000204638 -0.00106082 0.00117845 -0.00882353 -0.000420168 -0.0137931 -0.0128319 -0.00205931 0.0031401 0.0013369 0.00314286 0.0118182 0.00797101 -0.00288058 0.00518868 0.000220264 0.0109137 -0.00423729 0.00549133 0.00135135 0.0173913 0.00208333 0.009375 -0.0166667 0.00152439 -0.0254386 0.0122951 0.0118644 0.00151515 0.00333333 0 0.00323383 -0.00833333 0.00968992 0.000632911 0.0103448 0.0128205 -0.00258453 0.0027027 -0.0142857 0.00943396 0.00549133 -0.00625 -0.00268817 0.015 -0.00327185 -0.00348424 -0.00315315 -0.00346489 -0.00576241 -0.0162252 -0.00294118 0.01 -0.00414534 -0.00544444 -0.00342282 0.0122951 -0.0271084 -0.000999049
internal_weight=3969 3933 898 733 707 594 170 119 58 113 3035 414 374 350 165 138 2621 424 227 197 59 173 148 138 48 96 54 328 57 61 118 66 300 222 201 72 129 79 58 78 2573 296 84 212 173 64 93 80 2277 2253 2220 2179 1128 151 68 45 977 900 745 61 83 1051
internal_count=3969 3933 898 733 707 594 170 119 58 113 3035 414 374 350 165 138 2621 424 227 197 59 173 148 138 48 96 54 328 57 61 118 66 300 222 201 72 129 79 58 78 2573 296 84 212 173 64 93 80 2277 2253 2220 2179 1128 151 68 45 977 900 745 61 83 1051
is_linear=0
shrinkage=0.05


Tree=86
num_leaves=63
num_cat=0
split_feature=10 11 16 13 10 8 1 12 5 5 16 5 4 4 14 6 10 9 9 10 1 11 16 13 1 4 12 6 10 4 12 5 16 11 1 10 0 16 4 5 12 9 11 12 11 10 10 9 5 9 9 14 5 16 13 6 5 2 5 10 6 10
split_gain=7.98067 6.02367 10.2689 15.2284 8.40832 5.17264 5.07068 6.10261 4.51543 9.20768 8.2676 8.25191 5.5825 5.22195 6.88054 5.58006 5.51462 6.40661 8.56612 6.84878 4.98257 10.3102 14.0067 9.84391 10.7143 4.77583 4.61385 4.45873 4.28614 10.6696 6.95835 9.53079 7.27706 7.23147 5.81401 5.71541 5.57101 7.06527 5.33333 5.12483 5.01818 4.74624 5.03095 6.03068 5.65385 4.70392 7.6501 5.59797 4.30234 4.85272 4.24242 4.10112 7.17037 3.94398 4.25627 3.8784 3.82009 3.77143 3.53224 3.4665 5.18692 4.82786
threshold=70.208245877061486 66.950000000000017 188.50000000000003 0.27475490196078439 22.745818048422603 17.473903255442128 16.500000000000004 12.882530564224822 35.45000000000001 37.45000000000001 -34.499999999999993 33.850000000000001 6.1303240000000008 1833.3716805000001 90.000000000000014 26.291552795031059 12.114473684210525 0.12579113924050636 0.2487113402061856 20.475274725274726 20.500000000000004 45.45000000000001 133.50000000000003 0.77888888888888907 21.500000000000004 3770.4026725000008 11.202224443795261 21.168434343434345 17.269304556354921 4.0054830000000008 14.313561214801272 0.95000000000000007 35.500000000000007 48.45000000000001 15.500000000000002 20.095039215686281 11.397078316666668 24.500000000000004 3.8354865000000005 27.250000000000004 14.610962235504106 0.080322580645161304 48.250000000000007 13.798584683691056 58.050000000000004 17.031271526980486 16.662280701754387 0.091966173361522213 23.950000000000003 0.32866927592954992 0.28474903474903479 1.0000000180025095e-35 1.9500000000000002 -29.499999999999996 0.28368293666801131 21.629824561403513 48.150000000000013 27.500000000000004 18.050000000000004 15.995138888888892 16.168258064516131 15.812205882352943
decision_type=10 10 2 10 10 10 2 10 10 8 2 8 10 10 10 8 8 8 10 10 2 10 2 8 2 10 10 10 10 10 10 10 2 10 2 10 2 2 10 10 10 10 10 10 10 10 10 8 10 10 10 8 10 2 10 10 10 2 10 10 8 10
left_child=1 8 3 4 -3 -6 7 -2 11 -10 -11 20 -13 14 15 27 -16 -18 19 56 28 22 23 24 26 -15 -22 -12 30 39 33 38 57 45 36 -36 41 -38 -32 48 -34 -31 43 -43 -44 46 47 -1 49 -30 -26 52 -49 -35 -55 -37 -19 -33 -23 61 -61 -53
right_child=6 2 -4 -5 5 -7 -8 -9 9 10 13 12 -14 25 16 -17 17 18 -20 -21 21 58 -24 -25 50 -27 -28 -29 29 34 31 32 40 53 35 55 37 -39 -40 -41 -42 42 44 -45 -46 -47 -48 51 -50 -51 -52 59 -54 54 -56 -57 -58 -59 -60 60 -62 -63
leaf_value=-0.5885728945105474 -0.025622877039901584 -3.0667220363575503 -0.94574761644368821 1.5416066798760071 0.037553123038119612 -0.51055662742644292 0.063172211437085943 0.087787837404942434 0.88798358001211986 -1.4742503089479984 1.1615327930647934 -1.1445656834091718 0.10271212611264353 -0.096129333618298854 2.2747412356526939 0.64466071360663191 -0.33228546170759721 -0.82353355037871701 -0.43865125865022458 2.129633110668423 -0.88554115220766405 -0.067898557588971717 -1.0972448628724474 -0.30629866852129556 0.22334443266642376 0.091025314171669133 0.28886612834684122 -0.27544226000024352 0.46352800740464239 0.059494440574840726 -0.1073577878237412 -2.0193752473710931 -0.66108449372438383 0.55175704804957915 0.92414197343122173 -0.31928921805535604 0.37473850107729806 -0.27410274576020299 0.7426531177857314 1.0028859554033998 -0.014787890445599583 -0.57212420511048101 -0.91130755061764435 0.22636698550864837 -1.4112654716693027 -1.1227891219532393 0.72920798673333553 -0.053119391814403998 -0.16479381402069634 -0.91387886027058962 0.53690252766062496 -0.012399062610794332 1.210660182072768 -0.068787419779316752 0.79750353804421159 0.28838027617329626 0.081948878051204016 -0.9340074948662086 -0.37419247539082362 0.78203013529751786 -0.065178254264522575 -0.96337572229545931
leaf_weight=47 26 22 23 25 34 48 21 45 51 30 36 43 21 37 23 33 22 29 35 30 22 43 22 24 22 26 20 20 146 21 21 22 20 25 37 20 29 40 28 28 46 21 26 23 24 20 36 30 27 26 20 2067 24 23 54 29 23 20 26 37 46 31
leaf_count=47 26 22 23 25 34 48 21 45 51 30 36 43 21 37 23 33 22 29 35 30 22 43 22 24 22 26 20 20 146 21 21 22 20 25 37 20 29 40 28 28 46 21 26 23 24 20 36 30 27 26 20 2067 24 23 54 29 23 20 26 37 46 31
internal_value=-0.000425425 -0.000768443 -0.0105263 -0.00503876 -0.0134615 -0.00609756 0.0141304 0.00774648 -0.000373134 0.00468354 0.00174419 -0.000968126 -0.01875 0.00414013 0.00737052 0.0185393 0.00123457 -0.00251799 0.00213675 0.0109756 -0.000622533 -0.00829146 0 0.00740741 0.0154762 -0.00873016 -0.00238095 0.00892857 -0.000129282 0.00412475 -0.000943396 -0.0111465 -0.0194444 -0.000286885 -0.00259259 0.00813953 -0.0076087 0.00362319 0.00714286 0.0121145 -0.00909091 -0.0143478 -0.0191489 -0.00681818 -0.03 -0.000855432 -0.00064711 -0.00100789 0.00929648 0.0122093 0.0333333 -0.00064877 0.012963 0.0127451 0.00714286 -0.00306122 0 -0.0357143 -0.023913 -0.000985786 0.00903614 -0.00138227
internal_weight=3996 3904 152 129 104 82 92 71 3752 395 344 3357 64 314 251 89 162 139 117 82 3293 199 130 108 84 63 42 56 3094 497 2597 157 108 2440 270 86 184 69 49 227 66 115 94 44 50 2338 2318 2282 199 172 42 2235 54 102 77 49 52 42 69 2181 83 2098
internal_count=3996 3904 152 129 104 82 92 71 3752 395 344 3357 64 314 251 89 162 139 117 82 3293 199 130 108 84 63 42 56 3094 497 2597 157 108 2440 270 86 184 69 49 227 66 115 94 44 50 2338 2318 2282 199 172 42 2235 54 102 77 49 52 42 69 2181 83 2098
is_linear=0
shrinkage=0.05


Tree=87
num_leaves=63
num_cat=0
split_feature=6 15 7 6 8 13 6 5 6 4 7 4 5 6 0 0 7 9 8 12 13 6 6 4 5 16 16 12 7 12 5 16 6 10 13 8 16 16 11 16 8 8 13 8 8 8 12 14 12 10 11 13 5 0 7 6 8 9 10 8 8 13
split_gain=5.48726 5.88893 9.27978 7.17646 6.09921 7.8172 9.12668 8.98574 8.37959 6.6371 6.51347 5.69712 6.34664 5.66648 5.51609 8.11611 6.48617 6.16577 7.92627 8.62687 5.86208 5.36002 6.76987 5.45484 9.50963 5.39471 9.12958 7.33181 8.01818 6.91005 5.3384 5.2961 5.19256 5.99762 6.04866 5.10895 4.80792 4.82799 6.67898 6.11835 4.76442 4.76023 4.66667 8.13581 4.64926 5.2045 5.64776 4.36623 4.35782 8.44979 10.377 8.21555 7.92761 7.59888 13.0239 4.5026 4.87013 4.32614 7.5731 6.36164 5.60227 4.23829
threshold=87.846797657283233 7.5000000000000009 47.050000000000004 22.576842105263161 8.6179601926492122 0.28519290928050056 7.2614509246088206 15.850000000000003 4.6630434782608701 9.7657680000000031 25.050000000000004 2055.5054830000004 53.100000000000009 4.1255555555555565 10.61197581666667 11.237888300000002 32.45000000000001 0.10102040816326532 11.333908997188308 11.132106326592909 0.33447488584474888 12.208624708624709 11.196324823943664 6.3092830000000006 8.6500000000000004 -13.499999999999998 35.500000000000007 11.567646133065079 41.850000000000001 11.738657992187774 4.4500000000000011 250.50000000000003 2.3907407407407413 4.974166666666668 0.45867486338797819 12.473443072260828 181.50000000000003 119.50000000000001 26.950000000000003 102.50000000000001 14.264231586046746 8.9718731969145384 0.25979138971264959 13.882500645492572 8.9184622137068406 9.2250352883292539 11.039059205210171 150.00000000000003 10.044194702714677 14.179508196721313 40.050000000000004 0.2553968007454574 12.65 11.950360425000001 37.750000000000007 12.993589743589746 10.232396005223491 0.20864427860696519 9.4975409836065587 10.535999326284776 10.859668826372378 0.18148880105401846
decision_type=10 2 10 10 10 8 10 10 10 10 10 10 10 10 2 2 10 10 10 10 10 10 10 10 10 2 2 10 10 10 10 2 8 8 10 10 2 2 8 2 10 10 10 10 10 10 10 10 10 10 10 10 10 2 10 10 10 10 10 10 10 10
left_child=1 2 3 4 5 7 8 10 13 -9 -1 12 32 31 21 16 44 -18 57 -20 42 22 23 24 -6 29 -27 -28 -29 -23 -8 36 -3 -34 -35 -2 37 39 -39 -7 41 -17 43 -21 -16 -46 -47 -33 51 53 -51 -43 -52 -50 55 56 -55 59 -59 -19 -60 -4
right_child=35 11 61 -5 14 6 30 9 -10 -11 -12 -13 -14 -15 15 40 17 18 19 20 -22 25 -24 -25 -26 26 27 28 -30 -31 -32 47 33 34 -36 -37 -38 38 -40 -41 -42 48 -44 -45 45 46 -48 -49 49 50 52 -53 -54 54 -56 -57 -58 58 60 -61 -62 -63
leaf_value=0.083539424157595216 0.014229307830310935 -0.28529970645632075 -0.13631335816155712 0.23527367549020017 0.017902361211004525 0.016935891082059309 -1.3062536288514837 -0.46420596718188567 0.42516188744008937 0.38810914763744198 0.96957660563266546 -0.05065775317657311 1.1023555764729809 -1.4563941810390348 0.26823333349920592 -1.1262397785672811 -0.55914424978501998 0.65504532127312087 -1.4559520386168749 -0.014999089816195335 0.64551171083219028 0.57169137959014404 -1.2549744081955296 0.072598428621741956 -1.2017497921065072 -0.36466813724192071 -0.35726266604846446 0.84934883235958392 -0.29864644607154139 -0.64965045631711194 -0.14193678315653299 -0.74984937180325351 0.63419437596031969 0.038102393536101613 -0.69528206201842702 0.16007917560511276 1.9467943933399092 -1.1102963712117817 0.030358029784120791 1.4889460352597927 -1.0865135758293516 -0.32987953485786542 -0.92889720480571669 0.48005417401125322 -0.8328838128021282 0.013450443785220756 -0.34634336466882093 0.12106175668776611 -1.9723853459088674 0.74619203181364235 0.021540136033540325 0.56132551070857895 -0.30421380408797999 -0.6654865605442587 0.31904867144083637 -1.7673181797070976 0.090521093513498491 -0.088955382377208819 1.8150783927419227 -0.15636243768016556 0.43298305127657805 -0.11658825180504806
leaf_weight=37 55 72 151 60 26 586 22 25 65 23 51 45 21 23 26 25 23 32 30 94 58 48 38 38 21 55 43 36 30 58 64 35 38 681 71 23 29 26 21 20 26 26 63 32 20 53 25 20 48 46 53 49 70 20 24 29 22 20 49 21 29 341
leaf_count=37 55 72 151 60 26 586 22 25 65 23 51 45 21 23 26 25 23 32 30 94 58 48 38 38 21 55 43 36 30 58 64 35 38 681 71 23 29 26 21 20 26 26 63 32 20 53 25 20 48 46 53 49 70 20 24 29 22 20 49 21 29 341
internal_value=-0.000311643 -0.000572082 -0.00164725 -0.000417827 -0.000835711 0.00205349 0.000384193 0.0132353 0.002 -0.00416667 0.0227273 0.00290948 0.00379388 0.000526316 -0.0029872 -0.00103653 0.00286957 0.0056541 0.00700935 0.00198556 0.00506073 -0.00801527 -0.0166667 -0.00882353 -0.0202128 -0.00407407 -0.0097561 -0.00137615 0.00909091 0.00471698 -0.0151163 0.00128901 0.00313225 0.0043038 0.00332447 0.0128205 0.00249267 0.00160796 -0.0138298 0.00280528 -0.00616438 -0.00485437 0.000793651 0.00634921 -0.00725806 -0.0122449 -0.00641026 -0.0136364 -0.00348837 -0.00608974 0.00147929 0.00733333 -0.00609756 -0.015035 -0.00684211 -0.0176056 -0.00714286 0.0162252 0.022449 0.00471698 0.0294872 -0.00792683
internal_weight=4011 3933 3005 2513 2453 1047 911 136 825 48 88 928 883 760 1406 1013 575 451 428 277 247 393 123 85 47 270 164 109 66 106 86 737 862 790 752 78 682 653 47 606 438 412 189 126 124 98 78 55 387 312 169 75 123 143 95 71 42 151 98 53 78 492
internal_count=4011 3933 3005 2513 2453 1047 911 136 825 48 88 928 883 760 1406 1013 575 451 428 277 247 393 123 85 47 270 164 109 66 106 86 737 862 790 752 78 682 653 47 606 438 412 189 126 124 98 78 55 387 312 169 75 123 143 95 71 42 151 98 53 78 492
is_linear=0
shrinkage=0.05


Tree=88
num_leaves=63
num_cat=0
split_feature=6 16 16 14 8 14 15 7 6 13 1 9 15 0 12 4 4 6 4 8 16 16 16 0 0 0 0 4 10 8 9 13 16 15 16 4 12 13 7 4 6 4 4 10 10 0 16 16 4 6 4 4 6 6 6 0 8 7 10 6 9 9
split_gain=4.48651 3.4183 3.19072 5.80531 9.31282 7.25104 6.57725 6.73192 8.92333 10.1526 8.9497 7.61135 7.56994 5.66372 7.26078 4.92298 6.48155 5.58499 6.52257 7.0759 6.86876 9.02975 6.46212 7.63717 8.64505 5.85353 7.01293 5.68049 5.46829 5.82256 5.39568 6.80485 5.08292 5.04542 4.77794 8.44421 7.33914 4.76489 7.05129 6.61824 5.12411 7.25104 4.60066 4.88981 5.48571 4.57167 4.56068 8.79395 4.81727 8.02076 4.46204 4.44874 7.58442 5.3134 6.54051 4.4352 4.43223 4.33364 6.61673 6.41251 7.15298 7.38541
threshold=98.176410256410264 -234.49999999999997 76.500000000000014 270.00000000000006 14.983452898816823 750.00000000000011 1.5000000000000002 46.050000000000004 18.422413793103452 0.21606265356265361 20.500000000000004 0.3874259381171824 8.5000000000000018 10.397078316666668 15.806140119949474 4.2400190000000011 2.0757620000000006 11.146056547619049 12.745393500000002 16.479784819694132 20.500000000000004 -3.4999999999999996 47.500000000000007 10.125757558333335 10.397078316666668 10.857762616666669 10.958796241666667 14.121639000000002 11.727766798418974 8.4494020776735983 0.096006144393241177 0.17967164729754662 31.500000000000004 3.5000000000000004 -4.4999999999999991 2.8354865000000005 14.490469530855608 0.17664992826398854 48.95000000000001 5.0054830000000008 17.409615384615389 5.9433180000000005 3.7886000000000002 12.807636363636366 15.14799749687109 11.719983033333335 372.50000000000006 215.50000000000003 1.0054830000000001 10.944097222222224 5.1025600000000013 10.943318000000001 8.0520833333333339 7.9191111111111123 0.75533223954060713 11.719983033333335 11.069093424185928 31.950000000000003 5.336477987421385 14.213846153846156 0.17262664963814392 0.13906469760900145
decision_type=10 2 2 10 8 10 2 10 10 10 2 10 2 2 8 10 10 10 10 10 2 2 2 2 2 2 2 10 10 8 10 10 2 2 2 10 10 10 10 10 10 10 10 10 10 2 2 2 10 10 10 10 10 10 10 2 8 10 10 8 10 10
left_child=1 -1 15 6 5 55 -4 8 10 -10 12 37 13 -8 46 16 32 28 22 20 21 27 23 -19 -25 -26 -27 -20 50 -30 -28 -32 33 -3 42 36 -36 39 -39 -9 -40 -42 -18 -44 -45 -37 47 48 49 -15 -17 53 -53 54 -52 -5 -31 58 -35 -59 61 -61
right_child=-2 2 3 4 -6 -7 7 11 9 -11 -12 -13 -14 14 -16 17 34 18 19 -21 -22 -23 -24 24 25 26 30 -29 29 56 31 -33 -34 57 35 45 -38 38 40 -41 41 -43 43 44 -46 -47 -48 -49 -50 -51 51 52 -54 -55 -56 -57 -58 59 -60 60 -62 -63
leaf_value=1.3271642903802148 0.043966013628897474 -0.40595196540636569 -0.38689088541894617 -0.13149012093185916 0.36356725751403052 0.0038333445776174814 1.1123623047475022 -0.63617539210736629 3.032888877956732 0.00014889743173398531 -0.60573899964656785 -1.3586447245175155 3.0197065158289913 1.3892598233010844 -0.19015193801022706 -0.5353802757063848 -0.120720953741926 -0.4294936363380199 1.343081580790203 -0.36890822248224542 0.81159606815570706 -0.14406575557092102 -0.44773133371302659 0.46076977264997637 -1.1050443054368473 0.5109282452987074 -0.11746169825051063 -0.27913601353727946 1.5573076641453838 -0.25991583620338138 0.29014778789001883 -0.076161581850585594 -0.16961489288020709 -0.13342075762495362 0.88806655740769291 0.10534506798498332 0.21995291268908571 -0.44915643396899746 -0.30017884707553155 0.0018277897672643207 1.793834378232112 -0.042071756729226299 0.18230995618847812 -1.0146046328957201 0.39806624833654808 -0.28327189099171424 1.1251199121371329 -0.31018205865955473 0.038598552881182968 0.0037332873192873709 0.11138695607000706 -0.020719918165143538 -0.66051795891750564 0.32112878703446851 -0.15971341514372706 -0.63036017815312462 0.15109770187505062 -0.22281568004514041 0.32601108361242787 0.0066724465677467041 0.1423998296953066 -0.30794364421266351
leaf_weight=27 36 45 26 26 25 29 77 33 34 31 40 34 26 27 34 36 145 38 27 32 37 27 77 37 149 34 41 34 20 26 51 219 124 53 41 138 26 56 28 32 68 46 26 20 28 51 42 162 418 31 117 340 23 53 71 48 30 79 73 65 125 37
leaf_count=27 36 45 26 26 25 29 77 33 34 31 40 34 26 27 34 36 145 38 27 32 37 27 77 37 149 34 41 34 20 26 51 219 124 53 41 138 26 56 28 32 68 46 26 20 28 51 42 162 418 31 117 340 23 53 71 48 30 79 73 65 125 37
internal_value=-0.000905483 -0.00106383 -0.00118448 0.000764749 -0.009375 -0.0160194 0.00180723 0.00233798 0.00444685 0.0223077 0.00309218 -0.00420875 0.00422277 0.00335019 0.00196078 -0.0022158 0.000371747 -0.00404872 -0.00691158 0.0022293 0.0076 0 -0.00913313 -0.0072935 -0.00574388 -0.00748988 -0.00391304 0.0106557 -0.000837989 0.0118421 -0.0062701 -0.0037037 -0.0030782 -0.000733753 0.00473684 0.009375 0.0246269 -0.0013308 0.00252525 -0.0130769 0.0084507 0.0131579 -0.000684932 0.00945946 0 0.00396825 0.00308824 0.00203762 0.00546218 0.0189655 -0.00234375 -0.0013245 -0.00482094 0.00394191 0 -0.0243243 0.00357143 0.000925926 0.00873016 -0.00228758 0.00198238 -0.00784314
internal_weight=4031 3995 3968 1373 128 103 1245 1219 922 65 857 297 817 791 714 2595 1076 1519 803 157 125 88 646 569 531 494 345 61 716 76 311 270 601 477 475 256 67 263 198 65 142 114 219 74 48 189 680 638 476 58 640 604 363 241 188 74 56 432 126 306 227 102
internal_count=4031 3995 3968 1373 128 103 1245 1219 922 65 857 297 817 791 714 2595 1076 1519 803 157 125 88 646 569 531 494 345 61 716 76 311 270 601 477 475 256 67 263 198 65 142 114 219 74 48 189 680 638 476 58 640 604 363 241 188 74 56 432 126 306 227 102
is_linear=0
shrinkage=0.05


Tree=89
num_leaves=63
num_cat=0
split_feature=5 5 13 0 15 7 1 2 9 11 2 8 13 8 7 1 15 16 10 10 10 7 1 7 1 5 5 16 8 11 8 12 12 7 8 13 9 5 5 5 9 9 16 9 9 9 2 15 13 5 16 16 10 5 15 11 13 1 13 13 13 15
split_gain=4.76293 11.0073 7.76766 7.86323 6.62329 5.68628 5.33147 6.18669 9.22753 6.29194 6.1985 5.88113 6.56545 6.06181 4.99354 4.50572 4.40023 8.884 8.57308 4.81998 5.60029 6.34899 4.81007 11.3366 11.6255 7.56364 6.50938 4.49766 4.45714 4.31447 4.05751 7.94118 5.60303 4.03333 3.76209 8.41142 8.04991 4.52956 10.1012 4.78069 4.50066 7.48505 5.54219 6.00177 8.82412 7.6789 7.35408 7.21491 8.53559 7.12588 4.87783 7.35832 7.51185 6.22944 6.20465 5.49362 5.13778 4.60041 8.24086 4.54825 5.76506 7.13173
threshold=35.45000000000001 34.050000000000004 0.28647416413373866 10.950360425000001 4.5000000000000009 39.95000000000001 18.500000000000004 7.5000000000000009 0.42052631578947369 48.250000000000007 22.500000000000004 14.745378600987939 0.27205442176870759 11.10693730118073 41.95000000000001 14.500000000000002 7.5000000000000009 94.500000000000014 13.725082146768896 17.489712732919259 12.570324777370352 30.950000000000003 6.5000000000000009 27.350000000000005 12.500000000000002 5.2500000000000009 14.350000000000003 215.50000000000003 10.392636395194033 53.95000000000001 7.0043762753119427 1.138989486658547 10.662318758813123 112.50000000000001 8.1274044343350855 0.24253565062388596 0.30860805860805868 10.250000000000002 6.0500000000000007 3.7500000000000004 0.65108695652173931 0.45889639639639646 -170.49999999999997 0.30860805860805868 0.28669275929549903 0.31851119894598162 12.500000000000002 6.5000000000000009 0.4254096356077281 11.850000000000003 297.50000000000006 146.50000000000003 22.421240601503765 31.950000000000003 5.5000000000000009 60.750000000000007 0.22742946708463954 8.5000000000000018 0.29431909750201457 0.35747051114023598 0.68927203065134113 5.5000000000000009
decision_type=8 10 10 2 2 10 2 2 10 8 2 8 10 10 10 2 2 2 10 8 10 10 2 8 2 10 10 2 10 10 10 10 10 8 10 8 8 10 10 10 10 10 2 10 10 10 2 2 8 10 2 2 10 10 2 10 10 2 10 10 10 2
left_child=1 6 4 29 15 -3 16 8 9 -8 -9 12 13 -12 -15 33 34 18 22 20 21 -19 25 -24 28 -18 -26 -22 -25 -4 31 -14 -32 -2 35 -1 -37 38 39 -38 41 42 -36 44 50 -45 -47 57 49 -49 51 52 53 -44 -54 -56 -52 -48 -59 -43 61 -61
right_child=2 5 3 -5 -6 -7 7 10 -10 -11 11 -13 30 14 -16 -17 17 19 -20 -21 27 -23 23 24 26 -27 -28 -29 -30 -31 32 -33 -34 -35 40 36 37 -39 -40 -41 -42 59 43 45 -46 46 47 48 -50 -51 56 -53 54 -55 55 -57 -58 58 -60 60 -62 -63
leaf_value=0.41698565263542914 -0.025953905983723182 -0.694294185674033 0.6333765132059388 1.3111203594543761 -0.023133641474281676 -1.4308478781903902 4.9744704847726613 -0.47568104893795038 -0.27147970016915102 -0.0028173889014605717 1.4902583810471268 -0.15079064712929685 -0.70222071658106899 -0.32643757244398941 0.024385806300288949 0.080621997918357918 -0.71384678525719358 0.02544167943475344 0.075483718014591403 3.1272658737442969 1.1753363941113779 1.1895572271123882 0.43388988742593448 -0.12652086517844269 -0.039940326565819362 -0.057306920277936158 -1.399719300263299 -0.72022290884389695 1.1415099687640222 -0.74359970450635804 -1.5276052101978401 0.80117243098796365 -0.15815676304280296 0.17893295310146659 -1.2028461409824942 -0.72916897812123438 0.0013069086973866108 0.1800888143766235 -0.69505296004441153 2.4157324158278031 -1.5364574615001065 -0.06424094080832532 -0.094289314636838387 -0.91436261697211174 0.30971052943180644 -0.32332291779394179 0.019697874079366785 3.8822459980168342 -0.5788575661198152 -0.023231508950978252 -1.2335413684317076 0.42460365279420531 1.6910628005035275 0.085510951547192349 0.39210840682166082 -0.36184527015411511 0.30090428331114083 0.090295754982035181 -0.84246348583119757 0.001469778465173821 -0.24566452278665338 0.76110557358523401
leaf_weight=61 40 20 32 58 315 29 27 122 32 24 31 50 34 20 27 47 33 27 213 22 26 23 46 21 41 45 27 20 39 21 20 20 24 20 37 32 527 90 48 20 21 25 692 36 95 100 55 51 21 43 25 123 20 21 24 33 20 25 81 28 20 49
leaf_count=61 40 20 32 58 315 29 27 122 32 24 31 50 34 20 27 47 33 27 213 22 26 23 46 21 41 45 27 20 39 21 20 20 24 20 37 32 527 90 48 20 21 25 692 36 95 100 55 51 21 43 25 123 20 21 24 33 20 25 81 28 20 49
internal_value=-0.0013063 -0.00197935 0.00309568 0.0148649 0 -0.0255102 -0.00164388 -0.00684455 0.00542169 0.0186275 -0.00977011 -0.00486726 -0.000568182 0.0102564 -0.00106383 0.0107477 -0.000898204 0.00300172 -0.000107527 0.0152542 0.0104167 0.022 -0.00634921 -0.00172414 -0.009375 -0.0166667 -0.0235294 -0.00217391 0.00666667 0.000943396 -0.00918367 0 -0.0204545 0.00166667 -0.00183657 0.00102828 -0.000488145 0.000656934 -0.00092437 0.00100548 -0.00319149 -0.00289409 -0.00386152 -0.00337884 -0.00137702 -0.00849515 -0.00638298 -0.00217391 0.0073913 0.0138298 -0.00281837 -0.00202629 -0.00379747 -0.00539972 0.011039 0.00263158 -0.0188889 -0.00900621 -0.0150943 0.00901639 0.0139175 0.0201299
internal_weight=4019 3486 533 111 422 49 3437 431 83 51 348 226 176 78 47 107 3006 583 465 118 96 50 252 174 128 78 68 46 60 53 98 54 44 60 2423 778 717 685 595 547 1645 1624 1502 1465 1053 412 376 276 115 94 958 913 790 713 77 57 45 161 106 122 97 77
internal_count=4019 3486 533 111 422 49 3437 431 83 51 348 226 176 78 47 107 3006 583 465 118 96 50 252 174 128 78 68 46 60 53 98 54 44 60 2423 778 717 685 595 547 1645 1624 1502 1465 1053 412 376 276 115 94 958 913 790 713 77 57 45 161 106 122 97 77
is_linear=0
shrinkage=0.05


Tree=90
num_leaves=63
num_cat=0
split_feature=13 8 13 16 16 16 10 0 7 6 13 13 13 2 8 1 8 11 9 6 1 16 14 1 1 16 10 6 0 1 1 6 2 8 15 12 12 1 6 1 2 12 2 16 7 7 16 0 0 14 9 16 13 6 15 15 2 0 0 1 14 9
split_gain=6.90306 4.44449 3.98399 6.96132 7.38832 6.96726 5.35497 5.07434 7.52323 5.44784 6.44655 7.42029 6.4307 4.87184 6.99681 10.2569 10.5935 7.58745 5.88914 7.59778 6.51905 5.69907 6.63579 7.13539 8.01609 6.12352 5.00335 8.7535 5.20919 4.93524 9.48948 6.54096 6.48608 9.12594 7.81777 8.37038 6.19246 6.90657 6.36893 5.25969 8.2401 6.03928 5.58781 7.95937 6.4905 8.01235 6.64477 6.1775 5.81542 8.19335 6.31969 7.48072 6.54954 7.954 6.11914 5.90927 5.12031 5.01291 14.4211 5.41769 8.55302 6.38052
threshold=1.0000000180025095e-35 7.8029335285099872 0.12933094384707292 211.50000000000003 150.50000000000003 108.50000000000001 28.343463569986021 10.237888300000002 61.050000000000004 21.472916666666666 0.23646138807429132 0.17407773386034259 0.37573529411764711 12.500000000000002 10.950394349348167 5.5000000000000009 11.39944031379021 62.550000000000004 0.48435972629521024 14.213846153846156 13.500000000000002 -45.499999999999993 90.000000000000014 13.500000000000002 11.500000000000002 -113.49999999999999 13.216226708074535 8.7390940766550536 10.932213500000001 6.5000000000000009 10.500000000000002 23.271859605911335 32.500000000000007 12.177315912783026 6.5000000000000009 11.273366537679339 11.202224443795261 9.5000000000000018 9.6173076923076941 11.500000000000002 27.500000000000004 11.699348083862629 22.500000000000004 162.50000000000003 27.350000000000005 32.45000000000001 20.500000000000004 12.040689041666669 11.932213500000001 210.00000000000003 0.15470085470085473 75.500000000000014 0.35145692567567571 11.261387163561078 5.5000000000000009 5.5000000000000009 42.500000000000007 10.857762616666669 10.984724408333335 4.5000000000000009 210.00000000000003 0.29061583577712619
decision_type=8 8 10 2 2 2 8 2 10 10 10 10 10 2 8 2 8 10 8 10 2 2 10 2 2 2 10 10 2 2 2 8 2 10 2 10 10 2 10 2 2 10 2 2 8 10 2 2 2 8 10 2 10 10 2 2 2 2 2 2 10 10
left_child=1 -1 3 4 5 6 -2 8 9 10 11 -4 -12 14 21 -16 -17 18 19 20 -18 25 26 24 -24 -9 27 28 -23 31 32 57 -31 34 36 -36 37 38 -34 40 -32 -42 43 44 46 -46 -41 48 49 50 -44 -52 54 -54 -53 -50 -56 -15 -59 61 -61 -60
right_child=2 -3 7 -5 -6 -7 -8 13 -10 -11 12 -13 -14 29 15 16 17 -19 -20 -21 -22 22 23 -25 -26 -27 -28 -29 -30 30 39 -33 33 -35 35 -37 -38 -39 -40 42 41 -43 47 -45 45 -47 -48 -49 55 -51 51 52 53 -55 56 -57 -58 58 59 60 -62 -63
leaf_value=-0.0065875022639384417 -0.36082810442711022 0.12467747111420618 0.07966483385246069 2.2035895731726804 -0.6224364695799286 0.7254621083050955 -0.0058633336873152855 -0.017377434704011385 -1.8154414319055481 1.4299098199941405 0.80476925282968359 -0.66142953162550278 0.032905928371361172 -0.49540489952504868 0.58593533893072802 0.59959522890001116 -1.4967831406965399 -0.93362912075698257 0.48955937165439745 -0.016564411908399457 -0.064641323680077092 -0.061404941688059017 -0.33990166110298164 -0.31382864450279629 0.59433953206544932 -2.8350946059124902 0.83435681992593447 -0.33430090143903429 0.45869782170764922 0.34925914404559111 0.030583289053255316 1.0964245600485896 -0.02891405594853751 -0.77878683930166304 1.7806001766608697 -0.0119465184015791 0.28303683620565517 2.4316616876594326 -1.7050405592508213 -0.13660442168503603 -0.026913932662487917 -1.3881706534344422 0.37529666081469854 -0.53480098312913305 -1.6332792172482724 -0.022069933503429697 0.67247559264463674 -0.14245821551661103 -0.064975276169278826 0.57142324227289143 -0.10106731365658535 -0.4494912739099956 0.036090876478366243 2.2546733177461107 0.64148567509340637 0.25662240459569186 -0.24610097476815299 0.69027908676699701 -0.110431931264271 -1.0684764256396115 0.098347354705715498 0.059462193572803558
leaf_weight=28 127 64 23 31 21 24 263 30 22 31 87 46 133 130 59 41 28 24 21 193 32 33 92 74 22 33 28 21 31 219 55 36 29 85 51 22 22 21 23 27 40 62 76 55 24 131 32 113 33 42 325 24 83 30 41 63 33 78 75 95 27 95
leaf_count=28 127 64 23 31 21 24 263 30 22 31 87 46 133 130 59 41 28 24 21 193 32 33 92 74 22 33 28 21 31 219 55 36 29 85 51 22 22 21 23 27 40 62 76 55 24 131 32 113 33 42 325 24 83 30 41 63 33 78 75 95 27 95
internal_value=-0.000492549 0.0130435 -0.000814585 -0.00515021 -0.00678161 -0.00531401 -0.00692308 -0.000220523 0.00555556 0.0075 0.00536332 -0.00797101 0.00954545 -0.000866296 -0.00433071 0.000251256 -0.00309735 -0.00637584 -0.0040146 -0.00612648 -0.0216667 -0.00934066 -0.00647841 -0.012234 -0.00438596 -0.0230159 0.00309735 -0.00294118 0.00625 0.000282978 0.00156161 -0.00391791 0.00762712 0.00217391 0.00892857 0.0212329 -0.000526316 -0.00753425 -0.0173077 -0.000659426 -0.00923567 -0.0176471 0.000530035 -0.00576208 -0.00140187 -0.00677419 0.0127119 0.00249131 0.00413333 0.00244648 0.000980392 -0.000932836 0.0063981 0.0146018 -0.00306122 0.015625 0.00405405 -0.0054 -0.00243243 -0.00753425 -0.0155738 -0.00176471
internal_weight=3959 92 3867 466 435 414 390 3401 342 320 289 69 220 3059 762 398 339 298 274 253 60 364 301 188 114 63 113 85 64 2297 1761 536 472 253 168 73 95 73 52 1289 157 102 1132 269 214 155 59 863 750 654 612 536 211 113 98 96 74 500 370 292 122 170
internal_count=3959 92 3867 466 435 414 390 3401 342 320 289 69 220 3059 762 398 339 298 274 253 60 364 301 188 114 63 113 85 64 2297 1761 536 472 253 168 73 95 73 52 1289 157 102 1132 269 214 155 59 863 750 654 612 536 211 113 98 96 74 500 370 292 122 170
is_linear=0
shrinkage=0.05


Tree=91
num_leaves=63
num_cat=0
split_feature=13 13 8 5 8 8 12 16 8 13 14 12 2 16 10 13 8 5 16 16 4 10 10 11 1 7 14 0 11 2 16 1 16 5 16 16 7 10 5 5 16 4 8 7 4 9 9 0 8 10 16 12 1 10 16 13 4 9 4 14 7 16
split_gain=5.31673 4.44456 4.39551 3.81859 3.65315 7.96166 5.03009 6.49198 7.22322 6.9039 5.59772 8.6471 5.02028 4.93088 4.93039 4.45374 4.43291 4.53512 6.70883 11.4087 5.50773 6.00989 4.09218 3.9518 3.87052 3.79668 4.55652 5.66293 4.81079 4.26087 4.0341 3.78309 7.44964 7.5495 3.49752 4.1965 5.41731 3.594 3.13071 5.44575 4.8 3.67718 3.40261 10.5191 7.03486 3.1508 22.8725 7.235 5.03503 6.33473 7.976 6.95032 9.2 7.89368 5.76418 6.9592 5.44437 5.69087 7.63445 7.54679 9.61135 5.80427
threshold=1.0000000180025095e-35 0.06186224489795919 7.8029335285099872 98.850000000000009 14.264231586046746 13.978543543594094 16.275363871625512 231.50000000000003 17.032010818479488 0.30368444846292952 90.000000000000014 14.24967131670765 27.500000000000004 42.500000000000007 15.578819646670551 0.15484574111334679 13.882500645492572 35.45000000000001 -5.4999999999999991 26.500000000000004 34.102232000000008 23.667083333333338 21.648758865248229 43.750000000000007 9.5000000000000018 65.850000000000009 810.00000000000011 11.984724408333335 59.95000000000001 27.500000000000004 19.500000000000004 9.5000000000000018 50.500000000000007 29.050000000000004 -219.49999999999997 -141.49999999999997 27.650000000000002 14.213847117794488 33.850000000000001 31.050000000000004 92.500000000000014 5.9433180000000005 13.348646663437556 42.95000000000001 4.8354865000000009 0.28669275929549903 0.30583900226757377 12.950360425000001 7.6826382910828626 13.630007309941522 -1.4999999999999998 13.650717002708397 14.500000000000002 18.91828703703704 142.50000000000003 0.30810147299509011 0.78860000000000008 0.15688468158347679 1.8192075000000003 90.000000000000014 34.95000000000001 41.500000000000007
decision_type=8 8 8 8 8 10 8 2 8 8 10 10 2 2 10 8 10 10 2 2 10 10 10 10 2 10 8 2 10 2 2 2 2 10 2 2 10 10 10 10 2 10 10 10 10 10 10 2 10 10 2 10 2 10 2 10 10 10 10 8 10 2
left_child=2 -2 -1 4 5 16 10 8 13 -9 11 24 -13 -8 -7 -10 17 20 -19 -20 21 22 34 -21 -6 26 27 -17 29 -29 -27 -12 -33 -34 -3 36 -36 -38 39 42 -41 -40 45 -44 -45 47 -47 48 -37 50 -50 53 -53 56 -52 -56 -51 61 -59 60 -60 -58
right_child=1 3 -4 -5 6 14 7 9 15 -11 31 12 -14 -15 -16 25 -18 18 19 23 -22 -23 -24 -25 -26 30 -28 28 -30 -31 -32 32 33 -35 35 38 37 -39 41 40 -42 -43 43 44 -46 46 -48 -49 49 51 54 52 -54 -55 55 -57 57 58 59 -61 -62 -63
leaf_value=-0.0099412839291349309 -0.043194655072838442 0.63045723660623854 0.10096726943044443 0.034630426327787421 1.5252003867449648 -0.04221481249170065 2.6275473723968554 -0.72158113437275573 -0.67488134375778863 0.11835574539582164 -1.3817838783626337 0.024327169356288092 -0.45822732140916644 0.029369271592977243 0.1097002144671404 -0.030116529760660884 -0.93865819492552804 0.75749244342702726 -0.9464390718960658 1.3197798641231628 -1.0119819538859784 -0.17876353661617458 0.72986391248987748 0.024583789137886926 0.034878780753447816 1.4364531301554977 -1.2399482363862944 0.5093401933356011 -0.35059095845135374 0.14499804982310038 0.024996012092312371 -0.86026850184349257 0.59782759368394245 -0.17190326346131748 0.10911084615102445 0.55626921942066188 -1.3837277115837694 -0.63056568877839192 -1.1762082592634699 0.37589704635513244 -0.15164637253716595 0.025852250764225107 1.3640907170002958 0.62586626043928162 -1.845570787826831 1.0999378516968636 -0.014941187291129766 0.18605630733708234 0.004996202738859346 -0.27526518872128813 -0.41424499434896628 -0.55691089510369862 0.51412372496437975 0.82894653870557333 -0.49261644865561149 0.84067298375574484 -1.0184081765703474 0.58297677606267162 0.45626457179522295 0.13027362619203445 -0.34337738012212143 0.1216490817986271
leaf_weight=29 40 30 66 23 24 24 34 36 30 38 56 37 39 41 38 317 22 27 20 27 34 32 36 31 34 23 20 23 21 23 28 74 37 25 28 45 25 37 25 40 20 21 30 31 21 84 1289 63 95 29 132 45 24 34 26 20 79 39 24 159 70 41
leaf_count=29 40 30 66 23 24 24 34 36 30 38 56 37 39 41 38 317 22 27 20 27 34 32 36 31 34 23 20 23 21 23 28 74 37 25 28 45 25 37 25 40 20 21 30 31 21 84 1289 63 95 29 132 45 24 34 26 20 79 39 24 159 70 41
internal_value=-0.000635118 -0.000918367 0.0110526 -0.000747423 -0.000868551 1.72592e-05 -0.00354167 -0.000946372 0.000892857 -0.0148649 -0.00858896 -0.000746269 -0.0118421 0.0153333 0.0177419 -0.00134021 -0.00037037 -0.000195521 0.01 0.0025641 -0.000590842 -0.000336574 -7.57002e-05 0.0137931 0.0137931 -0.00010989 -0.00173267 -0.000520833 0.0126866 0.0217391 0.0127451 -0.0140625 -0.00955882 0.00322581 -0.000306984 -0.000504658 -0.0111111 -0.0193548 -0.000120676 0.000122951 0.015 -0.0130435 -0.000252101 0.0097561 -0.00384615 -0.000609225 0.000910415 -0.00286486 -0.00406032 -0.00495716 -0.0111722 -0.00183824 -0.0166667 0.000315789 -0.0174157 -0.00217391 -0.00147392 0 0.00376712 0.000592885 -0.0106383 -0.00916667
internal_weight=4015 3920 95 3880 3857 2897 960 634 560 74 326 134 76 75 62 485 2835 2813 105 78 2708 2674 2642 58 58 455 404 384 67 46 51 192 136 62 2606 2576 90 62 2486 2440 60 46 2380 82 52 2298 1373 925 862 817 273 544 69 475 178 46 441 412 292 253 94 120
internal_count=4015 3920 95 3880 3857 2897 960 634 560 74 326 134 76 75 62 485 2835 2813 105 78 2708 2674 2642 58 58 455 404 384 67 46 51 192 136 62 2606 2576 90 62 2486 2440 60 46 2380 82 52 2298 1373 925 862 817 273 544 69 475 178 46 441 412 292 253 94 120
is_linear=0
shrinkage=0.05


Tree=92
num_leaves=63
num_cat=0
split_feature=13 8 10 6 9 7 11 10 11 13 1 4 15 16 6 13 15 16 7 13 13 7 8 4 12 16 16 12 11 10 13 11 1 2 13 16 16 5 10 4 4 5 12 1 8 9 4 12 6 12 1 1 2 6 7 15 13 4 2 10 6 16
split_gain=4.53495 5.31978 8.90118 5.99477 6.44343 5.7342 7.20543 6.66539 5.22901 7.12853 8.65493 7.9418 7.14026 7.57576 7.3382 6.32319 6.32129 6.31949 6.71274 5.88213 6.33962 6.23921 7.13751 7.36845 8.41976 6.97578 6.10909 5.74845 5.60282 9.99265 8.35769 5.95277 5.65135 9.2377 8.20405 6.86471 5.48796 5.36071 6.74816 5.3141 8.67541 7.076 6.35844 5.95323 5.81621 5.58823 5.2045 4.88759 4.88195 4.8611 4.83406 8.73675 7.7561 7.05664 8.42302 7.20394 5.56937 6.92004 5.1297 4.80909 4.8 4.73121
threshold=1.0000000180025095e-35 8.6179601926492122 11.97936170212766 10.79731934731935 0.14185110663983905 29.050000000000004 35.150000000000013 9.956364401430676 36.750000000000007 0.23463088939279417 8.5000000000000018 0.74539350000000015 5.5000000000000009 193.50000000000003 9.8024390243902459 0.24596669268800417 4.5000000000000009 253.50000000000003 30.750000000000004 0.37987341772151906 0.4359237536656892 37.050000000000004 11.487468788315541 11.943318000000001 13.1200507230272 -1.0000000180025095e-35 46.500000000000007 12.317156058931738 46.050000000000004 17.599356060606066 0.15694376924323453 40.250000000000007 11.500000000000002 52.500000000000007 0.22742946708463954 144.50000000000003 -42.499999999999993 2.0500000000000003 16.522579678888093 6.1142140000000014 3.3285570000000004 8.4500000000000011 10.08243251084266 11.500000000000002 9.8575959195985785 0.20710681244743484 2.0054830000000003 9.6402081128751416 5.0648148148148158 10.890075474355768 16.500000000000004 19.500000000000004 42.500000000000007 13.175095785440613 36.850000000000001 5.5000000000000009 0.21606265356265361 1755.5054830000001 27.500000000000004 12.174127906976747 16.521111111111114 24.500000000000004
decision_type=8 8 10 10 10 10 10 10 8 10 2 10 2 2 8 10 2 2 8 10 10 10 10 10 10 2 2 10 10 10 8 10 2 2 10 2 2 8 10 10 10 10 10 2 10 10 10 10 10 10 2 2 2 8 8 2 10 10 2 10 10 2
left_child=-1 2 5 48 -5 6 -2 -8 17 28 15 -12 13 59 -14 -11 -15 18 47 21 -21 -16 -23 24 27 60 -22 -24 29 30 49 -31 33 35 -34 -30 -33 -27 -39 40 42 44 -20 -42 -41 -43 -38 -3 -4 -10 53 61 -53 -32 -55 58 57 -57 -56 -13 -26 -52
right_child=1 8 3 4 -6 -7 7 -9 9 10 11 12 14 16 19 -17 -18 -19 39 20 26 22 23 -25 25 37 -28 -29 32 31 50 36 34 -35 -36 -37 46 38 -40 41 43 45 -44 -45 -46 -47 -48 -49 -50 -51 51 52 -54 54 55 56 -58 -59 -60 -61 -62 -63
leaf_value=0.038684376271009673 0.011551869630287471 -0.10195270991749035 0.15416054970986207 0.36836031348659798 -0.10646931843648003 0.82450475461542505 -0.15044870453677461 -1.0653479856263852 -1.7970557282191468 1.5778576293991131 -0.8311837289889269 0.18154461253202722 -0.53198484509841604 -0.33760799551926235 0.47666220161258277 0.15658149977342567 0.7248723881557908 0.27661089173863856 0.47295073428420481 2.1559160103354009 -2.0827766015941025 -0.80289125070492617 0.037976824841583226 -0.55206103849007759 -0.027399875321613323 -0.19275832151374603 0.32995342693640578 0.89017970884049125 -0.36997599975009599 1.1773429767011501 -0.43203842948324794 -0.55580666328105299 0.0020624219446639057 0.18729643294192769 -1.6054130765628942 0.050007841725101448 1.6987230836431353 -0.078491312749907394 1.3266906844866044 0.33992637242122703 -1.3216012709508096 -0.84402979585807147 -0.12238148227066931 -0.13694071592693682 -0.57230287748261233 0.9969358565708486 0.081570165716241455 -0.58218299580612565 1.4293878280717989 -0.34346673254490967 -1.7309001246044549 0.058907243100293806 -0.08365869330132758 0.24290343342027043 0.42762606314021512 -0.076512988696750037 0.92546215508167051 0.039705508013734715 0.046556330537683099 -0.43103740573757304 -1.2804879751129652 -0.070487521207093104
leaf_weight=91 766 88 20 41 44 34 43 27 25 33 63 22 33 26 74 370 29 36 55 64 20 36 41 29 24 28 22 32 192 21 26 25 256 26 22 35 20 33 61 25 41 23 85 38 38 52 78 62 27 37 35 82 24 35 25 149 28 42 30 88 30 23
leaf_count=91 766 88 20 41 44 34 43 27 25 33 63 22 33 26 74 370 29 36 55 64 20 36 41 29 24 28 22 32 192 21 26 25 256 26 22 35 20 33 61 25 41 23 85 38 38 52 78 62 27 37 35 82 24 35 25 149 28 42 30 88 30 23
internal_value=-0.000595533 -0.00085047 0.00229541 0.0143939 0.00647059 0.00045977 -0.000358852 -0.0157143 -0.00192373 -0.000918964 0.00189983 -0.00125828 0.000289017 -0.00878788 0.00313093 0.00781638 0.00636364 -0.00635359 -0.00779093 0.00465587 0.0150943 0.00180412 -0.00127389 0.00143885 0.00421687 -0.00170455 0 0.0184932 -0.00355987 -0.000638298 -0.00365419 0.0111111 -0.00743879 -0.0128458 -0.00251799 -0.0160793 0.00691057 0.00491803 0.0106383 -0.00406162 -0.00890411 0.00362319 -0.00142857 -0.0221519 -0.00873016 0.014 0.0122449 -0.0166667 0.0287234 -0.0209677 -0.00150301 -0.00853659 0 0.0019403 0.00404531 0.00109489 -0.00296804 -0.00602094 0.0172727 -0.0163636 -0.0166667 -0.0241379
internal_weight=4030 3939 1002 132 85 870 836 70 2937 2394 1158 755 692 165 527 403 55 543 507 494 106 388 314 278 249 176 42 73 1236 705 561 144 531 253 278 227 123 122 94 357 219 138 140 79 63 75 98 150 47 62 499 164 106 335 309 274 219 191 55 110 54 58
internal_count=4030 3939 1002 132 85 870 836 70 2937 2394 1158 755 692 165 527 403 55 543 507 494 106 388 314 278 249 176 42 73 1236 705 561 144 531 253 278 227 123 122 94 357 219 138 140 79 63 75 98 150 47 62 499 164 106 335 309 274 219 191 55 110 54 58
is_linear=0
shrinkage=0.05


Tree=93
num_leaves=63
num_cat=0
split_feature=14 2 16 16 15 2 11 12 7 4 11 12 4 2 16 16 7 4 5 7 7 10 5 12 1 6 5 9 15 14 12 13 12 7 4 13 2 7 4 2 10 5 5 7 16 6 12 1 1 15 16 15 10 4 2 2 5 10 10 12 12 2
split_gain=4.94277 6.5733 5.37329 5.41132 4.1867 6.40412 6.69738 7.08311 6.07284 5.56436 7.84605 7.74086 6.27496 6.95203 11.1112 8.22857 7.92382 5.96501 4.6144 4.40665 6.29468 5.90446 4.87909 4.36364 4.35858 5.28154 5.9118 8.17501 6.62745 5.41854 6.58286 4.43114 14.0046 4.29779 5.16182 5.1257 4.73136 4.49766 4.2349 4.13199 6.80552 4.56614 8.83733 6.01199 4.63889 4.3456 5.72051 9.02929 5.17517 4.11941 6.34946 10.3442 8.13318 7.05603 6.56566 6.10675 8.36754 5.96545 7.63667 5.42912 5.35808 5.2842
threshold=1.0000000180025095e-35 47.500000000000007 -11.499999999999998 63.500000000000007 7.5000000000000009 17.500000000000004 60.050000000000004 14.954412113482222 60.95000000000001 4.8354865000000009 29.850000000000005 9.9205278189022739 6.9433180000000005 27.500000000000004 53.500000000000007 29.500000000000004 43.650000000000013 5.8332025000000014 8.2500000000000018 43.250000000000007 41.350000000000001 13.630007309941522 4.9500000000000011 8.1390459802829369 4.5000000000000009 23.271859605911335 1.0000000180025095e-35 0.44782214156079864 5.5000000000000009 90.000000000000014 12.552597474364694 0.50233644859813087 13.191841419448473 40.45000000000001 7.7453935000000014 0.27303030303030307 7.5000000000000009 45.050000000000004 10.943318000000001 7.5000000000000009 10.404090482887954 17.050000000000004 24.050000000000004 50.050000000000004 4.5000000000000009 63.621232876712334 20.601111248569527 10.500000000000002 8.5000000000000018 5.5000000000000009 183.50000000000003 2.5000000000000004 15.995138888888892 1.1025600000000002 17.500000000000004 47.500000000000007 9.6500000000000004 26.971014492753628 25.311468555131245 10.378504764459677 19.343358115812666 37.500000000000007
decision_type=8 2 2 2 2 2 10 10 10 10 10 10 10 2 2 2 8 10 10 10 10 10 10 10 2 10 10 10 2 10 8 8 10 10 10 10 2 10 10 2 10 10 10 8 2 10 10 2 2 2 2 2 10 10 2 2 10 10 10 10 10 2
left_child=1 2 -1 -4 24 6 7 33 9 10 -7 -12 17 -14 15 16 18 -11 -15 20 21 -13 -21 -16 25 26 28 29 -2 -28 -31 39 -33 35 37 -6 -37 -35 -25 40 -26 43 -43 -42 -44 46 49 -48 -47 50 52 -52 53 61 -54 56 -56 58 60 -53 -51 -41
right_child=4 -3 3 -5 5 8 -8 -9 -10 12 11 19 13 14 23 -17 -18 -19 -20 22 -22 -23 -24 38 31 -27 27 -29 -30 30 -32 32 -34 34 -36 36 -38 -39 -40 45 41 42 44 -45 -46 48 47 -49 -50 57 51 59 54 -55 55 -57 -58 -59 -60 -61 -62 -63
leaf_value=0.35987846789886224 -0.11066183759877789 -0.32084245372876929 -0.060031176824387966 1.0221094157179464 -0.21189028346128752 -0.56205484933624139 0.59298071257814733 -0.29813036817189487 -1.1977634889274984 0.038580237757204122 0.91291143405418895 -0.07912495390422998 0.32521167789190697 -0.020263055271969144 2.3702565731680219 -0.31610562485936922 -0.07142728931326163 -1.1678891131207141 0.72075025502677448 0.028154970217618393 -0.45215625961449607 0.57000746278911729 0.50214880581474319 1.6322378819638788 -0.69128676365646635 1.0111973546356849 -0.28733064702781425 -1.0791166661406659 0.73906308784547015 -0.0083562536962041196 1.0193582632717295 -0.0030876508419236618 1.6978380085202667 0.98987086533170732 0.090768396677368746 0.3340372719162929 -0.46480230294241009 -0.34805890068594325 -0.71813045383966889 -1.5258793144454135 0.069636823980160134 -0.91476565669981813 -0.73243573359349279 -0.52732326387100414 0.025273697909164384 -0.011378438546228669 0.07391916594043034 -0.50427699829946393 0.081248644748282639 -0.017773388280884705 -0.64245659503670627 1.3579184366682089 0.14542364753526585 -0.6007002152881169 0.034413447822343637 0.16274190664482358 -0.25257891804078664 0.092776644107703587 -1.6343707179186433 0.070186220348463738 1.2855969902620019 0.30922708166257956
leaf_weight=27 51 20 21 31 81 29 22 26 30 46 29 30 59 23 22 21 58 36 24 23 20 55 50 23 28 25 68 22 51 72 28 719 34 26 22 49 44 20 21 22 132 37 47 23 73 21 23 24 55 901 21 27 33 196 34 22 61 31 24 52 20 21
leaf_count=27 51 20 21 31 81 29 22 26 30 46 29 30 59 23 22 21 58 36 24 23 20 55 50 23 28 25 68 22 51 72 28 719 34 26 22 49 44 20 21 22 132 37 47 23 73 21 23 24 55 901 21 27 33 196 34 22 61 31 24 52 20 21
internal_value=-0.000426493 0.0106061 0.0170886 0.00769231 -0.000707486 0.00230596 -0.0037931 -0.00597015 0.00525876 0.00641476 0.0122881 0.0157005 0.00225225 0.0061753 0.0015625 -0.00714286 -0.00142857 -0.0097561 0.0138298 0.0117978 0.0052381 0.0111765 0.0212329 0.0181818 -0.00160107 0.00394322 0.00205479 -0.00315789 0.0117647 0.000595238 0.008 -0.00225662 0.000996016 -0.00330579 0.00735294 -0.00747126 0.000537634 -0.00217391 0.00909091 -0.00352697 -0.00852941 -0.00641026 -0.0124204 -0.000322581 -0.00583333 -0.00245592 -0.00304233 -0.0202128 0.00921053 -0.00249147 -0.00623722 0.005 -0.00912596 -0.0148536 0 -0.00555556 -0.0110526 -0.000614754 -0.00132275 0.0132911 -0.000597177 0.00348837
internal_weight=3986 99 79 52 3887 889 290 268 599 569 236 207 333 251 192 126 105 82 47 178 105 85 73 66 2998 317 292 190 102 168 100 2681 753 242 68 174 93 46 44 1928 340 312 157 155 120 1588 1512 47 76 1465 489 100 389 239 150 117 95 976 945 79 921 43
internal_count=3986 99 79 52 3887 889 290 268 599 569 236 207 333 251 192 126 105 82 47 178 105 85 73 66 2998 317 292 190 102 168 100 2681 753 242 68 174 93 46 44 1928 340 312 157 155 120 1588 1512 47 76 1465 489 100 389 239 150 117 95 976 945 79 921 43
is_linear=0
shrinkage=0.05


Tree=94
num_leaves=63
num_cat=0
split_feature=10 4 11 11 9 9 5 5 1 5 4 4 16 2 6 11 6 15 9 4 10 4 4 15 1 10 14 12 11 13 10 9 4 2 15 15 10 6 7 16 4 2 5 4 4 11 10 7 1 16 10 9 4 12 9 2 4 13 10 2 4 1
split_gain=4.99833 4.29037 5.12024 5.14118 5.01784 7.08205 9.49225 4.49536 8.47829 7.01528 5.21072 3.91524 6.83697 4.93576 6.34168 4.29522 3.85458 12.4951 7.49359 6.08923 5.78126 5.66667 4.62867 4.49221 3.85317 3.739 6.39586 8.4973 7.1932 6.22623 4.51087 6.27092 9.74095 7.63444 4.9001 4.41267 4.33188 7.59303 6.16086 5.79601 5.73953 5.95027 7.6438 5.21963 5.15714 4.9827 4.97778 10.6794 6.09524 4.20204 4.01111 3.76471 3.56213 3.48737 12.5545 3.39649 3.3773 3.58682 3.89773 6.17143 3.23956 3.23588
threshold=93.616666666666674 4.0054830000000008 62.150000000000013 60.350000000000001 0.27812939521800289 0.21896404109589043 22.450000000000003 27.550000000000004 20.500000000000004 24.450000000000003 3.0757620000000006 4.7453935000000014 -56.499999999999993 22.500000000000004 11.908013312852026 41.650000000000013 20.993833333333338 5.5000000000000009 0.24165739710789771 1.8332025000000003 18.567771739130439 1.1185900000000002 3.0757620000000006 4.5000000000000009 9.5000000000000018 17.269304556354921 270.00000000000006 14.206125151161642 48.95000000000001 0.1464191393506292 20.580515297906604 0.29198717948717956 3.0054830000000003 32.500000000000007 7.5000000000000009 8.5000000000000018 0.11378020713463753 0.28809523809523813 27.350000000000005 -94.499999999999986 3.3285570000000004 42.500000000000007 9.9500000000000011 0.83548650000000013 1.1025600000000002 39.350000000000001 8.0647649572649573 17.150000000000002 11.500000000000002 44.500000000000007 12.36085106382979 0.44281045751633991 1.0054830000000001 18.935539299916787 0.20530382859149984 22.500000000000004 2.9433180000000005 0.22259759759759762 10.548863636363638 27.500000000000004 1.2718600000000002 11.500000000000002
decision_type=10 10 10 10 8 10 10 10 2 10 10 10 2 2 10 10 10 2 10 10 10 10 10 2 2 10 10 10 10 10 10 10 10 2 2 2 8 10 10 2 10 2 10 10 10 10 10 10 2 2 10 10 10 10 10 2 10 10 10 2 10 2
left_child=1 7 3 11 5 6 -4 8 9 25 -11 12 -3 15 -15 -14 17 19 21 -9 22 -18 24 -23 -19 26 27 28 29 -1 31 32 33 -27 53 36 55 -38 44 -40 41 42 56 -44 -39 52 47 -46 -48 -45 -42 -28 -43 54 -32 -31 57 -41 -59 -60 -26 -2
right_child=61 2 4 -5 -6 -7 -8 16 -10 10 -12 -13 13 14 -16 -17 18 20 -20 -21 -22 23 -24 -25 60 30 51 -29 -30 35 34 -33 -34 -35 -36 -37 37 38 39 40 50 45 43 49 46 -47 48 -49 -50 -51 -52 -53 -54 -55 -56 -57 -58 58 59 -61 -62 -63
leaf_value=-0.89909283981458976 0.00027656901244627432 0.11864012518827281 -1.034700840590481 2.4106213388845625 -0.92667983109287655 0.54227576331879246 -0.0068950735474157688 0.20239448894295162 -0.10980386739810083 -0.11480495176784232 0.23116240741218796 -0.016884718866840471 -0.41780676198710448 -0.14516164305058865 0.23644667331827451 -2.3141960511369493 -0.12396227846766626 -0.21378769760397562 -0.98492235965948094 -1.2696089291982739 1.7082420034521713 0.23975429747515209 0.99683845903556301 0.087404930284716242 0.078707834027202148 1.1149665168486693 -1.0216615767811132 -0.17269301832841696 0.77279934591019295 0.74220698263365792 0.075273486003158752 -0.44178840489515214 2.7587870064037725 -0.055439107559141748 1.0471464220895907 0.92109290604731486 -0.35524690983168344 0.73604553900246028 -1.4194551061266361 -0.33260134464360436 -1.2749094960365899 0.33050223786376315 -0.19178271532544536 0.6161474504877863 0.31060353379195293 1.1772372311003885 -0.34238964559350665 -0.67081699954614726 0.41350593362942406 0.12082922909533647 -0.063386707411779583 -0.063901035849890639 -0.21686463477501974 0.42088283643583735 -0.64590614822248194 0.51304061221404196 0.49091935500972461 -1.1135879623445708 0.21226640146618703 -1.103696093717885 0.59345828279858492 0.077186212510868504
leaf_weight=23 30 22 26 36 30 20 68 20 85 47 24 2045 21 23 22 26 34 37 22 29 27 22 20 46 23 29 34 65 30 27 26 31 22 30 23 31 43 63 49 21 24 24 31 37 35 43 21 28 21 40 36 34 23 26 20 30 24 32 35 21 34 23
leaf_count=23 30 22 26 36 30 20 68 20 85 47 24 2045 21 23 22 26 34 37 22 29 27 22 20 46 23 29 34 65 30 27 26 31 22 30 23 31 43 63 49 21 24 24 31 37 35 43 21 28 21 40 36 34 23 26 20 30 24 32 35 21 34 23
internal_value=-0.00110165 -0.00130677 -0.00267208 -0.00207289 -0.0118056 -0.00701754 -0.012766 0.000686642 -0.000621118 0.00045719 -0.0147887 -0.00238536 -0.0114035 -0.0173913 -0.00555556 -0.0287234 0.00605096 0.0105263 -0.000806452 -0.0112245 0.0180851 0.00490196 0.0131579 0.0132353 0.00851064 0.00141343 5.40541e-05 0.0012252 0.00265152 0.00170604 0.00748792 0.0142857 0.0216049 0.0110169 -0.000526316 0.00250338 0.00169492 0.000537634 0.00197368 -0.00113636 0.000895141 0.00347432 -0.000622407 0.00925926 0.010119 0.0144444 0.00333333 -0.00555556 0.0166667 0.0162338 -0.0133333 -0.0147059 0.00319149 -0.00694444 -0.0152174 0.0149123 -0.00864662 -0.0123853 -0.00795455 0 0.0166667 0.0141509
internal_weight=3994 3941 2339 2195 144 114 94 1602 1288 1203 71 2159 114 92 45 47 314 190 124 49 141 102 114 68 94 1132 925 857 792 762 207 112 81 59 95 739 708 651 608 440 391 331 241 108 168 90 105 63 42 77 60 68 47 72 46 57 133 109 88 56 57 53
internal_count=3994 3941 2339 2195 144 114 94 1602 1288 1203 71 2159 114 92 45 47 314 190 124 49 141 102 114 68 94 1132 925 857 792 762 207 112 81 59 95 739 708 651 608 440 391 331 241 108 168 90 105 63 42 77 60 68 47 72 46 57 133 109 88 56 57 53
is_linear=0
shrinkage=0.05


Tree=95
num_leaves=63
num_cat=0
split_feature=10 1 15 4 9 9 10 1 7 10 5 5 5 5 2 13 1 10 14 6 0 14 6 0 11 14 11 0 7 11 4 13 13 7 6 5 4 12 0 13 4 9 11 0 13 6 6 0 10 7 11 2 1 4 0 0 10 0 12 13 13 7
split_gain=4.12389 4.73389 4.08228 7.33671 4.39988 12.9216 5.40722 5.09697 5.01003 8.54953 5.76275 4.37584 7.81745 7.08805 5.75676 5.14314 4.23249 5.62542 4.18524 9.8677 5.40346 4.08849 4.05158 4.39157 6.65704 8.28811 6.22895 5.62128 5.9184 8.15344 7.28918 8.74682 6.12245 5.48917 4.99577 4.91294 6.94034 5.65152 4.89076 7.86313 11.3936 7.75591 7.49423 5.63387 5.73806 4.84653 7.34192 4.7216 4.7237 7.05333 4.41379 4.33083 4.20065 4.03899 9.05633 3.97711 3.94851 8.22174 6.1975 4.52182 4.34306 7.09091
threshold=93.616666666666674 12.500000000000002 7.5000000000000009 14.005483000000002 0.25137362637362642 0.2814700704225353 23.898120300751881 12.500000000000002 23.950000000000003 4.1008385744234808 22.250000000000004 6.1500000000000012 5.0500000000000007 7.9500000000000011 22.500000000000004 0.17664992826398854 11.500000000000002 14.311376802662396 450.00000000000006 10.68162692847125 13.719983033333335 330.00000000000006 24.497859589041099 11.108811808333334 35.45000000000001 210.00000000000003 41.45000000000001 10.771758666666669 49.050000000000004 33.250000000000007 5.1025600000000013 0.35747051114023598 0.27475490196078439 50.45000000000001 15.650687960687963 0.95000000000000007 11.943318000000001 8.4350889509090461 10.237888300000002 0.90803382663847787 5.7453935000000014 0.61414392059553358 24.050000000000004 10.522861450000002 0.32449982449982456 15.387637130801687 12.426138716356112 11.44924504166667 0.92313775510204088 16.750000000000004 46.050000000000004 22.500000000000004 13.500000000000002 5.8332025000000014 11.456888266666668 10.984724408333335 16.522579678888093 10.771758666666669 10.290412823813279 0.22742946708463954 0.30810147299509011 39.95000000000001
decision_type=10 2 2 10 10 10 10 2 10 10 10 10 8 10 2 8 2 10 8 10 2 10 10 2 8 10 10 2 10 8 10 10 10 8 10 10 10 10 2 10 10 10 10 2 10 10 10 2 10 8 8 2 2 10 2 2 10 2 10 10 10 10
left_child=2 -2 11 4 6 7 56 -6 9 -7 -10 12 15 16 -14 -1 -13 -18 21 -20 -21 -15 23 27 47 45 -27 33 29 35 55 32 -32 34 38 36 37 52 42 41 -41 43 -17 -40 -45 46 50 -25 -49 -50 -26 -43 -29 54 -12 -31 57 59 -59 -4 61 -60
right_child=1 -3 3 -5 5 8 -8 -9 10 -11 53 13 14 18 -16 22 17 -19 19 20 -22 -23 -24 24 25 26 -28 28 -30 30 31 -33 -34 -35 -36 -37 -38 -39 39 40 -42 51 -44 44 -46 -47 -48 48 49 -51 -52 -53 -54 -55 -56 -57 -58 58 60 -61 -62 -63
leaf_value=-0.29221875391553154 -0.0053431547613056489 0.073326901885325077 0.014185275887978755 -0.034823130752771818 -0.051453153294473003 0.016678257714191246 -0.040413128081121623 -0.64680823907236951 0.46625762403764565 -0.8533225998025733 0.92878952277980531 -0.97980265893493845 1.0424452096113856 -0.038392265589768382 0.30540654704374781 -0.13302588772905538 -0.62576046889553805 0.9155641177407019 -0.29964304516745621 0.24279381405479034 0.35156747655386822 -0.58472207219854921 0.57423504413187065 -0.62387023414803133 -0.87064092331813081 -0.41527459212499862 0.28218413444758839 -0.0037692402972739902 -0.13830101694919666 0.6914966133798871 0.48547278662514642 1.6671467760938992 -0.074812972726162039 0.23276678121746031 -1.5120037777062123 1.109989362370964 -0.55134743007806319 -0.31597127741142406 -0.4782493913247905 -0.3525607962988348 0.75420457532857277 -1.9985472525504986 1.0450263534845072 -0.52313596934691586 0.081999465285441886 -0.8935914162138886 0.59232347438019239 -0.059509285957947355 0.59950894884537154 0.039498050844697909 -0.023612207744564944 -0.21980811242100248 0.48938378085520251 -1.2246064302556761 -0.46271115005900471 -0.061726922072459361 0.59578668466000606 0.97944747303295121 -0.50308369890268811 0.91875161064007471 -1.2843714349887749 0.042599808074228744
leaf_weight=70 30 21 23 146 27 68 42 33 181 26 24 46 23 1536 38 31 26 23 26 22 20 37 21 36 29 24 23 55 20 41 28 32 21 31 22 24 26 21 67 38 43 21 50 21 29 38 25 133 25 75 29 36 32 22 25 37 148 23 39 36 23 27
leaf_count=70 30 21 23 146 27 68 42 33 181 26 24 46 23 1536 38 31 26 23 26 22 20 37 21 36 29 24 23 55 20 41 28 32 21 31 22 24 26 21 67 38 43 21 50 21 29 38 25 133 25 75 29 36 32 22 25 37 148 23 39 36 23 27
internal_value=-0.00138232 0.0127451 -0.00156408 0.00136911 0.00332464 -0.000246305 0.00734072 -0.0216667 0.00346821 -0.00638298 0.00714286 -0.00244182 -0.00026616 -0.00408986 0.0172131 -0.00111643 -0.0173684 -0.00714286 -0.00332115 0.00882353 0.0238095 -0.00384615 -0.000337838 -0.000730868 -0.00469108 -0.0125 0.00531915 0.00165289 0.00637982 0.00804416 0.0160377 0.0265432 0.0132653 -0.00244216 -0.00418994 0 -0.00373134 0.00185185 -0.00267857 -0.00607843 0.00679012 -0.012069 0.00802469 -0.00470085 0.008 -0.0194215 -0.0126506 0.000185874 0.0027897 0.011 -0.0224138 -0.027193 0.00747126 -0.00492958 0.00306122 0.00512821 0.00956113 0.00438596 -0.00357143 0.0194915 -0.00955056 -0.0030303
internal_weight=4015 51 3964 913 767 406 361 60 346 94 252 3051 1315 1736 61 1254 95 49 1641 68 42 1573 1184 1163 437 168 47 726 337 317 159 81 49 389 358 158 134 108 336 255 81 174 81 117 50 121 83 269 233 100 58 57 87 71 49 78 319 171 112 59 89 66
internal_count=4015 51 3964 913 767 406 361 60 346 94 252 3051 1315 1736 61 1254 95 49 1641 68 42 1573 1184 1163 437 168 47 726 337 317 159 81 49 389 358 158 134 108 336 255 81 174 81 117 50 121 83 269 233 100 58 57 87 71 49 78 319 171 112 59 89 66
is_linear=0
shrinkage=0.05


Tree=96
num_leaves=63
num_cat=0
split_feature=1 4 4 14 0 15 14 1 11 16 14 11 16 15 12 11 14 11 4 12 13 1 11 4 4 1 11 9 14 0 4 0 14 12 7 8 16 12 7 13 6 0 4 0 15 8 7 8 13 4 1 0 1 9 10 6 13 6 11 8 1 0
split_gain=4.26393 8.39252 6.93727 4.94364 5.11203 4.43782 4.95932 12.4579 8.59642 5.70514 5.20666 13.6172 9.29563 6.61227 5.09394 5.1297 5.07176 15.3225 5.35653 6.98237 9.11032 6.99053 7.45564 7.65316 8.732 5.60451 5.15377 9.42308 5.05252 6.46466 6.72468 5.45474 4.8728 8.26938 14.8133 11.3549 10.2102 6.5236 10.5885 10.8241 6.25178 9.17075 11.1695 9.02278 6.10192 6.08668 6.49183 5.95238 5.73925 8.47246 7.61724 5.88326 5.6372 5.36527 8.97942 5.34945 5.48528 6.57282 5.25455 6.67487 5.49358 5.25351
threshold=20.500000000000004 1.1185900000000002 2.7267010000000007 210.00000000000003 11.374214716666669 7.5000000000000009 390.00000000000006 13.500000000000002 39.250000000000007 433.00000000000006 270.00000000000006 34.45000000000001 2.5000000000000004 4.5000000000000009 9.7270914229865664 4.5500000000000016 210.00000000000003 31.450000000000003 13.118590000000003 9.5985925031833421 0.88303693570451447 9.5000000000000018 44.650000000000013 44.003073000000008 1755.5054830000001 13.500000000000002 43.750000000000007 0.21089696071163827 150.00000000000003 11.522861450000002 8.7453935000000023 11.950360425000001 90.000000000000014 11.132106326592909 47.150000000000013 19.033005458816508 -3.4999999999999996 9.1944149688990358 25.050000000000004 0.79626426841923215 9.1362455197132633 10.417885925000002 6.3092830000000006 10.154141975000003 6.5000000000000009 17.032010818479488 49.050000000000004 0.32503140015797721 0.36188554658840799 5.8332025000000014 11.500000000000002 10.61197581666667 13.500000000000002 0.26120401337792648 14.789447004608297 16.825559006211183 0.2886752136752137 14.30677777777778 36.250000000000007 10.769863316774734 8.5000000000000018 10.237888300000002
decision_type=2 10 10 8 2 2 10 2 10 2 10 10 2 2 8 10 10 8 8 8 10 2 8 10 10 2 8 10 10 2 10 2 10 10 10 10 2 10 10 10 10 2 10 2 2 10 10 10 10 10 2 2 2 10 10 10 10 10 10 10 2 2
left_child=5 -2 -3 4 -4 6 9 8 14 10 16 -12 -13 -14 15 -8 18 -18 28 20 -20 26 -23 -24 25 -25 -21 -28 31 30 -30 32 40 37 36 45 -35 38 39 -34 41 43 44 -1 -43 46 -36 -41 49 61 -50 52 -51 54 -39 56 57 -38 -53 -60 -61 -42
right_child=1 2 3 -5 -6 -7 7 -9 -10 -11 11 12 13 -15 -16 -17 17 -19 19 21 -22 22 23 24 -26 -27 27 -29 29 -31 -32 -33 33 34 35 -37 55 53 -40 47 48 42 -44 -45 -46 -47 -48 -49 50 51 -52 58 -54 -55 -56 -57 -58 -59 59 60 -62 -63
leaf_value=0.005463993398394696 -0.085670041864538152 0.20457757498249052 -0.034514978958446733 0.077306328818792291 -0.18127745667077441 0.03007552007086467 0.071503275040311468 -0.30112384461507158 0.96511171415154107 2.1209352626544873 -1.1426689807442088 0.52681245377245989 0.016112157513564585 -1.1392462800581751 -0.21772149346995137 0.75812040178418794 -0.3212622592404033 0.14854914042889469 0.3773716134968419 1.8364956899959812 -0.28548414078438283 -1.2850176685060459 0.29551605912071838 -0.2660030482875666 0.059674280796735896 -0.054265768760338132 0.12849464217184281 -0.94387411510299557 0.066989570812670235 -0.18243521270453514 -0.65853592559085694 0.053044243574250416 -1.3343609695090763 -0.35244981547397503 -1.6946782559364761 0.83586341079525206 -0.27393145665083091 0.13959717673846034 0.36457817875986526 -0.11034112236720706 0.88858589426871859 -0.015502317142590628 1.2000741946383602 -2.1654074126952114 0.46408820846532461 -1.3238324869661806 -0.043083513318487171 1.3738259714057748 -0.82784337829833887 -1.1336455577463018 0.29676059019589457 -0.54647258467554305 -0.028510010783270756 -1.0894438725900166 -1.3893536763792309 0.40608127045078002 0.40278729479480263 0.2952867620649044 0.51669826283136788 0.50040006511978707 -0.32883679957851375 0.0041829094841637103
leaf_weight=38 43 52 160 23 46 767 30 58 33 20 24 23 26 27 33 25 23 100 58 22 28 32 26 37 37 29 52 20 92 121 34 214 51 86 27 22 31 52 53 54 51 95 70 28 56 26 61 30 58 50 40 20 32 87 37 55 81 44 22 29 39 268
leaf_count=38 43 52 160 23 46 767 30 58 33 20 24 23 26 27 33 25 23 100 58 22 28 32 26 37 37 29 52 20 92 121 34 214 51 86 27 22 31 52 53 54 51 95 70 28 56 26 61 30 58 50 40 20 32 87 37 55 81 44 22 29 39 268
internal_value=-0.000673653 -0.00617284 -0.00302491 -0.00676856 -0.0092233 -0.000190011 -0.00107988 0.00698324 0.0161157 -0.00160701 -0.0018028 -0.013 -0.00263158 -0.0141509 0.00795455 0.0172727 -0.0013751 0.00853659 -0.00186373 0.00395894 0.0162791 -0.000196078 -0.00652174 -0.00116279 -0.00728155 -0.0181818 0.0106383 0.00416667 -0.00278552 -0.00951417 -0.0015873 -0.001914 -0.00286474 -0.00570891 -0.00103926 -0.0147059 0.00521886 -0.0112637 -0.00478723 -0.0122222 -0.000334821 0.00574913 0.0106335 -0.0106061 0.00298013 -0.0210526 -0.0147727 -0.00119048 -0.00320197 -0.00107632 -0.0142857 -0.009375 -0.0195122 -0.0181818 -0.00955056 0.0111374 0.00641026 -0.00333333 -0.00181818 0.00333333 -0.00441176 0.0039185
internal_weight=4008 324 281 229 206 3684 2917 179 121 2738 2718 100 76 53 88 55 2618 123 2495 341 86 255 161 129 103 66 94 72 2154 247 126 1907 1693 797 433 136 297 364 188 135 896 287 221 66 151 114 88 84 609 511 98 192 82 176 89 211 156 75 110 90 68 319
internal_count=4008 324 281 229 206 3684 2917 179 121 2738 2718 100 76 53 88 55 2618 123 2495 341 86 255 161 129 103 66 94 72 2154 247 126 1907 1693 797 433 136 297 364 188 135 896 287 221 66 151 114 88 84 609 511 98 192 82 176 89 211 156 75 110 90 68 319
is_linear=0
shrinkage=0.05


Tree=97
num_leaves=63
num_cat=0
split_feature=10 8 7 4 8 10 7 8 13 16 16 8 15 16 10 14 14 10 12 9 16 16 12 11 4 13 16 4 12 5 16 4 15 14 15 14 16 11 8 9 4 16 16 8 5 16 5 4 2 4 11 12 7 6 5 5 4 13 7 8 7 2
split_gain=2.59668 4.20739 2.83144 6.51556 7.00721 6.71807 4.9686 3.65932 3.16678 2.70408 3.17287 6.71364 4.88353 6.04668 4.84432 4.36248 6.61614 10.1385 6.15536 8.64876 7.63399 6.41808 6.11211 7.0528 4.78819 4.44796 9.16825 5.97628 4.36987 4.14621 7.39878 5.6551 4.82459 4.46305 5.48978 5.82511 5.53343 11.6551 4.44755 3.87344 3.70286 3.66667 7 3.65714 3.61067 3.58939 3.54247 3.42649 9.13537 7.08032 6.68332 12.2216 7.7788 7.07588 5.90037 8.9372 5.43441 4.91321 6.31238 4.50817 4.51379 3.66391
threshold=93.616666666666674 11.456048803388184 61.050000000000004 8.6022320000000025 21.688589799752197 28.894276841171255 60.050000000000004 19.68339893346813 0.15043221589711156 -219.49999999999997 -3.4999999999999996 15.185924656319612 8.5000000000000018 -82.499999999999986 19.736111111111114 870.00000000000011 210.00000000000003 14.311376802662396 9.5180933873210627 0.21089696071163827 -12.499999999999998 -116.49999999999999 14.80368632814257 48.650000000000013 0.74539350000000015 0.099019607843137278 -56.499999999999993 1397.6372360000003 16.130346541433216 56.750000000000007 16.500000000000004 966.56861800000013 9.5000000000000018 930.00000000000011 2.5000000000000004 150.00000000000003 372.50000000000006 45.95000000000001 11.154233840665606 0.32173123486682814 13.114214000000002 153.50000000000003 49.500000000000007 11.333908997188308 15.950000000000001 87.500000000000014 2.2500000000000004 9.819207500000001 22.500000000000004 10.114214000000002 37.95000000000001 11.567646133065079 30.550000000000004 7.7768939393939398 9.1500000000000004 17.950000000000003 10.886458000000001 0.36188554658840799 32.050000000000004 15.447432237391185 42.050000000000004 37.500000000000007
decision_type=10 8 10 10 10 10 10 10 10 2 2 10 2 2 10 10 10 8 8 8 2 2 10 8 10 10 2 10 10 8 2 10 2 10 2 8 2 10 8 8 10 2 2 10 10 2 10 10 2 10 10 10 8 10 10 10 10 8 8 10 8 2
left_child=2 -2 6 4 5 7 9 -4 -6 -1 11 12 15 -14 -13 16 18 -18 19 -11 22 -21 23 24 -20 27 -27 -25 -24 31 -31 32 33 34 35 45 47 38 -38 -23 43 42 -37 -22 -15 -12 -41 -36 54 -50 52 -52 53 -51 57 -56 -57 -49 -59 60 -53 -54
right_child=1 -3 3 -5 8 -7 -8 -9 -10 10 29 14 13 44 -16 -17 17 -19 20 21 40 39 28 25 -26 26 -28 -29 -30 30 -32 -33 -34 -35 36 41 37 -39 -40 46 -42 -43 -44 -45 -46 -47 -48 48 49 50 51 59 61 -55 55 56 -58 58 -60 -61 -62 -63
leaf_value=0.17040010912857689 -0.00051429049346709557 0.1630206204842789 -2.8984813178045976 -0.45787240431144793 -0.00073877359372973234 0.30317128907782487 1.6352185381575504 -0.21492745546053627 1.5210248086531004 0.36387257712466231 -0.19607579872255468 -1.3345005380470099 -0.20672000598719553 1.4313691422839072 -0.05128824720828469 -0.41607349060446791 -0.047238395826670623 0.594766097793621 -1.5741735083678259 0.28958029449319017 -1.7659410629826162 -0.97640814187695391 -2.0545875624661614 -0.25270289587318828 -0.097432562161221814 1.287050332053854 -0.039693021874605952 0.42106557090240548 -0.057704235720578013 0.080682916982923292 -0.28083409833606571 -0.062052603958683977 2.7673570884580179 0.15551369337314061 -0.0087161969294936425 -0.32509830372242643 2.4855385473524372 -0.96719388808097051 4.4618657168777816 -0.014832276817457158 -0.050285554729100658 -0.32928057389331455 0.21183136612972847 -0.11618214705688368 0.0368246062383637 -0.42374610702333371 0.096404223825249255 -1.1075032822132054 0.78785674656359694 0.6777963129347182 -1.5548419137654452 0.011716913781074824 0.40916160578594685 -0.46908246629641437 1.201361074508871 0.46399499688345253 -0.17214145091607735 -0.092646794565206039 0.13551529834835752 -0.077580521489511514 0.10096910324232798 2.4716810220931436
leaf_weight=40 29 22 24 75 20 20 30 25 29 23 38 30 27 28 26 39 32 31 31 29 21 27 23 33 407 21 24 23 20 46 21 90 20 56 1584 36 32 29 21 125 25 24 28 24 25 39 47 47 26 54 34 35 25 20 33 20 42 37 20 21 38 23
leaf_count=40 29 22 24 75 20 20 30 25 29 23 38 30 27 28 26 39 32 31 31 29 21 27 23 33 407 21 24 23 20 46 21 90 20 56 1584 36 32 29 21 125 25 24 28 24 25 39 47 47 26 54 34 35 25 20 33 20 42 37 20 21 38 23
internal_value=-0.000425638 0.0107843 -0.000570631 -0.00647668 0.000847458 -0.00942029 -0.000266667 -0.0193878 0.0153061 -0.000430108 -0.000570652 -0.00276074 -0.0018894 0.01 -0.0196429 -0.00283582 -0.00217391 0.0134921 -0.00326689 0.00338645 -0.00582822 0.000438596 -0.00395189 -0.00250464 -0.00525114 0.00940594 0.0211111 0 -0.022093 0.000413549 0.0126866 8.09061e-05 0.00054576 0.000338696 0 -0.00878788 0.000677254 0.0134146 0.0273585 -0.00276382 -0.0214286 0 0.00625 -0.03 0.0198113 -0.0188312 0 0.000169985 0.00389474 0.00978261 0.0072 -0.00078125 0.0155738 0.00540541 -0.00427136 0.00473684 -0.00645161 -0.0125 -0.00263158 0.00851064 0.0143836 0.03125
internal_weight=3994 51 3943 193 118 69 3750 49 49 3720 3680 1141 1085 80 56 1005 966 63 903 251 652 228 582 539 438 101 45 56 43 2539 67 2472 2382 2362 2306 165 2141 82 53 199 70 88 64 45 53 77 172 2059 475 276 250 128 122 74 199 95 62 104 57 94 73 48
internal_count=3994 51 3943 193 118 69 3750 49 49 3720 3680 1141 1085 80 56 1005 966 63 903 251 652 228 582 539 438 101 45 56 43 2539 67 2472 2382 2362 2306 165 2141 82 53 199 70 88 64 45 53 77 172 2059 475 276 250 128 122 74 199 95 62 104 57 94 73 48
is_linear=0
shrinkage=0.05


Tree=98
num_leaves=63
num_cat=0
split_feature=1 14 5 15 1 2 2 7 4 16 7 2 13 13 5 7 8 5 10 16 2 4 4 0 13 10 12 1 13 7 6 4 4 15 12 1 0 8 1 14 15 10 14 16 8 13 10 6 5 12 6 10 12 16 12 13 16 10 1 6 2 2
split_gain=5.46241 8.37168 6.44279 5.62448 5.35252 4.90524 4.70872 4.88055 12.0333 4.42834 6.04219 6.08257 4.19808 9.6183 5.69024 5.12552 5.01508 4.91398 4.38295 9.09612 7.86267 4.92737 6.55857 5.05824 5.14089 4.47383 5.01731 7.31508 6.03285 7.29447 5.22172 4.72957 9.11844 5.70367 4.2753 4.55487 4.2735 3.94125 3.91226 9.27226 7.94537 5.41944 10.6305 9.84388 8.08393 8.36231 6.71656 7.11061 6.50537 7.607 6.34168 5.33335 8.5202 5.40247 5.2492 4.79901 10.0034 6.83721 5.25444 4.60968 4.46416 4.24443
threshold=20.500000000000004 210.00000000000003 28.250000000000004 7.5000000000000009 2.5000000000000004 42.500000000000007 42.500000000000007 37.550000000000004 1833.3716805000001 107.50000000000001 38.95000000000001 17.500000000000004 0.099019607843137278 0.12254524451289951 14.850000000000003 51.550000000000004 11.971928195019837 40.550000000000004 16.111802325581397 98.500000000000014 17.500000000000004 34.102232000000008 13.075762000000003 11.066474675000002 0.39668856048166395 15.628899690676096 10.687169791256084 9.5000000000000018 0.36681957186544351 32.050000000000004 14.30677777777778 1.0054830000000001 1.1185900000000002 3.5000000000000004 13.577179478106041 13.500000000000002 10.719983033333335 11.532523412771971 12.500000000000002 390.00000000000006 3.5000000000000004 22.745818048422603 150.00000000000003 20.500000000000004 15.951112211735671 0.32025641025641033 15.20044491525424 17.164583333333336 0.95000000000000007 14.894802993488511 19.913368794326242 23.667083333333338 14.954412113482222 286.50000000000006 16.130346541433216 0.33222958057395152 112.50000000000001 17.269304556354921 16.500000000000004 11.455054945054949 12.500000000000002 12.500000000000002
decision_type=2 8 10 2 2 2 2 10 10 2 8 2 8 8 10 8 10 10 8 2 2 10 10 2 10 10 10 2 10 10 8 10 10 2 10 2 2 10 2 10 2 10 8 2 10 10 10 10 10 10 10 10 10 2 10 10 2 10 2 10 2 2
left_child=3 2 5 12 -5 9 7 8 -4 10 11 -2 14 -14 -1 -16 17 18 21 20 -20 22 25 24 -24 26 31 36 30 -30 -29 33 -33 -15 35 -22 -28 -17 39 41 -40 44 43 -43 46 -46 47 59 -48 60 -47 52 53 55 -51 56 57 58 61 -18 -50 -42
right_child=1 -3 6 4 -6 -7 -8 -9 -10 -11 -12 -13 13 16 15 37 38 -19 19 -21 34 -23 23 -25 -26 -27 27 28 29 -31 -32 32 -34 -35 -36 -37 -38 -39 40 -41 51 42 -44 -45 45 50 48 -49 49 54 -52 -53 -54 -55 -56 -57 -58 -59 -60 -61 -62 -63
leaf_value=0.16169834657281215 0.1466927292762002 0.072196478771801534 3.5167175546421152 -0.34249709585793986 0.055348863101252289 0.002463333140759172 -0.069442581145409063 -0.14679693523104528 -0.020877426258873996 -0.90573811136831495 -0.10971750337529791 -0.81313562877178391 -0.4966064537104613 -0.89714706657471022 -0.11656308670916633 0.00073385699010328957 0.047081520446071327 -0.49264405781890164 0.18008666156999509 1.2494307833897778 0.14488016501893233 -0.99030186463683112 0.68631722340705759 -0.01753648532651635 0.35301358439100916 -0.52659564776520218 -0.024176982409954296 -0.4034112397346114 -0.040975541970985678 0.38669274329007736 0.34719838822142396 -2.1534520130490606 -0.019805816734041318 0.13569912009257876 -0.74621620502402219 -0.20038184431140219 0.67308361636078839 0.13472529774118389 -0.21847045142891108 0.48317445793027897 0.06906552683110867 2.4216389652740227 -0.38255699621402056 -0.10996616714875813 -2.0373547663150342 -1.3660335357537643 1.6539546734280961 0.32653520699073124 0.38571554196988456 -1.9035195474758788 1.1356796825197051 -0.47751678703038042 0.89619671093913245 3.0051878755421031 -0.042824257672390814 0.20233069015204075 -1.1794755853855357 0.80202529949972812 -2.5210785615020437 -0.79837525250179131 -0.097774963076552979 -0.082524665378921114
leaf_weight=30 37 40 20 30 738 21 26 33 40 33 55 28 46 26 42 52 22 32 73 39 42 30 29 38 44 49 40 99 25 27 39 21 829 138 26 46 104 41 28 21 21 32 31 33 62 23 24 20 28 23 22 21 57 20 21 47 23 43 24 134 73 41
leaf_count=30 37 40 20 30 738 21 26 33 40 33 55 28 46 26 42 52 22 32 73 39 42 30 29 38 44 49 40 99 25 27 39 21 829 138 26 46 104 41 28 21 21 32 31 33 62 23 24 20 28 23 22 21 57 20 21 47 23 43 24 134 73 41
internal_value=-0.000324838 -0.00645646 -0.00938567 0.000231671 0.00403646 -0.0155172 -0.000420168 0.00483871 0.0133333 -0.0186275 -0.0141667 -0.00384615 -0.000775595 -0.00124269 0.0069697 0.00259259 -0.000855019 0.000668151 0.00102041 0.00752212 0.00294118 6.50195e-05 0.000464191 0.0121622 0.019863 -0.000465283 7.4184e-05 0.00538922 -0.00105263 0.0134615 -0.00652174 -0.00167653 -0.00317647 0.00609756 -0.00526316 0 0.0138889 0.00913978 -0.00391499 -0.00641476 0.000461538 -0.00766423 0.003125 0.0146154 -0.00995575 -0.0219626 -0.00623188 -0.0130682 0.000887574 -0.00310345 -0.00555556 0.00286195 0.00471014 0.000228311 -0.0204545 -0.00226131 -0.00657895 -0.00116279 -0.00930233 -0.0166667 0.00445545 -0.0016129
internal_weight=4002 333 293 3669 768 174 119 93 60 153 120 65 2901 2736 165 135 2690 1796 1764 226 187 1538 1508 111 73 1397 1348 334 190 52 138 1014 850 164 114 88 144 93 894 569 325 548 96 65 452 107 345 176 169 145 45 297 276 219 44 199 152 129 86 156 101 62
internal_count=4002 333 293 3669 768 174 119 93 60 153 120 65 2901 2736 165 135 2690 1796 1764 226 187 1538 1508 111 73 1397 1348 334 190 52 138 1014 850 164 114 88 144 93 894 569 325 548 96 65 452 107 345 176 169 145 45 297 276 219 44 199 152 129 86 156 101 62
is_linear=0
shrinkage=0.05


Tree=99
num_leaves=63
num_cat=0
split_feature=1 1 11 13 7 14 8 6 5 13 12 14 14 4 9 13 10 1 4 1 11 1 8 6 0 16 8 7 16 1 1 11 5 6 13 4 4 4 5 7 9 6 8 11 16 4 7 12 1 16 1 13 8 12 5 0 13 1 4 10 1 1
split_gain=3.82867 4.85368 6.36772 12.2769 5.40256 5.28853 12.5819 6.62971 6.07409 5.96875 4.9311 4.57909 5.70823 4.79039 4.00476 3.72171 3.71396 8.69017 4.47664 4.44235 4.39418 4.99029 3.61329 9.11105 5.17455 4.57157 7.7203 5.76197 4.35977 7.41714 9.71645 6.28608 4.97369 4.43687 6.2119 4.23261 8.51212 5.968 11.2658 10.203 7.3136 8.40605 5.22592 5.14642 7.75835 9.15341 5.56522 5.25762 4.35126 3.87512 4.97778 3.87189 9.40497 9.13413 5.09962 4.0611 8.2004 5.80232 6.58295 5.68638 3.80055 7.73217
threshold=4.5000000000000009 2.5000000000000004 35.150000000000013 0.36434624697336565 33.45000000000001 90.000000000000014 14.847811925768502 12.208624708624709 0.95000000000000007 0.32025641025641033 10.662318758813123 2550.0000000000005 1500.0000000000002 6.1203630000000011 0.28966437833714725 0.72850122850122856 0.2253968253968254 9.5000000000000018 6.1203630000000011 19.500000000000004 7.1500000000000012 12.500000000000002 11.971928195019837 80.757222222222239 10.328667200000002 23.500000000000004 13.275414124263937 58.850000000000001 -119.49999999999999 11.500000000000002 13.500000000000002 37.250000000000007 17.050000000000004 19.153204134366927 0.1464191393506292 14.121639000000002 44.003073000000008 9.1650740000000024 30.650000000000002 41.850000000000001 0.096006144393241177 17.306488203266792 11.456048803388184 29.850000000000005 50.500000000000007 3.0757620000000006 26.850000000000005 10.378504764459677 14.500000000000002 11.500000000000002 11.500000000000002 0.14909495077802479 12.966891609119806 14.433238836243282 19.950000000000003 10.61197581666667 0.41541932643627566 19.500000000000004 4.7453935000000014 14.789447004608297 10.500000000000002 6.5000000000000009
decision_type=2 2 10 10 8 10 8 8 10 10 10 8 10 10 10 10 8 2 10 2 8 2 8 10 2 2 8 8 2 2 2 10 10 10 10 10 10 10 10 10 10 10 10 10 2 10 10 10 2 2 2 8 8 10 10 2 8 2 10 10 2 2
left_child=1 10 3 4 -3 6 8 -7 -4 -9 15 12 16 -13 -10 -1 17 18 -2 -19 21 -18 28 24 25 26 -24 -28 29 -22 -31 -32 33 34 -30 37 -37 39 48 40 -34 42 43 46 49 -46 -42 -47 -39 50 -45 52 -26 -54 -55 56 57 58 59 -53 61 -36
right_child=11 2 5 -5 -6 7 -8 9 14 -11 -12 13 -14 -15 -16 -17 20 19 -20 -21 22 -23 23 -25 51 -27 27 -29 32 30 31 -33 35 -35 60 36 -38 38 -40 -41 41 -43 -44 44 45 47 -48 -49 -50 -51 -52 55 53 54 -56 -57 -58 -59 -60 -61 -62 -63
leaf_value=0.16761148816837945 -0.4064692404209167 -0.88375230701062224 1.7105834384426679 0.062293530227800355 -0.02261963709531525 -0.13437033265088233 -0.70288826503920776 0.4995885333203483 0.089713221945872834 2.2385401021701528 -0.5269220217853664 -0.012142503524333837 -0.6424212808030425 0.26685949484361932 -0.18402940626521344 -0.086716051633488792 6.2694135997478044 0.28052912512039185 -0.99616344643875832 -1.0951443933816736 -0.97481806163199192 0.066064908115316359 1.8341375222682474 0.19613323556757487 -1.4711237383170721 0.20463104914690078 -1.0262281910805504 -0.0039135340565841009 -0.53896041896462255 0.42075137262829299 0.10349736855972028 -2.2914013430311235 -0.13393761033894122 0.51945819129649617 -0.15086793095267065 -0.26891624407496584 0.073580737511997896 1.7302933644241776 -0.0723956989696177 0.11207331636827099 0.027085462209851131 1.820113260628957 -0.46957302401623729 0.59024020469264815 0.28173451235582297 -0.0063603285884603622 -0.61467822137831662 -1.0109781178437753 1.1781265632591471 0.95870012798084836 -0.0087535672576062214 0.058068546264160407 0.11706955160410036 -0.03700504898507511 -0.48278965044927863 -0.021252398619816051 0.062919768609377161 0.015966992615901888 -1.1776136439763218 -1.1475346939745439 -0.023709002250060965 0.1835476481749895
leaf_weight=25 24 31 22 81 28 23 33 88 35 23 42 28 27 38 21 33 22 102 31 26 54 35 22 31 27 119 34 52 30 21 30 26 24 24 108 24 20 29 29 38 23 20 38 30 48 23 23 22 21 29 42 21 46 22 36 935 47 21 62 26 647 258
leaf_count=25 24 31 22 81 28 23 33 88 35 23 42 28 27 38 21 33 22 102 31 26 54 35 22 31 27 119 34 52 30 21 30 26 24 24 108 24 20 29 29 38 23 20 38 30 48 23 23 22 21 29 42 21 46 22 36 935 47 21 62 26 647 258
internal_value=-0.00035 0.00381443 0.00636364 -0.00214286 -0.0194915 0.0112245 0.00315315 0.0179104 0.0141026 0.022973 -0.006 -0.000924609 -0.00117425 0.0121212 0.00535714 0.00344828 -0.000993571 -0.0079235 -0.0245455 -0.00078125 -0.000602038 0.0131579 -0.000848523 -0.00263158 -0.00319728 0.00374449 -0.0037037 -0.0104651 0.000743605 -0.00801527 0.00194805 -0.00892857 0.00148387 -0.000421743 -0.000910834 0.00569358 -0.00909091 0.0071754 0.0196203 0.00444444 0.0015528 0.00369128 0.00143885 0.00416667 0.00773196 -0.00268817 -0.0108696 -0.0188889 0.034 0.0173267 0.0111111 -0.004465 -0.0125954 -0.00576923 -0.0189655 -0.00350719 -0.010452 -0.0169231 -0.0215596 -0.00744681 -0.000246792 0.00382514
internal_weight=4000 485 385 140 59 245 111 134 78 111 100 3515 3449 66 56 58 3422 183 55 128 3239 57 3182 1501 1470 227 108 86 1681 131 77 56 1550 1067 1043 483 44 439 79 360 322 298 278 240 194 93 46 45 50 101 72 1243 131 104 58 1112 177 130 109 47 1013 366
internal_count=4000 485 385 140 59 245 111 134 78 111 100 3515 3449 66 56 58 3422 183 55 128 3239 57 3182 1501 1470 227 108 86 1681 131 77 56 1550 1067 1043 483 44 439 79 360 322 298 278 240 194 93 46 45 50 101 72 1243 131 104 58 1112 177 130 109 47 1013 366
is_linear=0
shrinkage=0.05


Tree=100
num_leaves=63
num_cat=0
split_feature=11 11 8 11 13 5 9 10 0 11 5 4 9 10 16 15 5 5 16 16 9 13 13 5 15 9 10 9 15 7 16 10 16 2 0 16 2 5 16 4 4 14 16 13 8 4 5 5 6 13 2 2 16 11 8 8 4 7 8 15 6 4
split_gain=4.70392 5.50516 9.3104 5.92598 5.50782 9.21484 5.10442 5.06949 4.93402 4.92676 4.60168 4.19476 4.59828 7.01839 5.02857 4.42472 4.29138 4.60195 6.69078 5.52783 4.15228 6.44329 4.01516 7.10502 6.48203 6.95195 6.95691 5.24963 7.06255 5.2964 5.22392 6.12998 5.06943 5.57073 8.56563 5.31006 6.70321 6.66152 6.41742 5.34305 5.81329 4.77017 5.69846 6.97908 6.35217 5.6584 5.81258 5.53807 11.2067 5.83441 5.56818 9.26724 5.90423 6.05518 5.52827 11.8858 5.49806 5.3439 7.14844 5.29557 4.99074 4.99731
threshold=117.95000000000002 58.250000000000007 18.76509371075813 60.050000000000004 0.1937129690585912 1.7500000000000002 1.0000000180025095e-35 28.894276841171255 10.397078316666668 60.95000000000001 25.450000000000003 14.114214000000002 0.15034246575342466 17.11229665071771 -8.4999999999999982 1.5000000000000002 26.050000000000004 20.050000000000004 153.50000000000003 67.500000000000014 0.2487113402061856 0.84045454545454557 0.26480327230229844 35.45000000000001 3.5000000000000004 0.28966437833714725 14.061805555555557 0.36882591093117417 3.5000000000000004 34.95000000000001 159.50000000000003 21.159435078379182 116.50000000000001 17.500000000000004 11.950360425000001 49.500000000000007 17.500000000000004 9.3500000000000032 -73.499999999999986 7.8332025000000014 4.1216390000000009 210.00000000000003 44.500000000000007 0.25728429985855733 9.4182772529743239 10.943318000000001 33.100000000000009 9.1500000000000004 19.153204134366927 0.19657494145199064 22.500000000000004 37.500000000000007 -9.4999999999999982 40.850000000000001 12.929385967221505 10.261913922086555 3.6022320000000003 38.850000000000001 11.069093424185928 7.5000000000000009 17.306488203266792 7.0054830000000008
decision_type=10 8 10 8 10 10 10 8 2 10 10 10 10 10 2 2 10 10 2 2 10 10 10 10 2 10 10 8 2 10 2 10 2 2 2 2 2 10 2 10 10 10 2 10 8 10 10 10 10 10 2 2 2 10 10 8 10 10 8 2 10 10
left_child=1 2 8 10 5 -5 -2 -7 11 -6 -3 12 14 15 -1 -14 17 18 19 20 -17 -22 24 27 -10 30 -27 28 29 -24 41 -32 35 34 -34 36 -29 38 -38 40 -37 42 43 45 -44 46 47 48 49 -26 52 -52 53 -49 55 -47 -51 58 -46 -53 -59 -62
right_child=6 3 -4 4 9 7 -8 -9 22 -11 -12 -13 13 -15 -16 16 -18 -19 -20 -21 21 -23 23 -25 25 26 -28 32 -30 -31 31 -33 33 -35 -36 39 37 -39 -40 -41 -42 -43 44 -45 57 54 -48 50 -50 56 51 59 -54 -55 -56 -57 -58 60 -60 -61 61 -63
leaf_value=-0.76760713695517213 0.077079414345850639 -0.29089031263558612 1.8522718377488083 -0.78576948508455535 1.5636532284643352 -0.59517547404674509 -0.019122915683950373 -0.009481617366438537 -0.12798878434962049 0.047918912742657409 -0.038990906117745722 0.32480889930182466 -1.1465179623832267 1.1591077028316086 0.017353846169475596 -0.18325088571479287 -0.22125496488365651 0.19709085236828533 1.7214616391017143 -2.29120109759545 0.74655700390758239 -0.46760252250935874 0.67436829311727386 0.35872095402097559 -1.0878896573998096 -0.083719773825298216 0.49957434037037124 0.081067525138104113 -0.1474725159054191 -0.085432358685092247 1.1601730579394041 -0.31054988905551401 -0.53070475553569807 -0.025019288922959151 0.30628014856501606 0.16210612197697502 0.20028633343666585 -1.0935392458049944 -0.09760262647800913 0.46780046664575931 -0.34662232178981967 0.15361773495042588 -0.88404424997229825 0.4443352512970169 -0.05763145649663564 1.0744585994387983 -0.78738512196311738 0.054404425505505928 0.10436817839845212 0.085614847299995647 0.53887118429021663 -0.068673765336648235 0.13014103255901199 -1.6074564740625925 0.43534234408749328 -0.35047362670918292 -0.63389134867638119 -0.52671254580507199 1.0250919865108166 0.15147979674838993 -0.71029964306157489 0.030598060872217482
leaf_weight=20 41 40 28 20 21 50 21 327 55 176 28 35 20 43 35 25 32 23 40 25 60 28 21 90 41 33 71 163 638 20 84 33 67 195 26 75 61 58 238 74 41 64 33 20 41 23 53 35 20 24 58 58 49 36 23 40 35 44 33 28 33 31
leaf_count=20 41 40 28 20 21 50 21 327 55 176 28 35 20 43 35 25 32 23 40 25 60 28 21 90 41 33 71 163 638 20 84 33 67 195 26 75 61 58 238 74 41 64 33 20 41 23 53 35 20 24 58 58 49 36 23 40 35 44 33 28 33 31
internal_value=-0.000761929 -0.000976909 -0.000137237 -0.00513595 -0.00353535 -0.00692695 0.0129032 -0.00517241 -0.000384497 0.00329949 -0.0191176 0.00492228 0.00327635 0.00574324 -0.01 0.00256917 0.00450644 0.00721393 0.00449438 -0.000724638 0.0039823 0.00909091 -0.00109948 -0.00257499 0.00127505 0.00215724 0.0144231 -0.00330948 -0.00670103 0.0134146 0.000798722 0.0106838 -0.001002 -0.00659722 -0.0166667 0.00126761 -0.00134615 -0.00518207 -0.00217391 0.00842105 0.00172414 -0.000608273 -0.00171504 0.00101289 -0.00860465 -9.56023e-05 -0.00240275 -0.000260417 -0.00916667 -0.016 0.00378788 0.0104167 -0.00416667 -0.0133803 0.0116279 0.00396825 -0.0059322 -0.00494505 0.00540541 0 -0.012037 -0.003125
internal_weight=4003 3941 3279 662 594 397 62 377 3251 197 68 386 351 296 55 253 233 201 178 138 113 88 2865 1767 1098 1043 104 1677 679 41 939 117 998 288 93 710 520 357 299 190 116 822 758 543 215 523 437 384 120 100 264 144 120 71 86 63 59 182 74 86 108 64
internal_count=4003 3941 3279 662 594 397 62 377 3251 197 68 386 351 296 55 253 233 201 178 138 113 88 2865 1767 1098 1043 104 1677 679 41 939 117 998 288 93 710 520 357 299 190 116 822 758 543 215 523 437 384 120 100 264 144 120 71 86 63 59 182 74 86 108 64
is_linear=0
shrinkage=0.05


Tree=101
num_leaves=63
num_cat=0
split_feature=1 15 1 4 11 4 8 13 0 8 5 11 8 1 12 1 11 16 0 12 1 8 4 1 1 12 13 1 12 13 1 0 6 11 11 6 4 11 11 4 6 12 12 16 16 5 11 13 13 9 6 16 5 4 12 13 12 16 16 16 16 15
split_gain=4.75977 5.64499 8.22786 9.35065 6.6681 6.89726 7.77985 7.25747 6.21675 7.2181 8.8557 7.46838 9.58114 8.85856 7.47659 7.40816 7.04065 6.34586 7.51755 6.11039 8.35396 6.25384 6.66605 6.00071 5.89984 5.89065 7.69314 9.99528 7.26243 5.82267 5.70869 8.35652 7.34783 5.67227 5.63343 5.509 8.29756 5.3628 5.21577 8.4669 4.98354 5.41459 5.29301 5.02709 10.0193 7.0945 4.96159 8.40977 7.33874 6.196 8.41676 5.53555 4.92068 11.2941 6.20966 7.50649 5.82387 6.65283 6.82551 5.2524 4.90564 6.39683
threshold=20.500000000000004 6.5000000000000009 19.500000000000004 8.7657680000000031 117.95000000000002 0.42607800000000001 11.971928195019837 0.15958653400010311 11.092311158333336 17.701288443067583 43.600000000000009 29.850000000000005 9.7354293885465868 17.500000000000004 10.044194702714677 19.500000000000004 51.250000000000007 314.50000000000006 11.125757558333335 13.650717002708397 16.500000000000004 13.067434223839458 5.1142140000000014 18.500000000000004 15.500000000000002 11.843440480920069 0.45505050505050509 10.500000000000002 11.590886152093081 0.084219858156028379 6.5000000000000009 10.456888266666668 13.430075187969928 56.95000000000001 46.050000000000004 15.003723404255322 7.0342420000000008 45.750000000000007 20.650000000000002 5.9433180000000005 13.940221088435374 11.273366537679339 10.890075474355768 269.50000000000006 119.50000000000001 9.7500000000000018 35.45000000000001 0.29222126188418329 0.87748592870544095 0.32173123486682814 10.543684210526317 -60.499999999999993 48.150000000000013 1210.3053450000002 13.005170565861564 0.27205442176870759 11.818071675577938 27.500000000000004 104.50000000000001 9.5000000000000018 57.500000000000007 4.5000000000000009
decision_type=2 2 2 10 10 10 10 8 2 10 10 10 10 2 10 2 10 2 2 10 2 10 10 2 2 10 10 2 10 10 2 2 10 10 10 10 10 10 8 10 10 10 10 2 2 10 10 10 8 8 10 2 10 10 8 10 10 2 2 2 2 2
left_child=1 2 4 -4 5 -1 7 35 9 10 11 13 14 38 -13 -15 19 18 -10 21 34 30 -23 25 -16 28 27 -27 40 -8 31 -14 -33 -18 -21 36 -7 -29 39 -3 41 42 43 44 46 -46 48 -48 49 50 -9 -51 54 -54 56 -56 57 -2 -59 -55 -31 -62
right_child=52 8 3 -5 -6 6 29 23 17 -11 -12 12 16 15 24 -17 33 -19 -20 20 -22 22 -24 -25 -26 26 -28 37 -30 60 -32 32 -34 -35 -36 -37 -38 -39 -40 -41 -42 -43 -44 -45 45 -47 47 -49 -50 51 -52 -53 53 59 55 -57 -58 58 -60 -61 61 -63
leaf_value=0.047258711632120767 -0.53799607071385691 1.0217328978392695 2.1717974802414655 -0.024790609057533875 0.093168649166240555 -1.158728707149544 0.084015643678218413 -1.3205260680591073 -0.50023106988706756 -0.095020757409272613 0.84642010526849354 0.77963545551434765 0.32831095157684009 5.3134283413556149 -0.061951745500549299 -0.072984767961485633 0.70770974732834557 2.1214545674591192 -0.015914276996651953 1.3476098937288759 -0.7829420835469425 1.1543988142038704 0.017151793139994709 -1.2179409758530406 1.1130603611319148 1.0088177533022702 -0.40950740972993399 -0.48160851276028893 -0.20967425707972184 -1.1518090017452682 0.07776213270345185 0.045754406974443287 -0.86736840085979416 0.04080273715034935 -0.23904985818671065 -0.018440930853244098 -0.029464630168544354 0.11878099113415815 -0.12993765723669953 -0.080914133026449342 0.22757045812564219 0.36475321700495633 -0.48559332046671244 0.72529033491085537 -0.65287046478455224 0.0038906025431185045 0.06859458172245958 -2.3220460453763283 -0.042741201607167267 0.87138552917538492 0.018101373463034243 0.15949558919660048 0.25049568877586742 0.011755085962338955 -0.08555883224469199 -0.51794862401569441 0.10490742527289157 0.8655741139561286 -0.27399766200912906 -0.28357553351989773 -0.17943451740901237 0.011627497653763363
leaf_weight=119 50 29 35 20 45 21 21 20 36 78 29 68 23 28 38 21 68 23 560 28 31 45 37 24 22 61 22 35 29 236 233 46 46 51 39 81 20 39 105 36 98 22 35 52 84 43 25 26 312 20 61 106 34 45 77 22 34 25 21 23 82 135
leaf_count=119 50 29 35 20 45 21 21 20 36 78 29 68 23 28 38 21 68 23 560 28 31 45 37 24 22 61 22 35 29 236 233 46 46 51 39 81 20 39 105 36 98 22 35 52 84 43 25 26 312 20 61 106 34 45 77 22 34 25 21 23 82 135
internal_value=-0.000452261 6.85119e-05 -0.00178849 0.0172727 -0.00234792 -0.00281575 -0.00362573 -0.00153722 0.00215116 0.00440509 0.00552297 0.00472837 0.00703226 -0.00342466 0.0195312 0.0153061 0.00455951 -0.00185784 -0.00285235 0.00208333 -0.00918367 0.00465116 0.0170732 -0.0002693 0.00666667 0.000275229 0.00923567 0.0137037 -0.00123258 -0.00907173 0.00172414 -0.0073913 -0.0141304 0.0155462 0.000746269 -0.0131148 -0.0280488 0.00135135 -0.00882353 0.00230769 -0.000442478 -0.00173697 -0.00242347 -0.00153538 -0.00265423 -0.0153543 0.000175439 -0.0147059 0.00163776 0.0089372 -0.00185185 0.015873 -0.00619335 0.00294118 -0.010262 -0.019697 -0.00307692 -0.009375 0.00434783 -0.00882353 -0.0102649 -0.00483871
internal_weight=3980 3649 1929 55 1874 1829 1710 1236 1720 1101 1023 994 775 219 128 49 647 619 596 528 98 430 82 1114 60 1090 157 135 933 474 348 115 92 119 67 122 41 74 170 65 904 806 784 749 697 127 570 51 519 207 81 126 331 102 229 99 130 96 46 68 453 217
internal_count=3980 3649 1929 55 1874 1829 1710 1236 1720 1101 1023 994 775 219 128 49 647 619 596 528 98 430 82 1114 60 1090 157 135 933 474 348 115 92 119 67 122 41 74 170 65 904 806 784 749 697 127 570 51 519 207 81 126 331 102 229 99 130 96 46 68 453 217
is_linear=0
shrinkage=0.05


Tree=102
num_leaves=63
num_cat=0
split_feature=1 12 16 12 10 16 12 10 14 0 5 11 12 9 0 2 14 5 5 11 10 1 16 1 7 7 1 12 15 16 5 9 9 6 15 16 15 6 1 16 7 6 12 6 1 9 7 12 11 9 12 1 9 1 5 0 16 16 10 15 12 7
split_gain=3.40826 4.56774 4.66087 6.26842 4.81064 3.90292 6.35947 7.86699 6.45793 6.97429 4.96221 4.84 4.69699 5.68652 4.65107 4.63355 4.36608 4.43294 5.43546 6.31198 5.48129 4.59446 3.88162 3.78114 8.98558 5.4447 4.89898 10.2119 6.40052 4.53404 4.51393 4.03333 3.62089 4.45602 3.88889 3.57334 5.44444 5.37063 3.56698 3.51237 7.69689 7.46557 11.5257 5.59717 5.5537 5.31494 5.84855 7.21985 8.89733 5.21179 10.8978 6.86988 9.03408 8.63678 6.33542 6.09009 5.35404 12.8571 5.31652 5.38046 5.23326 8.46474
threshold=20.500000000000004 3.9383047237885509 3.5000000000000004 10.010745938859507 25.311468555131245 -21.499999999999996 10.82353627749781 15.709023066485754 1.0000000180025095e-35 10.328667200000002 2.8500000000000001 24.050000000000004 11.409470107008502 0.21089696071163827 14.719983033333335 7.5000000000000009 630.00000000000011 16.350000000000005 3.0500000000000003 7.1500000000000012 12.514526901669761 12.500000000000002 -44.499999999999993 14.500000000000002 37.95000000000001 37.350000000000001 9.5000000000000018 14.80368632814257 6.5000000000000009 -56.499999999999993 16.950000000000003 0.21388443017656503 0.17883795309168446 16.371671671671674 8.5000000000000018 50.500000000000007 6.5000000000000009 18.204615384615387 8.5000000000000018 234.50000000000003 56.95000000000001 17.208771929824564 15.182953635675434 16.100620347394543 18.500000000000004 0.13906469760900145 32.95000000000001 10.625628578981507 41.650000000000013 0.17883795309168446 15.684247915525567 17.500000000000004 0.21388443017656503 15.500000000000002 27.250000000000004 11.237888300000002 142.50000000000003 53.500000000000007 10.650161030595816 6.5000000000000009 14.313561214801272 39.650000000000013
decision_type=2 8 2 8 10 2 10 10 10 2 10 10 10 10 2 2 10 10 10 8 10 2 2 2 10 10 2 10 2 2 10 10 8 10 2 2 2 8 2 2 10 10 10 8 2 8 10 10 10 8 10 2 10 2 10 2 2 2 10 2 8 8
left_child=5 -2 32 -4 35 6 7 8 -1 11 12 -10 -8 -14 39 -12 17 18 19 -11 38 -21 -15 24 30 -25 29 28 -28 -26 -17 -27 -3 34 -34 -5 -37 -38 -20 45 41 43 -43 44 -41 46 -7 -48 -49 50 54 53 -53 60 -47 56 57 -54 -55 -60 61 -51
right_child=1 2 3 4 -6 14 10 -9 9 16 15 -13 13 22 -16 23 -18 -19 20 21 -22 -23 -24 25 26 31 27 -29 -30 -31 -32 -33 33 -35 -36 36 37 -39 -40 40 -42 42 -44 -45 -46 49 47 48 -50 51 -52 52 55 58 -56 -57 -58 -59 59 -61 -62 -63
leaf_value=0.59094936114016616 -0.97992268473320687 -0.038053725580950819 0.077057552546468427 -0.1747041237836027 0.0085499585775868255 0.69645338849207272 -0.73323142325093249 0.52787269466658138 0.0053040032179583196 0.15687589583829081 -0.72003252818082264 0.74598725887283457 -1.2778876719777335 0.97775287822715251 -0.80871509909425088 -1.5321112895971984 -0.3925733117067991 -0.60864941873103795 0.00519058985582177 -0.03277792542309798 -0.22124879107941525 -2.6675338742599104 -0.087767859082412344 0.75142616506678772 0.67209534933978576 0.0060052212975858056 -1.5915937709187664 -3.6222853226735254 0.1977551617287574 -0.0038148313449017481 -0.19945143748533101 -0.87121653284745637 0.023357632016069291 0.14267179745651962 -0.083304262757864317 -0.23663678868066321 -0.37151672516113377 2.0120947673573628 0.71176080081335813 0.0086556641444300638 -0.9757838035638674 3.5439213719187701 -0.058725168951758638 -1.2904964123329563 -0.80028497980587565 -0.15153065800188134 -0.053954169821971126 0.26897744712264005 0.030904438365133437 0.015557567504314496 0.17119239968865552 4.4296695531421353 0.8040991000050689 -0.62798876149763783 -1.614658080679876 -0.083208980988918324 2.867184832546839 -0.48228363541367686 -0.068165397786839499 0.23410363814379595 -0.029079539732351008 0.25182414443465423
leaf_weight=24 22 27 21 52 33 29 20 27 25 59 64 20 23 54 29 34 32 57 25 40 33 31 22 27 21 40 22 28 28 40 38 20 60 25 21 24 26 22 45 212 39 36 33 23 32 100 37 31 219 879 34 36 35 91 31 37 41 35 58 34 372 276
leaf_count=24 22 27 21 52 33 29 20 27 25 59 64 20 23 54 29 34 32 57 25 40 33 31 22 27 21 40 22 28 28 40 38 20 60 25 21 24 26 22 45 212 39 36 33 23 32 100 37 31 219 879 34 36 35 91 31 37 41 35 58 34 372 276
internal_value=-0.000411369 -0.00525526 -0.00369775 -0.00898876 -0.0124204 2.71887e-05 -0.00283648 0.00167464 -0.000127877 -0.00177112 -0.00675676 0.0166667 0.00210084 0.00656566 0.00095358 -0.00966851 -0.00434783 -0.00241379 0.000643777 -0.00615385 0.0092233 -0.0161972 0.0131579 -0.00704698 -0.0106635 0.00172414 -0.00323741 -0.0115385 0.002 0.00737705 -0.025 -0.00666667 0.00338346 0.00754717 0.00185185 -0.0169355 -0.00972222 0 0.0171429 0.00116364 -0.00333333 -0.000892857 0.0137681 -0.00468165 -0.00245902 0.00187368 0.00791139 0.00574913 0.0088 0.000947062 -0.00757576 0.00168955 0.0108696 0.000701754 -0.0141221 0.00540541 0.0112613 0.00285714 -0.00956284 -0.00108696 0.00193189 0.00359307
internal_weight=4011 333 311 178 157 3678 899 418 391 367 481 45 119 99 2779 362 322 290 233 130 103 71 76 298 211 87 139 78 50 61 72 60 133 106 81 124 72 48 70 2750 375 336 69 267 244 2375 316 287 250 2059 165 1894 184 1710 131 148 111 70 183 92 1527 1155
internal_count=4011 333 311 178 157 3678 899 418 391 367 481 45 119 99 2779 362 322 290 233 130 103 71 76 298 211 87 139 78 50 61 72 60 133 106 81 124 72 48 70 2750 375 336 69 267 244 2375 316 287 250 2059 165 1894 184 1710 131 148 111 70 183 92 1527 1155
is_linear=0
shrinkage=0.05


Tree=103
num_leaves=63
num_cat=0
split_feature=6 7 1 2 5 2 6 13 1 5 11 15 8 12 10 11 5 9 16 1 6 11 9 13 15 16 5 10 10 13 10 12 12 16 16 5 10 6 8 10 10 9 9 1 10 10 11 11 16 16 1 11 4 1 2 5 5 11 8 13 4 12
split_gain=5.66766 14.4525 5.06346 7.07328 6.53527 12.9898 6.96879 6.97604 5.79455 7.80201 5.75891 5.5723 5.56183 5.59449 5.39375 7.16144 6.18508 6.11948 6.04622 10.2334 7.84644 6.79833 6.06806 10.1452 11.6163 7.35941 6.00596 5.63946 5.57419 5.56522 5.44768 7.08337 5.25455 5.03229 10.4309 6.90752 4.88295 4.80346 5.81841 9.90598 7.45795 7.45001 11.52 7.84 6.50265 6.06296 9.50432 5.53542 5.26625 9.54545 5.17538 7.18091 4.80011 4.73066 14.8639 7.61189 6.00945 5.68362 12.3168 5.51685 5.15253 4.89913
threshold=63.621232876712334 76.750000000000014 8.5000000000000018 17.500000000000004 2.8500000000000001 1.0000000180025095e-35 13.175095785440613 0.2184390997778422 6.5000000000000009 18.450000000000003 43.550000000000004 5.5000000000000009 13.14495898083152 10.247558040373436 26.100769384492409 62.150000000000013 9.0500000000000025 0.046536796536796543 121.50000000000001 11.500000000000002 5.0648148148148158 37.050000000000004 0.41004623791509043 0.24399846360668334 4.5000000000000009 178.50000000000003 27.750000000000004 16.522579678888093 12.36085106382979 0.11922530206112296 6.4543478260869565 10.126507040150601 15.806140119949474 153.50000000000003 215.50000000000003 6.4500000000000011 12.454925673973294 23.271859605911335 10.950394349348167 10.548863636363638 8.9457019171304903 0.33981132075471704 0.42052631578947369 5.5000000000000009 7.0589503042596364 16.955533596837949 43.550000000000004 45.95000000000001 18.500000000000004 98.500000000000014 5.5000000000000009 39.95000000000001 5.0342420000000008 10.500000000000002 17.500000000000004 28.950000000000003 2.2500000000000004 45.250000000000007 9.5054985037121131 0.22259759759759762 6.1203630000000011 12.585731282706201
decision_type=10 10 2 2 10 2 10 10 2 10 10 2 8 10 10 10 10 8 2 2 8 8 10 8 2 2 10 10 10 10 10 10 10 2 2 10 8 10 10 10 10 10 10 2 10 10 10 10 2 2 2 10 10 2 2 10 10 10 10 8 10 10
left_child=1 2 3 4 5 -1 8 10 -6 -10 -8 -9 13 -7 15 17 -16 29 53 20 -20 -22 23 24 -21 -26 -18 33 30 -4 -24 -32 -27 -25 -35 -36 -37 38 39 40 44 45 43 -43 -5 -40 -47 50 -39 -50 51 -41 -23 54 57 56 60 58 -19 -55 -56 -61
right_child=-2 -3 14 37 6 12 7 11 9 -11 -12 -13 -14 -15 16 -17 26 18 19 22 21 52 28 27 25 32 -28 -29 -30 -31 31 -33 -34 34 35 36 -38 48 41 47 -42 42 -44 -45 -46 46 -48 -49 49 -51 -52 -53 -54 59 55 -57 -58 -59 -60 61 -62 -63
leaf_value=-0.53463879758582245 0.045174534464803129 -1.4657760262800641 -2.6529502607757629 -0.058833507447179301 -0.29511790078624456 0.51849130825100687 0.59366542753090035 -0.047755703227403683 -0.55384018862562445 0.44322016494582717 -0.11658883646418672 0.70233043012952268 -0.00085660429920522143 2.3380050091860789 0.39540489105389942 -0.64833721559783664 -0.18347156659523856 -0.93212581137683592 0.012476746463608102 -0.52800277337128354 -0.7703410019026441 -1.1743924196008482 -0.38796182100283261 -0.10172612556996868 -1.0606330951634448 2.4747940168382843 0.11365686182161872 1.7012649603171313 -0.34958517293054925 -0.1103718409640166 0.36831024171832372 -0.30874637537022037 -0.19065127887209493 1.5047727548048291 1.271983054520317 -0.46931405983681618 0.216231613261337 0.55595892457666207 -0.61827600605058708 -0.059472925753908258 -0.74309133942140582 2.1208141407524956 -0.94148286329929953 0.19451956645517915 0.25719039913641384 0.73472117310231733 -0.17231969624005858 -0.24347702193630738 -0.81622225454172082 1.0298840138801555 0.66206835019653387 0.81717700765807955 -0.060472930960882465 0.049696102170778328 -0.010792488095417864 -0.67871484840880647 0.70544452048589368 -0.84235780487536482 0.16969558910001795 -0.0060013805263341886 0.58623271966169332 -0.097057640569772022
leaf_weight=22 99 22 23 236 58 55 25 21 26 20 47 62 20 36 20 71 22 31 26 24 24 28 78 37 22 44 49 34 30 23 20 27 20 43 34 26 37 34 156 54 33 25 30 20 31 20 73 27 20 22 72 24 25 386 30 27 77 28 33 948 38 245
leaf_count=22 99 22 23 236 58 55 25 21 26 20 47 62 20 36 20 71 22 31 26 24 24 28 78 37 22 44 49 34 30 23 20 27 20 43 34 26 37 34 156 54 33 25 30 20 31 20 73 27 20 22 72 24 25 386 30 27 77 28 33 948 38 245
internal_value=-0.000199005 -0.000497322 -0.0002693 0.00232467 0.00790816 0.0169173 0.00328185 0.01 -0.00673077 0.00652174 -0.00138889 0.0198795 0.0238739 0.0291209 -0.00152091 -0.00194959 0.0104396 -0.00149919 -0.00115607 -0.00561313 -0.0199029 -0.0279221 -0.00252101 0.00140187 -0.0109091 -0.00232558 0.00352113 0.00781991 -0.0106452 -0.0195652 -0.006 0.00744681 0.00625 0.00423729 0.00857143 -0.000515464 -0.0103175 -0.000171038 -0.00131086 0.00220126 -0.00333333 -0.00648148 0.00733333 0.0233333 -0.000561798 -0.0106426 -0.000537634 0.0115819 0.0118421 0 0.0153333 0.00641026 -0.0179245 0.000244167 0.00643939 0.0151163 0.0196552 -0.00978261 -0.0015625 -0.00079164 0.00882353 -0.00247276
internal_weight=4020 3921 3899 1269 392 133 259 155 104 46 72 83 111 91 2630 2539 91 2468 2422 579 103 77 476 321 110 86 71 211 155 46 125 47 64 177 140 97 63 877 801 477 300 324 75 45 267 249 93 177 76 42 150 78 53 1843 264 172 145 92 64 1579 68 1193
internal_count=4020 3921 3899 1269 392 133 259 155 104 46 72 83 111 91 2630 2539 91 2468 2422 579 103 77 476 321 110 86 71 211 155 46 125 47 64 177 140 97 63 877 801 477 300 324 75 45 267 249 93 177 76 42 150 78 53 1843 264 172 145 92 64 1579 68 1193
is_linear=0
shrinkage=0.05


Tree=104
num_leaves=63
num_cat=0
split_feature=13 0 11 8 8 12 11 9 10 9 5 15 10 1 13 6 8 5 13 2 9 8 7 15 2 13 9 5 11 6 6 9 8 5 1 6 7 6 0 14 0 2 6 10 2 11 11 15 2 7 13 13 1 0 2 15 9 0 0 13 6 15
split_gain=3.65548 4.87619 4.57143 3.86723 7.92202 5.49529 4.15673 3.92987 3.99221 3.89126 4.34051 3.76367 3.35884 2.82684 11.0986 14.4 9.47618 9.38065 6.65031 5.14315 5.10928 4.81936 8.11385 4.75302 7.04431 6.42821 3.65661 5.27519 6.1719 3.86808 6.41552 5.1424 6.15596 5.02853 5.58462 4.56404 6.12765 4.36036 4.30769 3.92062 3.90666 3.4381 3.07205 2.97954 6.75706 9.20201 6.4434 13.651 5.90339 6.79366 6.70991 5.8649 9.73398 6.36473 9.98759 6.69151 5.06086 5.42049 5.00793 7.01753 7.93407 5.30957
threshold=1.0000000180025095e-35 11.984724408333335 118.90000000000002 15.854866175800465 15.66847600167578 14.756756680534087 47.150000000000013 0.13667496886674971 25.311468555131245 0.22295321637426904 39.550000000000004 9.5000000000000018 29.964292307692315 18.500000000000004 0.28647416413373866 12.825000000000001 14.413168522208299 25.050000000000004 0.36018018018018022 47.500000000000007 0.3465463108320252 13.177572339048016 37.650000000000013 8.5000000000000018 12.500000000000002 0.31230095541401276 0.087337909992372245 8.6500000000000004 50.95000000000001 17.974825174825177 17.654700854700859 0.11978260869565219 14.413168522208299 23.350000000000005 13.500000000000002 17.080128205128208 47.650000000000013 20.323097826086961 11.066474675000002 1.0000000180025095e-35 10.984724408333335 37.500000000000007 17.208771929824564 15.995138888888892 17.500000000000004 58.250000000000007 48.45000000000001 4.5000000000000009 37.500000000000007 38.250000000000007 0.2184390997778422 0.407192075796727 17.500000000000004 11.328667200000002 42.500000000000007 7.5000000000000009 0.25137362637362642 11.958796241666667 11.950360425000001 0.71902412280701766 0.67017543859649131 2.5000000000000004
decision_type=8 2 10 8 10 8 10 8 10 10 10 2 10 2 10 10 10 10 10 2 10 10 10 2 2 10 10 10 10 10 10 10 10 10 2 10 10 10 2 8 2 2 10 10 2 10 10 2 2 10 10 10 2 2 2 2 10 2 2 10 10 2
left_child=1 2 -1 4 11 6 -5 12 -9 10 -10 13 -7 23 15 -15 17 21 20 -20 -16 22 -17 26 -25 -26 27 -2 -29 30 35 -31 33 37 41 36 39 -33 -34 -28 -38 -35 -37 46 -45 48 51 -48 49 -46 -50 53 58 55 -55 -41 -56 -58 61 -60 -61 -53
right_child=3 -3 -4 5 -6 7 -8 8 9 -11 -12 -13 -14 14 18 16 -18 -19 19 -21 -22 -23 -24 24 25 -27 29 28 -30 31 -32 32 38 34 -36 42 40 -39 -40 43 -42 -43 -44 44 45 -47 47 -49 50 -51 -52 52 -54 54 56 -57 57 -59 59 60 -62 -63
leaf_value=-0.022775027422655858 0.056282760692098061 0.12542469063492609 0.084706268066431667 -0.019609046434507695 0.43305733120154344 -0.7159943335803679 -0.74558515522065893 -0.017385220257842438 0.059994841525389475 -0.022226805134636572 0.66133742796514605 2.7193381022458825 0.0063556565310173624 4.7812548574842211 -0.65303528166071778 0.15292188431286008 -0.54576344285366274 0.51623713810251692 -0.13685392892008111 0.61342736519877694 -0.21410446543240644 0.049539567332694823 -0.2523288406071334 -0.14622275792341055 0.72497720761003781 0.059978319617089326 0.29384747067428435 -0.71679501112220023 0.027100489723636614 0.42191075640700543 -1.9223824788266737 -0.045367918066033491 0.83651526011516997 0.075170286048072923 0.87706001511030562 0.35083433713502654 -1.0139071114354807 -0.44207128426049991 -0.00035857420964084956 -0.021665095459209117 -0.0027402906364798699 -0.40200218571433732 0.16126230017211471 0.49634480643767775 0.27888275918728173 -0.908875666797195 -0.14104501314416532 1.0442886056973493 0.035905046453625647 -0.71650000899201405 1.8210374903732856 -0.31675951270435831 2.0932713244257926 -0.086528687355167125 -0.87874321885907669 0.18148065640472311 -4.177588500085065 -0.039823927454661859 0.23461261280073364 0.12306320377072853 -0.32543802093095425 0.0081664195949450406
leaf_weight=42 31 27 21 30 24 35 37 503 26 27 24 21 24 20 27 29 29 46 113 25 26 21 35 22 46 33 41 80 43 38 27 37 39 28 30 20 37 27 24 552 31 20 41 70 35 21 20 48 37 32 20 67 21 247 31 85 20 31 64 91 26 562
leaf_count=42 31 27 21 30 24 35 37 503 26 27 24 21 24 20 27 29 29 46 113 25 26 21 35 22 46 33 41 80 43 38 27 37 39 28 30 20 37 27 24 552 31 20 41 70 35 21 20 48 37 32 20 67 21 247 31 85 20 31 64 91 26 562
internal_value=3.76223e-05 0.01 0.00238095 -0.000192456 0.000548417 -0.00354108 -0.0171642 -0.00211268 -0.000862069 0.00974026 0.018 0.000331544 -0.0144068 0.000190718 -0.00390836 0.005 0 0.00572519 -0.0123037 -0.00652174 -0.0273585 -0.00411765 -0.0109375 0.000738739 0.0113861 0.0183544 0.000336574 -0.00714286 -0.0117886 0.000793651 0.000153711 0.00679012 0.00365854 -0.00211268 0.00641026 0.000444444 6.85244e-05 -0.0125 0.0166667 0.000542197 -0.0147059 -0.00416667 0.0139344 0.000240385 0.00581395 -0.000344828 -0.000402145 0.0147059 0.00483871 -0.00522388 0.0166667 -0.000973845 0.0021059 -0.00362319 -0.00927052 -0.000706436 -0.0243902 -0.0147059 0.00123457 0.00856354 0.00128205 -0.000874404
internal_weight=3987 90 63 3897 3191 706 67 639 580 77 50 3167 59 3146 371 180 160 131 191 138 53 85 64 2775 101 79 2674 154 123 2520 2277 243 205 142 78 2250 2189 64 63 2121 68 48 61 2080 215 145 1865 68 124 67 57 1797 831 966 329 637 82 51 810 181 117 629
internal_count=3987 90 63 3897 3191 706 67 639 580 77 50 3167 59 3146 371 180 160 131 191 138 53 85 64 2775 101 79 2674 154 123 2520 2277 243 205 142 78 2250 2189 64 63 2121 68 48 61 2080 215 145 1865 68 124 67 57 1797 831 966 329 637 82 51 810 181 117 629
is_linear=0
shrinkage=0.05


Tree=105
num_leaves=63
num_cat=0
split_feature=12 11 13 7 2 11 0 4 0 0 13 15 0 7 6 4 6 9 13 15 14 13 6 6 5 2 7 4 16 7 15 14 0 14 13 0 16 5 12 11 11 0 6 9 12 5 11 0 16 11 9 2 11 7 11 5 10 9 10 11 16 4
split_gain=4.9353 6.79627 5.60235 5.52461 6.84738 6.08379 4.38384 7.66236 8.01644 7.13271 8.32973 7.7591 6.39268 7.17257 7.74321 7.44021 7.47844 6.38447 8.97257 6.97221 7.74322 6.51064 5.89821 5.96862 5.7931 5.63625 5.24689 5.20923 8.01641 7.43218 6.73221 6.6847 5.54651 5.49823 5.18571 5.11559 6.62516 7.64624 7.00655 5.51139 6.09524 5.08877 7.66957 9 5.06792 8.02021 5.50647 4.88195 4.86025 4.63566 4.81602 6 5.33516 4.59522 5.65385 4.55963 4.9324 4.54812 5.43649 8.27273 6.89394 4.52472
threshold=9.6402081128751416 32.850000000000001 0.407192075796727 23.950000000000003 47.500000000000007 30.350000000000005 11.108811808333334 0.30928300000000003 11.125757558333335 10.61197581666667 0.14371772805507746 6.5000000000000009 10.397078316666668 31.950000000000003 22.576842105263161 4.7453935000000014 14.712113899613902 0.16152751423149908 0.25728429985855733 4.5000000000000009 210.00000000000003 0.30992957746478877 63.621232876712334 31.424702380952382 56.750000000000007 32.500000000000007 44.45000000000001 11.271860000000002 234.50000000000003 34.850000000000001 5.5000000000000009 210.00000000000003 12.771758666666669 570.00000000000011 0.11067366579177604 12.397078316666668 64.500000000000014 4.9500000000000011 11.159159886943636 48.250000000000007 55.050000000000004 12.771758666666669 18.839384057971021 0.25834260289210237 14.80368632814257 3.9500000000000006 37.650000000000013 10.967131783333334 218.50000000000003 42.45000000000001 0.19264507422402163 37.500000000000007 39.250000000000007 43.250000000000007 41.050000000000004 19.250000000000004 25.08878391472869 0.37965517241379315 13.725082146768896 38.95000000000001 -100.49999999999999 8.0342420000000008
decision_type=8 8 10 10 2 10 2 10 2 2 8 2 2 8 10 10 8 8 10 2 8 10 10 10 8 2 8 10 2 8 2 10 2 10 10 2 2 10 10 10 10 2 10 10 8 10 10 2 2 10 8 2 10 10 10 10 10 10 10 10 2 10
left_child=3 2 -2 -1 -5 -6 9 -8 -9 11 25 12 13 -3 15 -15 -17 18 61 20 21 47 23 27 44 55 -14 30 29 -29 31 53 -31 -33 -27 36 57 -38 -39 -40 -41 -37 43 -43 45 46 -21 -19 49 50 -47 -52 -53 54 -10 -11 -57 58 -32 -60 -61 -12
right_child=1 6 -4 4 5 -7 7 8 22 10 17 -13 26 14 -16 16 -18 19 -20 24 -22 -23 -24 -25 -26 34 -28 28 -30 32 35 33 -34 -35 -36 41 37 38 39 40 -42 42 -44 -45 -46 48 -48 -49 -50 -51 51 52 -54 -55 -56 56 -58 -59 59 60 -62 -63
leaf_value=-0.0057732047626233296 -0.57339061500685418 0.56247568236274359 0.072088432637341701 0.081603179079321742 -1.1817627148846164 0.022775672016510741 0.28499163299475255 -0.76388099304840795 -0.70542933852974699 0.48420590067786051 0.6108727843620344 0.01970140768654112 -0.73990263290077607 -1.161519298636287 0.35216333459016197 0.72300382852988987 -0.038378350214005777 -0.66736947590361739 -0.6287763112704523 0.033831157839936843 0.17299105201257134 0.0057766295978828987 0.0768734190445685 -0.29021469458909066 0.065945011678841106 -0.02554290227909628 -0.19101566904199033 -0.98275425426738705 -1.6732790256146721 -0.033199970720035221 -0.68871951613062599 0.059707426469457328 0.15253077762911307 -0.53268126732053955 -0.21938754499786184 -1.335798347811332 -0.11038431489641312 -0.21654808890545355 2.2913112911552598 -0.071981656072960296 3.2778392143882784 1.6474912265547077 -0.38670025462091429 -0.33899724435462275 -0.02121165420912496 0.12300485587239703 1.0231912259974074 -0.15321535763329985 -0.59263908585164415 0.30767734539687863 -0.1990666739552982 0.39495114953140809 -1.2086987641919742 -0.40438145411131643 -1.0828583358716464 -1.1363469658308731 0.048227689805632273 0.67071613483848513 1.1335155162133279 -2.7642593523262722 -0.0014424141139473879 0.039556132008672674
leaf_weight=672 47 28 20 345 33 43 47 39 24 25 67 411 129 50 26 20 74 27 20 42 34 34 40 27 24 32 59 27 21 97 43 44 34 25 28 27 47 21 46 21 21 20 24 25 221 24 93 20 32 106 101 33 20 37 26 26 22 23 28 24 130 32
leaf_count=672 47 28 20 345 33 43 47 39 24 25 67 411 129 50 26 20 74 27 20 42 34 34 40 27 24 32 59 27 21 97 43 44 34 25 28 27 47 21 46 21 21 20 24 25 221 24 93 20 32 106 101 33 20 37 26 26 22 23 28 24 130 32
internal_value=-0.000349301 -0.00142367 -0.0171642 0.00251601 0.00700713 -0.00657895 -0.00105337 -0.00374494 -0.00472901 0.000376344 0.00305738 -0.0031995 -0.00829016 -0.0020202 -0.00588235 -0.0104167 -0.00212766 0.00473118 0.0155462 0.00314427 -0.00826087 -0.0166667 -0.0037694 -0.00464037 0.00502874 -0.00864662 -0.0148936 -0.00389222 -0.0114525 -0.00759494 -0.00182927 -0.0108974 -0.00267176 0.000724638 -0.02 0.001 0.00346535 0.0115385 0.0188073 0.025 0.0119048 -0.009375 -0.00217391 0.01 0.00416667 0.00720621 0.0174074 -0.0287234 0.0028481 0.00492958 0 -0.00324675 0.0103774 -0.0201149 -0.03 0.000684932 -0.00833333 -0.0016129 -0.00377778 0 -0.00454545 0.0217172
internal_weight=4008 2915 67 1093 421 76 2848 988 941 1860 1063 797 386 198 170 144 94 930 119 811 115 81 902 862 696 133 188 835 179 158 656 156 131 69 60 500 404 156 109 88 42 96 69 45 672 451 135 47 316 284 178 154 53 87 50 73 48 248 225 182 154 99
internal_count=4008 2915 67 1093 421 76 2848 988 941 1860 1063 797 386 198 170 144 94 930 119 811 115 81 902 862 696 133 188 835 179 158 656 156 131 69 60 500 404 156 109 88 42 96 69 45 672 451 135 47 316 284 178 154 53 87 50 73 48 248 225 182 154 99
is_linear=0
shrinkage=0.05


Tree=106
num_leaves=63
num_cat=0
split_feature=16 14 1 16 4 4 16 11 4 6 6 16 9 16 8 10 4 16 5 14 10 4 4 7 2 16 5 2 15 4 11 14 7 9 0 16 0 0 16 9 6 6 1 4 16 9 11 11 1 10 8 11 11 5 1 5 5 4 8 9 16 2
split_gain=5.76482 3.8777 12.5986 8.34834 5.09687 7.11571 5.05045 7.68 4.22647 4.57388 5.92641 7.71429 4.20878 4.0165 4.00649 6.74644 11.5385 6.12146 5.63353 4.30792 4.27055 4.00117 7.20897 8.43842 8.10628 6.24635 6.08805 8.40317 4.68625 4.51203 5.98164 4.31003 4.06097 3.74625 3.73304 6.4 4.31259 7.5307 4.19474 7.10998 10.2283 9.35026 11.177 5.76455 7.38605 7.23047 4.91869 4.5367 3.97577 4.46619 3.93578 11.9497 11.4618 4.52288 4.65279 13.8753 11.2909 7.40783 6.45333 5.0129 4.55033 7.27305
threshold=-219.49999999999997 450.00000000000006 9.5000000000000018 108.50000000000001 4.1025600000000013 4.1216390000000009 391.00000000000006 22.700000000000006 2.1185900000000006 0.28809523809523813 10.609498834498838 49.500000000000007 0.044466403162055343 -183.99999999999997 15.854866175800465 23.235353456365345 5.8332025000000014 24.500000000000004 23.950000000000003 150.00000000000003 26.100769384492409 6.1142140000000014 5.9433180000000005 26.050000000000004 42.500000000000007 61.500000000000007 25.450000000000003 42.500000000000007 5.5000000000000009 5.6022320000000008 46.350000000000001 90.000000000000014 37.95000000000001 0.17445652173913045 13.154141975000003 32.500000000000007 10.932213500000001 10.958796241666667 -2.4999999999999996 0.16152751423149908 14.251984126984128 16.990981432360744 15.500000000000002 8.6022320000000025 76.500000000000014 0.16774891774891779 46.45000000000001 41.850000000000001 6.5000000000000009 3.3752623083131561 6.5441972657440886 30.850000000000005 27.350000000000005 31.650000000000002 14.500000000000002 19.550000000000004 15.250000000000002 7.9433180000000005 12.273700559650793 0.3986301369863014 2.5000000000000004 42.500000000000007
decision_type=2 10 2 2 10 10 2 10 10 8 8 2 8 2 10 10 10 2 10 10 10 8 10 10 2 2 10 2 2 10 10 8 10 10 2 2 2 2 2 8 8 8 2 10 2 8 10 10 2 8 10 10 10 10 2 10 10 10 10 10 2 2
left_child=-1 4 3 -3 12 -6 13 -8 -4 -10 -11 -12 -2 -7 21 16 -16 -18 -19 20 -17 22 23 24 -15 26 27 31 -24 30 -27 -25 -33 -28 36 -36 38 -38 39 -23 -41 -42 -43 46 45 -45 -40 48 -47 -50 51 -39 -52 54 55 59 57 -56 -58 60 61 -54
right_child=1 2 8 -5 5 6 7 -9 9 10 11 -13 -14 14 15 19 17 18 -20 -21 -22 34 28 25 -26 29 33 -29 -30 -31 -32 32 -34 -35 35 -37 37 50 43 40 41 42 -44 44 -46 47 -48 -49 49 -51 52 -53 53 -55 56 -57 58 -59 -60 -61 -62 -63
leaf_value=0.3001630000311723 -0.31748443067214116 0.43422630944862117 -0.40484634508845185 -0.1362003870491364 -0.9330221463667201 -0.72568694339598783 -0.76340099889198454 2.9345563688440226 0.16772676764253661 -0.11871857060693483 -0.50604720395451253 0.1150057673299326 0.01790517285884068 -0.74799374835748655 0.10745167804870932 -0.32247707415678506 -3.2360732294671068 -0.20051515563926189 -0.88473806977661473 -0.16189510991514669 0.30131465661601986 0.13781372831814329 -0.018677470774797558 -0.23550291033029605 0.05071232337393692 1.0825608744019846 -2.5238872507605441 -0.22254018260076691 -0.69049103978647486 2.5650707907922015 -0.22464101091607597 0.083003845383722574 1.1515277020291101 -0.23917235763073386 0.054088608306364333 -0.95610335226834009 1.3302924972086829 0.0056145733454648654 -0.45073802793254175 0.4227314432025141 -1.2298658800142972 0.15005546116290092 -0.61040019186043926 -0.3764017442122406 0.13500331288748235 -1.4970265502833744 0.064000918509731802 0.24918559424983233 0.67997576974644647 -0.092716362172782174 1.8178272195041807 -0.037501680013225069 1.0558090658537651 0.094828594908127256 0.088600014286550677 -0.29219852980489452 0.54415415987430382 -0.52956610911631852 -0.16814316957436487 1.1193922693747886 0.017966116262233794 -0.022339287987167333
leaf_weight=34 37 48 22 21 21 25 20 30 33 22 21 21 1471 53 26 21 21 27 30 30 32 42 29 36 20 59 20 23 59 22 21 22 25 33 20 20 47 212 81 103 30 31 23 34 126 22 24 28 21 74 21 49 38 82 23 62 30 64 20 33 102 22
leaf_count=34 37 48 22 21 21 25 20 30 33 22 21 21 1471 53 26 21 21 27 30 30 32 42 29 36 20 59 20 23 59 22 21 22 25 33 20 20 47 212 81 103 30 31 23 34 126 22 24 28 21 74 21 49 38 82 23 62 30 64 20 33 102 22
internal_value=8.93085e-05 -9.00901e-05 0.00691489 0.023913 -0.000446308 -0.00198721 -0.00170664 0.014 -0.00294118 0.00154639 -0.00625 0.0047619 0.00179045 -0.00207743 -0.00183946 -0.00882353 -0.0173077 -0.0269231 -0.0184211 0.00180723 0.0103774 -0.00115425 -0.00545024 -0.00209581 -0.0171233 0.00210728 -0.00408805 0.00283019 -0.0181818 0.0117647 0.00625 0.010241 0.0202128 -0.0179245 6.73854e-05 -0.015 0.000484765 0.00291925 -0.00258216 0.00283843 -0.0013369 -0.0142857 -0.00185185 -0.00560976 -0.00213115 -0.00865922 -0.0157143 -0.0037931 -0.00811966 -0.00368421 0.00171504 -0.0032567 0.00432596 0.00273109 0.000507614 0.00447471 -0.00693431 -0.0178161 0.012 0.0110256 0.00740741 0.0183333
internal_weight=3919 3885 188 69 3697 2189 2168 50 119 97 64 42 1508 2118 2093 187 104 78 57 83 53 1906 422 334 73 261 159 106 88 102 80 83 47 53 1484 40 1444 805 639 229 187 84 54 410 305 179 105 145 117 95 758 261 497 476 394 257 137 87 50 195 162 60
internal_count=3919 3885 188 69 3697 2189 2168 50 119 97 64 42 1508 2118 2093 187 104 78 57 83 53 1906 422 334 73 261 159 106 88 102 80 83 47 53 1484 40 1444 805 639 229 187 84 54 410 305 179 105 145 117 95 758 261 497 476 394 257 137 87 50 195 162 60
is_linear=0
shrinkage=0.05


Tree=107
num_leaves=63
num_cat=0
split_feature=10 9 12 12 6 6 6 2 9 7 5 13 8 13 2 10 7 0 11 0 6 6 0 7 9 12 9 11 10 9 10 16 16 16 16 16 16 12 0 13 8 6 11 5 7 13 5 9 9 16 1 13 7 16 6 6 13 16 10 12 16 1
split_gain=4.77631 10.9573 7.72103 8.14808 7.26596 6.24752 7.49368 6.73037 6.17647 5.43903 5.35714 5.27821 7.4917 5.46586 6.35294 5.78571 6.61225 5.62208 7.95514 4.95135 4.94017 6.99294 4.5382 4.24808 3.88931 6.54675 6.49369 6.17299 6.79754 6.64102 4.98 4.7179 5.26775 4.69565 4.60461 4.28704 5.8553 5.03704 4.4974 3.85808 4.75072 3.94651 3.61274 5.75115 6.21075 3.25755 9.69432 9.6477 7.50834 5.1398 4.27002 7.65374 9.96248 5.94932 5.79967 8.26686 6.00519 5.37127 4.94312 5.15703 4.6297 5.26575
threshold=17.269304556354921 0.091966173361522213 14.313561214801272 14.610962235504106 19.913368794326242 19.913368794326242 16.879584221748406 42.500000000000007 0.48074074074074075 45.95000000000001 26.950000000000003 0.25082781456953646 14.983452898816823 0.20848321342925663 52.500000000000007 18.38206208425721 58.850000000000001 10.125757558333335 55.350000000000001 10.522861450000002 18.204615384615387 17.208771929824564 10.967131783333334 45.95000000000001 0.19890109890109894 13.839543959840251 0.15831244778613202 42.45000000000001 19.883996299722483 0.12579113924050636 24.854303350970024 188.50000000000003 -42.499999999999993 -31.499999999999996 82.500000000000014 -5.4999999999999991 104.50000000000001 13.465420231617202 11.771758666666669 0.21606265356265361 13.348646663437556 19.278273809523814 65.850000000000009 18.050000000000004 58.250000000000007 0.1924501424501425 7.9500000000000011 0.14400921658986179 0.16568627450980394 -21.499999999999996 18.500000000000004 0.28647416413373866 38.050000000000004 250.50000000000003 16.06301829268293 15.781100266193436 0.3024785801713587 6.5000000000000009 11.046340460526318 11.539701180963887 405.00000000000006 17.500000000000004
decision_type=10 8 10 10 10 10 10 2 10 10 10 10 10 10 2 10 10 2 10 2 10 10 2 8 10 10 10 10 10 10 10 2 2 2 2 2 2 10 2 10 10 10 10 10 10 8 8 8 8 2 2 10 8 2 10 10 10 2 10 10 2 2
left_child=1 -1 5 9 8 6 45 19 10 -4 22 13 23 17 15 -15 39 18 -2 -8 21 -21 -5 -13 26 -26 27 -19 -29 31 -31 32 -30 -28 -35 -34 37 -37 -39 -17 -41 -42 43 -14 -45 46 -3 -47 49 -48 54 52 -52 58 55 60 -56 -54 -53 -60 61 -49
right_child=11 2 3 4 -6 -7 7 -9 -10 -11 -12 12 42 14 -16 16 -18 24 -20 20 -22 -23 -24 -25 25 -27 33 28 29 30 -32 -33 35 34 -36 36 -38 38 -40 40 41 -43 -44 44 -46 47 48 50 -50 -51 51 53 57 -55 56 -57 -58 -59 59 -61 -62 -63
leaf_value=-0.55600335750230412 0.010921071605072875 -0.40922076919564249 -0.12728837974057008 -0.42986484693040766 0.7416333207289556 -2.0310626627392163 -0.16468913112533345 -0.025032916801680828 0.10520108979282981 -1.4247316954796159 -0.0062912303981728541 1.8596985255962277 -0.36014710408781564 0.094957454566677771 0.080872583340508619 -1.5604358854055351 0.30958183289886421 0.54258468330926257 -1.2881670236057845 0.33060113677668979 1.0315245240214324 0.012542099101134685 -0.92465712842610448 3.1298501444673565 -0.080314534402585652 0.33036004704587651 0.54341153077688564 -0.20966787023040975 -1.1107091011954682 0.52194152534858629 0.081321306421962766 -0.40161897613712388 0.091316476368177815 -0.19000859890047536 0.034276005094289984 -0.024609455705209018 0.11685822234119068 -0.0012300216300042766 0.12423675382443732 -1.0568938860264019 0.042472520010900273 -0.46021616582640379 0.31502037857116411 2.1060499550811982 -0.1590335003386695 0.85108612396663474 -0.11987079348019805 0.0016425931252355142 -0.14834735569509919 0.53306175166903325 1.0907426350989411 -0.058004477729643615 0.0075908008514120762 -1.1268827453291266 -0.076236431199907181 0.86809662611188332 -2.8337885096810354 -0.13840140959157646 -1.6805225421136047 -0.12659268993848441 1.5089758193247551 2.0001019695088673
leaf_weight=68 38 49 20 22 37 24 31 38 35 23 28 32 42 24 20 20 28 34 21 26 32 46 34 20 40 70 23 38 24 26 23 20 51 49 20 38 22 57 21 21 20 37 35 32 30 20 22 1880 66 34 29 99 69 26 45 25 21 43 21 20 20 70
leaf_count=68 38 49 20 22 37 24 31 38 35 23 28 32 42 24 20 20 28 34 21 26 32 46 34 20 40 70 23 38 24 26 23 20 51 49 20 38 22 57 21 21 20 37 35 32 30 20 22 1880 66 34 29 99 69 26 45 25 21 43 21 20 20 70
internal_value=0.000237559 -0.000744294 -0.000287648 -0.00979899 -0.00448718 0.000399129 0.000622255 0.0106936 -0.0105042 -0.0290698 -0.0178571 0.00327869 0.010733 0.00146497 -0.00647059 -0.01 -0.0142857 0.00365854 -0.0110169 0.0159259 0.0211538 0.0138889 -0.0267857 0.0269231 0.00521583 0.0136364 0.00313901 0.00621469 0.0040625 0.00673759 0.0234694 0.00321888 0.00539906 -0.00869565 -0.0152174 0.00820106 0.00362319 -0.000862069 0.00641026 -0.0204082 -0.0153846 -0.00789474 0.00467626 0 0.00967742 -5.86166e-05 -0.00672515 0.00041876 0.000819672 0.0142857 0.000126689 -0.00537459 0.00319149 -0.0126506 0.000946143 0.00142857 -0.0136364 -0.00357143 -0.00857143 -0.0231707 0.00106599 0.000820513
internal_weight=3999 3023 2955 199 156 2756 2732 173 119 43 84 976 191 785 170 150 126 615 59 135 104 72 56 52 556 110 446 354 320 282 49 233 213 92 69 189 138 116 78 98 78 57 139 104 62 2559 171 2388 122 56 2368 307 141 166 2061 1995 66 112 140 41 1970 1950
internal_count=3999 3023 2955 199 156 2756 2732 173 119 43 84 976 191 785 170 150 126 615 59 135 104 72 56 52 556 110 446 354 320 282 49 233 213 92 69 189 138 116 78 98 78 57 139 104 62 2559 171 2388 122 56 2368 307 141 166 2061 1995 66 112 140 41 1970 1950
is_linear=0
shrinkage=0.05


Tree=108
num_leaves=63
num_cat=0
split_feature=1 9 12 6 10 9 10 4 0 15 8 5 6 4 9 4 1 6 8 14 4 6 15 6 4 5 12 4 11 11 8 10 1 4 12 8 8 0 10 12 5 12 12 13 10 15 2 13 15 13 9 8 1 15 10 9 9 11 15 12 6 0
split_gain=3.66295 5.082 4.71351 7.52126 5.89534 4.80571 4.25785 4.24667 3.83586 3.81258 5.08019 5.24447 7.17171 3.47655 10.0824 6.34709 7.6485 6.41995 7.72587 5.87864 5.55379 5.22126 5.4297 8.57469 5.41002 5.40341 4.97626 11.6699 6.73498 11.3414 8.24914 6.13784 4.70798 4.44 4.24053 6.56251 4.06349 3.73635 5.71332 3.99819 14.0848 8.12411 6.88385 5.3531 13.3226 10.3502 5.415 4.47937 6.61622 6.09481 9.75137 7.16367 6.09484 12.2487 8.23493 6.86357 6.11327 6.09514 6.07432 6.48125 6.61225 4.46049
threshold=20.500000000000004 0.096006144393241177 13.037851972218389 16.521111111111114 17.975090036014411 0.24283374283374287 0.39187392795883369 2.1185900000000006 11.967131783333334 8.5000000000000018 15.248705928055026 30.050000000000004 17.927083333333339 4.1025600000000013 0.042572463768115944 5.0054830000000008 5.5000000000000009 19.153204134366927 12.473443072260828 1.0000000180025095e-35 3.7886000000000002 20.993833333333338 5.5000000000000009 25.481187290969906 7.4260780000000013 29.950000000000003 15.234754536444784 7.0054830000000008 48.45000000000001 47.650000000000013 14.745378600987939 16.420462387853696 14.500000000000002 8.9433180000000014 11.914527341945274 9.7354293885465868 9.4477068793613643 10.108811808333334 1.4690730837789661 8.1390459802829369 17.950000000000003 8.607845648265954 8.9879316302217891 0.75582655826558276 4.2848913043478261 5.5000000000000009 42.500000000000007 0.16611479028697576 6.5000000000000009 0.20577805590321238 0.21089696071163827 10.335189529836271 15.500000000000002 6.5000000000000009 14.264171122994656 0.30341388569236677 0.32173123486682814 33.45000000000001 6.5000000000000009 10.687169791256084 14.639688552188556 11.456888266666668
decision_type=2 8 10 10 10 8 8 10 2 2 10 10 10 10 8 10 2 10 10 8 8 10 2 10 10 10 10 10 10 10 8 10 2 10 8 10 10 2 10 8 10 8 8 10 10 2 2 8 2 8 10 8 2 2 10 10 10 10 2 8 8 2
left_child=9 -2 3 6 -4 7 -3 -6 -8 13 11 12 -11 14 -1 16 -15 18 32 -17 -16 26 33 24 -24 -25 28 -28 29 37 31 -30 -18 -23 35 -22 -35 38 -21 40 43 -41 -43 44 -39 46 -45 48 -44 50 51 -49 55 -54 -55 58 -57 -58 59 -51 -61 -47
right_child=1 2 4 -5 5 -7 8 -9 -10 10 -12 -13 -14 15 20 19 17 -19 -20 21 34 22 23 25 -26 -27 27 -29 30 -31 -32 -33 -34 36 -36 -37 -38 39 -40 41 -42 42 47 45 -46 61 -48 49 -50 52 -52 -53 53 54 -56 56 57 -59 -60 60 -62 -63
leaf_value=-0.80988238385889133 -0.19507816808410752 -0.88324466448832117 -0.50232199770945984 1.067442720848677 0.0058165654394911857 0.082667895706581673 0.021416328737398873 -0.30836030665281999 -0.069992120124538468 0.38515972457960052 -0.035346598660072462 1.0417486724009453 -0.60480549506998882 1.3457039579883245 0.0055038359579455687 0.19118222687814246 -0.44699037707007783 -1.2747239700808379 0.18049966274505211 -0.14736076647856963 0.14319864541632674 0.27612147178641838 0.52995151708453947 -0.91585505041288906 0.017801817389284082 0.0035415949683653917 0.43588222154531042 -0.24310020648977831 1.2770250247042858 -1.6041809579614985 -0.11391757953649327 -0.068244057717237391 0.025004660810129309 -0.018459286295207489 0.31639621688427727 -0.26811474626515802 0.051459938133112983 1.4723746139788205 0.53096710246195078 -0.42929188464518414 2.8186987282696161 0.26874104101724455 -1.1296708209913722 -0.036508656822920753 -0.086017054662669873 -0.78058619575447075 0.29088327367566919 0.56024153395727427 0.032594626262086333 -0.11277160624983154 0.44448650271068368 -0.32553576570589732 -2.2251371829497653 0.22259640026675173 -1.0906781576510818 -1.664684843440609 1.5286598713057566 -0.12472634210840053 -0.034025882746833956 1.2607399845966523 0.13385915341924073 -0.002964114973453036
leaf_weight=25 23 20 25 25 26 20 145 24 23 102 35 20 20 26 1241 43 89 35 36 24 46 33 28 43 49 39 20 71 52 20 29 23 24 21 49 36 63 33 34 30 25 37 40 96 52 77 54 23 34 33 29 38 85 49 25 24 22 150 161 28 98 30
leaf_count=25 23 20 25 25 26 20 145 24 23 102 35 20 20 26 1241 43 89 35 36 24 46 33 28 43 49 39 20 71 52 20 29 23 24 21 49 36 63 33 34 30 25 37 40 96 52 77 54 23 34 33 29 38 85 49 25 24 22 150 161 28 98 30
internal_value=-0.000552764 -0.00558912 -0.0038961 0.000234742 -0.0131579 -0.00571429 -0.00319149 -0.014 -0.000595238 -9.59167e-05 0.00706215 0.0112676 0.00737705 -0.000460829 0.00146743 -0.00175904 -0.01 -0.013587 -0.0090604 -0.000831099 0.00204082 -0.00126235 0.00507246 -0.000943396 0.011039 -0.0121951 -0.00239327 -0.0137363 -0.00168385 -0.00262768 0.0105769 0.0193333 -0.0154867 0.0132479 0.0118321 0.00487805 0.00714286 -0.00206612 0.0103448 -0.00263158 0.00177112 -0.00441501 -0.00353881 -0.000877193 0.01 -0.00447471 0.004 -0.00446961 -0.0162162 -0.00333333 0.00888889 -0.00245902 -0.00496296 -0.013522 0.00135135 -0.00232558 -0.00969388 -0.00639535 0.0021875 0.0091195 0.0142857 -0.0163551
internal_weight=3980 331 308 213 95 70 188 50 168 3649 177 142 122 3472 1397 2075 210 184 149 1865 1372 1822 276 159 77 82 1546 91 1455 1351 104 75 113 117 131 82 84 1331 58 1273 367 906 876 342 85 257 150 839 74 765 90 61 675 159 74 516 196 172 320 159 126 107
internal_count=3980 331 308 213 95 70 188 50 168 3649 177 142 122 3472 1397 2075 210 184 149 1865 1372 1822 276 159 77 82 1546 91 1455 1351 104 75 113 117 131 82 84 1331 58 1273 367 906 876 342 85 257 150 839 74 765 90 61 675 159 74 516 196 172 320 159 126 107
is_linear=0
shrinkage=0.05


Tree=109
num_leaves=63
num_cat=0
split_feature=13 4 4 1 4 6 0 1 0 0 16 8 13 13 5 13 13 13 1 15 7 2 1 13 2 0 4 14 15 11 15 13 13 6 11 4 4 4 0 5 2 1 9 15 8 5 13 9 1 6 2 13 1 16 15 7 16 16 16 7 8 11
split_gain=3.99802 5.1864 5.0866 4.71082 4.24673 8.51114 9.95029 6.47408 8.48776 6.8585 5.03967 5.74611 4.09528 4.02286 3.91065 3.88014 3.65259 7.5896 7.38179 6.08624 5.81414 4.63409 4.56059 6.01088 6.27014 3.60032 4.08805 3.55663 8.33333 4.68132 9.47995 6.91995 6.76657 6.43951 10.3469 6.07405 10.2576 6.62338 5.78766 5.80928 4.68052 6.13365 4.65176 4.53181 4.42133 3.85042 3.61242 5.87658 3.38743 3.37191 3.29755 5.72621 8.54572 5.54208 7.62517 6.31035 5.48608 4.43466 4.07314 4.69663 7.30635 6.85081
threshold=0.099019607843137278 4.1025600000000013 4.1216390000000009 19.500000000000004 3.1185900000000006 16.94226190476191 10.950360425000001 8.5000000000000018 11.125757558333335 11.61197581666667 108.50000000000001 10.555433740447866 0.12933094384707292 0.11428761828601894 6.4500000000000011 0.14073503521126765 0.1924501424501425 0.16345083487940634 17.500000000000004 5.5000000000000009 46.250000000000007 22.500000000000004 7.5000000000000009 0.20848321342925663 32.500000000000007 12.950360425000001 1.2718600000000002 210.00000000000003 2.5000000000000004 37.050000000000004 4.5000000000000009 0.42715835974262945 0.3824808184143223 12.657839721254357 45.95000000000001 0.83548650000000013 1.7453935000000003 0.30928300000000003 10.4818853 15.250000000000002 32.500000000000007 11.500000000000002 0.49590163934426235 6.5000000000000009 12.035940700979676 19.750000000000004 0.2469862018881627 0.27812939521800289 16.500000000000004 6.4632142857142867 37.500000000000007 0.40367746288798928 3.5000000000000004 46.500000000000007 5.5000000000000009 33.250000000000007 89.500000000000014 -35.499999999999993 -206.49999999999997 21.900000000000002 8.1274044343350855 39.95000000000001
decision_type=8 10 10 2 8 8 2 2 2 2 2 10 8 10 10 8 10 10 2 2 10 2 2 10 2 2 10 8 2 10 2 10 10 10 10 10 10 10 2 10 2 2 10 2 10 10 10 10 2 10 2 10 2 2 2 8 2 2 2 8 8 10
left_child=3 4 -3 14 16 7 -7 8 -6 10 11 -9 13 -4 -1 -14 17 18 21 -19 -21 -2 -18 24 -24 27 -27 29 -29 38 -31 32 33 34 -32 37 45 -35 49 40 41 -40 -42 -41 -38 -37 -46 -48 -43 -25 58 52 -52 54 -53 56 -55 -56 -17 61 -61 -60
right_child=1 2 12 -5 5 6 -8 9 -10 -11 -12 -13 15 -15 -16 50 22 19 -20 20 -22 -23 23 25 -26 26 -28 28 -30 30 31 -33 -34 35 -36 36 44 -39 39 43 42 48 -44 -45 46 -47 47 -49 -50 -51 51 53 -54 55 57 -57 -58 -59 59 60 -62 -63
leaf_value=0.360477848291332 -0.65174418015408908 -0.5211884722827046 -0.048297627587518654 -0.058674566612326728 0.0013558891609942948 1.0226830270250999 0.049382618580740029 0.21680091268147642 -0.63192143718054083 0.91827167601392157 -0.78213630281983171 -0.10196366512565247 0.36683570340739574 -1.1140715890214199 0.036573070915535764 1.7463641390355429 0.074471492709980061 0.0046242531639553164 0.31801655012131941 -0.23836298753817006 -0.66609611993224105 0.019655096665520112 0.94585944478637607 1.8519745057494206 -0.055416539812742555 -0.46372145517166968 0.0074722358361260181 -0.1448333582306085 0.43185838415104305 -0.65435379362052082 -1.3593147067363531 -0.67757431602551854 2.8612768101744339 -0.018264403618406404 0.35854208568312329 0.55980148451760392 -0.78042992490440677 -1.1617254018282039 0.67696404914331643 -0.16758724067189945 0.55913054989173838 -0.63620626901273603 -0.0072552654585607002 -1.098644883484456 -0.91557075601049442 0.062142243673116937 0.33741508820402299 -0.066059916322972617 0.010938938374113683 0.18482987021221123 -1.0702109593679141 0.046112892324571143 -0.040716099919041286 1.6260612623534869 -0.9862871678314552 1.6161565237106872 -0.04749246882895744 -0.20558613739534196 -0.056175070280031748 0.38422062618720193 -0.0056810706749928714 -0.74283843041621245
leaf_weight=20 28 24 22 25 49 38 44 55 22 35 25 32 39 28 173 21 301 32 36 53 21 48 25 20 23 27 26 24 24 29 28 32 29 34 21 35 20 21 28 29 38 37 23 22 21 23 25 36 35 26 37 64 402 31 22 23 68 41 233 78 1054 20
leaf_count=20 28 24 22 25 49 38 44 55 22 35 25 32 39 28 173 21 301 32 36 53 21 48 25 20 23 27 26 24 24 29 28 32 29 34 21 35 20 21 28 29 38 37 23 22 21 23 25 36 35 26 37 64 402 31 22 23 68 41 233 78 1054 20
internal_value=-0.000162297 -0.000541326 -0.00210693 0.00642202 0.00164557 0.007 0.0207317 0.00183486 -0.0105634 0.00782313 0.00178571 0.00747126 -0.00185525 -0.016 0.00906736 -0.00152368 0.000390625 -0.00550459 0.00357143 -0.0150943 -0.022973 -0.00526316 0.00160075 -0.000459921 0.0166667 -0.0016129 -0.0141509 -0.000606061 0.0125 -0.00163399 -0.00536723 -0.00292308 -0.000511945 -0.0030303 -0.0193878 0.000697674 0.005625 -0.0136364 0.00348837 0 0.00465839 -0.002 0.0155738 -0.0147059 -0.00392157 0.0224138 0.00121951 0.00737705 -0.00972222 0.0195652 -0.00181471 -0.00465116 -0.00808656 0.00140562 -0.00590551 0.00901639 0.00353535 -0.018254 -0.000426743 -0.000758123 0.000618375 -0.006917
internal_weight=4005 3787 2207 218 1580 300 82 218 71 147 112 87 2183 50 193 2133 1280 218 112 106 74 76 1062 761 48 713 53 660 48 612 354 325 293 264 49 215 160 55 258 212 161 100 61 51 102 58 82 61 72 46 2094 688 439 249 127 122 99 63 1406 1385 1132 253
internal_count=4005 3787 2207 218 1580 300 82 218 71 147 112 87 2183 50 193 2133 1280 218 112 106 74 76 1062 761 48 713 53 660 48 612 354 325 293 264 49 215 160 55 258 212 161 100 61 51 102 58 82 61 72 46 2094 688 439 249 127 122 99 63 1406 1385 1132 253
is_linear=0
shrinkage=0.05


Tree=110
num_leaves=63
num_cat=0
split_feature=11 1 1 14 12 11 12 5 14 16 6 6 16 6 12 7 5 16 12 10 6 8 12 15 11 10 7 4 12 10 4 15 12 0 16 4 4 5 5 16 1 1 10 1 8 16 4 16 6 5 8 0 10 1 0 11 6 10 14 4 10 6
split_gain=5.41385 4.2978 8.92404 7.99943 6.15004 6.98349 5.44789 6.2202 5.36317 5.33333 4.23512 7.73289 6.79798 7.79239 9.38288 4.97319 4.84 4.47851 7.54928 4.99221 8.39002 4.19299 6.55155 6.22222 5.92295 5.39766 8.08229 6.95367 10.6065 10.1359 7.19555 6.64139 5.40294 5.38365 5.89246 6.03077 4.6415 9.803 4.61092 4.52794 9.05307 4.72481 4.45693 4.1259 5.4668 4.96667 4.80828 4.57477 4.12206 4.11935 4.09138 4.61047 5.30021 4.48443 4.95102 3.91359 6.95368 5.35714 5.91473 5.37363 7.1955 5.72044
threshold=118.90000000000002 10.500000000000002 11.500000000000002 1500.0000000000002 14.007437963338797 45.95000000000001 11.539701180963887 8.2500000000000018 1.0000000180025095e-35 26.500000000000004 18.204615384615387 18.839384057971021 -26.499999999999996 20.038913043478264 20.601111248569527 46.250000000000007 18.950000000000003 -125.49999999999999 11.941166602291307 13.630007309941522 10.305235137533275 15.854866175800465 18.935539299916787 2.5000000000000004 67.250000000000014 15.995138888888892 32.95000000000001 9.7657680000000031 12.167434445409777 15.66822807017544 10.328557000000002 7.5000000000000009 14.106329140504988 11.932213500000001 76.500000000000014 5.8332025000000014 8.0342420000000008 13.050000000000002 18.650000000000002 4.5000000000000009 5.5000000000000009 4.5000000000000009 24.854303350970024 20.500000000000004 16.77162832842982 87.500000000000014 4.9433180000000005 33.500000000000007 28.067083333333333 17.950000000000003 11.666295273866963 11.125757558333335 2.3987804878048782 7.5000000000000009 10.857762616666669 40.050000000000004 11.84181141439206 12.454925673973294 150.00000000000003 0.9433180000000001 11.583206260032105 7.9191111111111123
decision_type=10 2 2 10 10 10 10 10 10 2 10 10 2 10 10 10 10 2 10 10 10 8 10 2 10 10 10 10 10 10 10 2 10 2 2 10 10 10 10 2 2 2 10 2 10 2 10 2 8 10 10 2 10 2 2 10 10 10 10 10 10 10
left_child=1 21 4 8 5 6 7 -3 -4 -5 17 16 49 -14 15 -15 -12 18 19 20 -10 22 24 -23 25 27 -27 29 30 32 -29 33 36 34 39 -36 55 -38 -35 40 -28 -41 -25 45 -45 47 -47 -17 -44 -13 51 52 -32 54 -54 57 -57 59 -59 -1 61 -61
right_child=-2 2 3 9 -6 -7 -8 -9 10 -11 11 12 13 14 -16 43 -18 -19 -20 -21 -22 23 -24 42 -26 26 31 28 -30 -31 50 -33 -34 38 35 -37 37 -39 -40 41 -42 -43 48 44 -46 46 -48 -49 -50 -51 -52 -53 53 -55 -56 56 -58 58 -60 60 -62 -63
leaf_value=0.58618220404564048 0.056312627911877793 -0.22655553158573555 0.14806530722078987 -1.2876530606583683 -0.83126249376363148 0.21581006576317982 -0.75660126414353224 0.035750328291475689 0.2419566061981879 -0.044439680417688802 0.018719623142123745 -0.90063096431474077 -0.17300027540916318 0.7930116098219927 -0.012440703773930271 0.053870869695716389 2.5965203158015169 -0.02370701951511156 -0.80809941009200037 1.3929327541119032 -0.25084642927764239 0.32343128459633469 0.41607701965517691 -0.025465484342172474 -0.28961336602907722 0.33906596502095215 0.14675670418321154 0.74549199575216962 1.1012078535963812 -0.81615813553099559 -0.82832771721036491 0.2506598472155751 -0.49673088466254467 0.45878796700406455 1.1415215434882384 -0.044249373687686604 -0.017239735072567621 -1.3050017985474864 0.0014652341778962352 -0.9919611709860684 -1.293331388284696 -0.31584505532777229 -0.89790925019498646 -0.10586910471383959 0.15696966713680977 0.40805663612332455 -0.035641441462085768 0.57927985653107894 -0.037485785598014409 -0.05363694761771956 -0.64029302705399727 -0.16979343815272419 -0.050017930405586247 1.2705931873068181 0.47108324945471125 -0.10532808146483391 0.47995482312396121 -0.045936066298468164 -0.75333355835784399 0.012824457367807442 0.70573293929932557 -0.13915142630296701
leaf_weight=52 55 61 64 24 68 38 36 44 34 24 20 22 48 71 36 36 25 1384 30 22 21 28 32 171 25 23 32 27 42 21 28 69 31 20 32 20 52 21 23 23 37 22 22 23 27 26 45 21 31 30 23 54 29 30 33 57 115 100 26 198 30 98
leaf_count=52 55 61 64 24 68 38 36 44 34 24 20 22 48 71 36 36 25 1384 30 22 21 28 32 171 25 23 32 27 42 21 28 69 31 20 32 20 52 21 23 23 37 22 22 23 27 26 45 21 31 30 23 54 29 30 33 57 115 100 26 198 30 98
internal_value=-0.000124626 -0.000341168 -0.00175439 -0.000664043 -0.0107287 -0.00586592 -0.0109929 -0.0052381 -0.000176322 -0.0208333 -0.000650703 0.00372093 0.00142857 0.00405405 0.00719298 0.0106426 0.0233333 -0.00191147 0.00794393 0.0162338 0.00818182 0.0015802 0.00263158 -0.00436508 0.00211773 0.00255848 0.00847176 0.000890347 0.00789474 -0.00143571 0.00357143 0.00611511 -0.000512821 0.00167464 -0.00240964 0.0115385 0.000333778 -0.0116438 0.0174419 -0.00877193 -0.000724638 -0.0211111 -0.00714286 0.00617978 -0.006 0.0109375 0.00211268 0.0219298 -0.0198113 -0.0153846 0.000253807 0.00287356 0.00833333 0.0141304 0.00645161 0.00162722 0.00813953 -0.000595238 -0.00952381 0.00238095 0 -0.00236486
internal_weight=4012 3957 2280 2033 247 179 141 105 1985 48 1921 430 385 333 285 249 45 1491 107 77 55 1677 1425 252 1393 1368 301 1067 266 801 224 278 780 209 166 52 749 73 43 114 69 45 224 178 50 128 71 57 53 52 197 174 120 92 62 676 172 504 126 378 326 296
internal_count=4012 3957 2280 2033 247 179 141 105 1985 48 1921 430 385 333 285 249 45 1491 107 77 55 1677 1425 252 1393 1368 301 1067 266 801 224 278 780 209 166 52 749 73 43 114 69 45 224 178 50 128 71 57 53 52 197 174 120 92 62 676 172 504 126 378 326 296
is_linear=0
shrinkage=0.05


Tree=111
num_leaves=63
num_cat=0
split_feature=10 6 11 12 16 12 16 16 6 14 13 7 6 14 5 8 9 13 9 0 16 5 12 2 12 8 16 11 16 16 10 5 6 8 5 5 8 13 7 7 9 13 0 14 13 6 8 12 12 15 8 8 12 6 6 8 6 7 11 9 12 12
split_gain=6.04418 7.8492 6.65189 7.69226 7.48062 5.28302 8.68515 5.38891 11.4612 4.33067 7.9013 4.14142 9.44731 4.93887 4.44483 6.53116 6.38336 5.10225 5.26753 4.47059 5.66844 7.32239 5.73517 9.50466 4.01804 3.96594 7.25908 6.87455 7.28957 7.66711 3.91708 4.04613 7.86461 5.7894 5.69927 4.6465 8.51264 7.66943 3.87394 5.20721 6.28571 3.50303 3.37398 3.33622 4.73816 5.20302 5.98542 6.68345 4.4166 3.25792 3.24074 4.72896 4.66667 3.05079 3.03873 9.04156 4.80392 3.71027 4.02512 7.8172 6.14853 6.78897
threshold=16.522579678888093 23.477065826330534 41.350000000000001 11.843440480920069 -7.4999999999999991 12.959255635025203 -69.499999999999986 -1.0000000180025095e-35 14.532738095238097 1.0000000180025095e-35 0.34299719887955188 27.650000000000002 11.908013312852026 510.00000000000006 106.95 17.29017704991389 0.36240942028985512 0.15043221589711156 0.091966173361522213 12.958796241666667 104.50000000000001 4.4500000000000011 16.694700095647899 27.500000000000004 15.806140119949474 18.508148967086708 60.500000000000007 58.95000000000001 24.500000000000004 -22.499999999999996 11.164754550468837 0.95000000000000007 14.213846153846156 12.966891609119806 11.950000000000001 21.850000000000005 14.983452898816823 0.2886752136752137 46.050000000000004 47.95000000000001 0.12429775280898878 0.19163509180996796 11.108811808333334 150.00000000000003 0.18148880105401846 17.080128205128208 12.066093548557225 14.007437963338797 14.80368632814257 5.5000000000000009 13.14495898083152 14.042185564158613 13.400676157923455 18.09446022727273 16.990981432360744 11.487468788315541 17.654700854700859 46.050000000000004 43.550000000000004 0.21089696071163827 12.462765003401314 11.914527341945274
decision_type=10 10 10 10 2 10 2 2 10 10 8 10 10 10 10 10 10 10 10 2 2 10 8 2 10 10 2 10 2 2 10 10 10 10 10 10 10 10 10 10 10 10 2 10 10 10 10 10 10 2 10 10 10 10 10 10 10 10 10 10 10 10
left_child=1 5 3 4 -2 9 -7 8 -8 10 -1 -4 -13 14 15 16 19 18 -17 20 22 -22 24 -24 43 26 -19 -27 29 -29 -9 33 34 -32 -33 36 -34 -37 41 -40 -41 -23 -12 44 45 -14 -47 -48 50 -30 52 -52 -46 -45 57 -56 -57 58 -11 -60 61 -61
right_child=2 -3 11 -5 -6 6 7 30 -10 54 42 12 13 -15 -16 17 -18 25 -20 -21 21 38 23 -25 -26 27 -28 28 49 -31 31 32 35 -35 -36 37 -38 -39 39 40 -42 -43 -44 53 48 46 47 -49 -50 -51 51 -53 -54 -55 55 56 -58 -59 59 60 -62 -63
leaf_value=0.44691535080178613 0.42864734369482937 2.4886705004149974 0.097695640829236596 0.40639396543709944 -0.071814084144562543 0.18008416591459808 0.04562545667568383 0.13526133314975214 -1.4321396652048799 -0.014275755945124891 0.45258605705908439 -0.88844230616314723 -0.69776823857154302 0.31998696116050596 0.16073802900625336 -0.0038958613594540013 1.5042874500940258 -0.56090203207276712 -1.1194570999565812 -0.25561204753979599 -0.10850646740775911 3.3568698042052945 0.21809370302755016 -0.045926248123598523 -0.99925371674660823 1.5592611041611213 0.028038193663317657 -0.30695519906136126 -0.63141677714213362 0.36285786686639732 0.67359387068675858 -0.37755338322681881 0.28478831412749678 -0.25750061179528316 -0.20746700074180852 -1.2337110503122315 -0.95558915868268068 -0.05131712223448659 -0.24118927966520332 -0.0072687974222285486 3.2425241144007297 0.71109652134082291 -0.10160088268834447 -0.075338304585784874 0.73854555669176802 0.072674818698523866 -0.36792870814913392 0.072113814845316093 -0.5872749381721345 -0.13025458153503353 1.4324737328820174 0.048250747254776405 -0.59271746624434829 0.050755595899457197 -0.2040312144214049 1.1768679921979839 0.027025485668662433 -0.13378514984061241 -0.60249495161592614 0.25334848473844218 -0.12638078397556765 2.1384083594016734
leaf_weight=22 21 20 25 46 34 29 20 24 31 2130 21 27 27 21 20 22 21 22 20 34 24 20 35 33 24 22 29 26 20 41 37 29 28 24 32 20 30 42 24 22 28 24 34 21 21 38 66 39 31 65 22 32 21 60 35 30 34 51 36 55 32 36
leaf_count=22 21 20 25 46 34 29 20 24 31 2130 21 27 27 21 20 22 21 22 20 34 24 20 35 33 24 22 29 26 20 41 37 29 28 24 32 20 30 42 24 22 28 24 34 21 21 38 66 39 31 65 22 32 21 60 35 30 34 51 36 55 32 36
internal_value=0 -0.00121443 0.00310284 0.0153465 0.00272727 -0.00143256 -0.00722543 -0.00962145 -0.0245098 -0.00063593 0.011039 0.00189873 0.00139721 0.00220513 0.00167715 0.00117773 0.00382309 -0.00543071 -0.0214286 0.00294118 0.00392157 0.0126761 0.0012766 0.0147059 -0.000995025 -0.00244444 -0.0147059 0.00114943 -0.00263158 0.00970149 -0.00676692 -0.00867769 -0.0124309 0.00245902 -0.0270492 -0.005 0.00517241 -0.0145161 0.0177966 0.0108108 0.02 0.0295455 0.000909091 0.00026455 -0.00218855 -0.00764706 -0.00384615 -0.01 0.00511811 -0.0123529 0.0104167 0.0185185 0 0.00925926 -0.00100451 0.00757576 0.01875 -0.00136752 -0.00107034 0.00660377 0.0126016 0.0192308
internal_weight=4010 2882 1128 101 55 2862 346 317 51 2516 77 1027 1002 975 954 934 667 267 42 646 612 142 470 68 402 225 51 174 152 67 266 242 181 61 61 120 58 62 118 74 50 44 55 378 297 170 143 105 127 85 96 54 42 81 2439 99 64 2340 2289 159 123 91
internal_count=4010 2882 1128 101 55 2862 346 317 51 2516 77 1027 1002 975 954 934 667 267 42 646 612 142 470 68 402 225 51 174 152 67 266 242 181 61 61 120 58 62 118 74 50 44 55 378 297 170 143 105 127 85 96 54 42 81 2439 99 64 2340 2289 159 123 91
is_linear=0
shrinkage=0.05


Tree=112
num_leaves=63
num_cat=0
split_feature=11 9 12 0 15 16 7 6 11 5 8 10 16 6 7 15 7 10 16 10 6 9 7 12 0 10 10 12 11 16 8 6 6 16 8 6 10 8 13 16 16 12 0 6 9 14 16 6 4 13 11 7 8 16 13 8 15 16 16 5 16 8
split_gain=3.6842 8.05848 6.59171 7.5784 6.30654 5.70377 7.8842 7.62643 5.96518 7.04671 7.74695 5.63345 4.66788 12.1337 7.30486 8.40303 5.73103 8.92635 5.79024 5.65038 19.1474 7.97046 7.14743 7.48725 5.35355 6.33225 5.03064 7.09171 8.40516 8.11259 5.85084 6.33522 6.20167 4.5611 7.03633 7.79867 4.86967 4.84045 4.65095 4.83353 4.59701 5.35362 4.80965 4.60909 4.55686 5.14286 7.14286 6.10909 4.38261 10.7931 4.37848 4.3699 8.14469 6.94546 6.86211 6.51688 11.5942 6.35737 5.75782 4.90084 4.62032 4.56414
threshold=36.750000000000007 0.091966173361522213 10.08243251084266 14.092311158333336 4.5000000000000009 -100.49999999999999 33.250000000000007 23.0771686746988 37.550000000000004 19.050000000000004 10.369099126112738 14.311376802662396 297.50000000000006 11.645299145299147 45.45000000000001 6.5000000000000009 33.45000000000001 12.059491264131553 136.50000000000003 12.693513957307063 11.70823643410853 0.42980295566502463 37.95000000000001 11.980237240109513 12.967131783333334 20.299205128205134 14.886241379310347 11.132106326592909 40.250000000000007 -9.4999999999999982 10.424747936473935 14.213846153846156 18.839384057971021 -26.499999999999996 13.348646663437556 19.913368794326242 21.248965721040189 12.705705745644261 0.31383948928408578 136.50000000000003 -15.499999999999998 12.928497305134558 10.932213500000001 18.09446022727273 0.1908263305322129 90.000000000000014 -45.499999999999993 10.79731934731935 5.1142140000000014 0.45505050505050509 39.650000000000013 53.850000000000001 17.032010818479488 -1.0000000180025095e-35 0.19727575982209047 17.902137207813755 7.5000000000000009 23.500000000000004 21.500000000000004 21.050000000000004 144.50000000000003 19.68339893346813
decision_type=10 8 10 2 2 2 10 10 10 10 8 10 2 8 10 2 8 10 2 10 8 10 10 10 2 10 10 10 10 2 8 10 10 2 10 10 10 8 10 2 2 10 2 10 10 10 2 10 10 10 10 10 10 2 10 10 2 2 2 10 2 10
left_child=1 -1 3 -3 -4 6 -2 11 9 10 -7 -8 16 -14 15 -15 17 -10 44 22 -21 24 -18 50 26 -26 30 29 -29 -28 -22 -32 -33 34 37 -36 -37 -30 40 -40 -35 42 43 -42 -19 -46 -47 -48 49 -25 -24 52 53 -43 57 -56 61 -53 59 -55 -59 -57
right_child=5 2 4 -5 -6 8 7 -9 12 -11 -12 -13 13 14 -16 -17 19 18 -20 20 21 -23 23 48 25 -27 27 28 33 -31 31 32 -34 38 35 36 -38 -39 39 -41 41 51 -44 -45 45 46 47 -49 -50 -51 -52 54 -54 58 55 56 -58 60 -60 -61 -62 -63
leaf_value=-0.53116814368555332 -1.2811929604389847 -0.002966726282735266 -0.9242912927049709 0.1964581363481962 -0.045464200941917547 0.75944346336973756 -0.47669780254488076 -3.268757472927037 -0.029109106621089967 1.1882154341311066 -0.036601492005064976 0.12313127939256906 -0.52852786041610644 -0.33972638517452991 -0.49767266508951452 2.6754819978415072 1.8905091931543188 -0.025966309777800501 2.289559107967039 -1.1657161355725874 0.32315272131509581 -1.7239821539409292 -0.33769715660940075 2.5551848088627134 1.380127293061328 0.01907266236358085 0.068203253208670489 0.73961223234401463 -0.38831517718872366 -0.46396888514086287 -0.41800242281704136 0.026468377839008819 -0.75832456633033662 0.067523822883522863 0.60126878065355216 -0.83376487828996204 0.31214001147116277 -2.1633960929898675 1.4616716015995879 0.015743311079376099 0.18838705379444384 -0.6728621929030274 0.081291011108910072 -0.11780027593638938 1.2777426397242224 0.55003235564616981 1.0111196412795957 -0.40659827236479185 2.6800730270303927 -0.59535073710297992 0.075919364545494972 0.045213423984820998 -0.13481548808456872 0.24341689113044238 0.50312896370846971 0.0075715125296284217 -0.12861693620112363 -0.69363458112970544 -0.035562637390785669 0.022624976832463187 -0.0350370495729595 2.1530953805196433
leaf_weight=22 42 1315 45 39 227 33 27 20 76 34 40 91 32 28 56 31 34 32 22 42 20 23 32 22 29 42 27 49 38 48 58 135 25 44 23 23 30 23 37 31 24 34 79 20 21 21 20 22 35 24 99 50 20 34 37 21 23 34 224 36 32 25
leaf_count=22 42 1315 45 39 227 33 27 20 76 34 40 91 32 28 56 31 34 32 22 42 20 23 32 22 29 42 27 49 38 48 58 135 25 44 23 23 30 23 37 31 24 34 79 20 21 21 20 22 35 24 99 50 20 34 37 21 23 34 224 36 32 25
internal_value=5.0226e-05 -0.00175971 -0.00135301 7.38552e-05 -0.00845588 0.00132819 -0.00722222 -0.00144928 0.00204271 0.0135514 0.00479452 0.00338983 0.00144113 -0.00714286 0.000434783 0.0127119 0.00210526 0.00981308 0.0173913 0.00112693 -6.94444e-05 0.0009299 0.00813008 0.00471698 0.00141818 0.0147887 0.000690184 0.0021576 0.00327952 -0.0126667 -0.00588235 -0.00825688 -0.003125 0.0022293 -0.00620438 0.00394737 -0.00660377 -0.0188525 0.0036646 0.0161765 0.00251018 0.00151515 0.0109756 -0.00227273 0.012931 0.0190476 0.0119048 0 0.0166667 0.00652174 -0.00267176 -0.000526316 -0.00402299 -0.00213415 0.00495495 0.0141509 0.00507246 -0.00344828 0.000340136 0.0128571 -0.0136364 0.0195652
internal_weight=3982 1648 1626 1354 272 2334 180 138 2154 107 73 118 2047 147 115 59 1900 214 138 1686 1440 1398 246 212 1375 71 1304 1066 991 75 238 218 160 942 137 76 53 61 805 68 737 693 123 44 116 84 63 42 81 46 131 570 348 328 222 106 69 116 294 70 66 46
internal_count=3982 1648 1626 1354 272 2334 180 138 2154 107 73 118 2047 147 115 59 1900 214 138 1686 1440 1398 246 212 1375 71 1304 1066 991 75 238 218 160 942 137 76 53 61 805 68 737 693 123 44 116 84 63 42 81 46 131 570 348 328 222 106 69 116 294 70 66 46
is_linear=0
shrinkage=0.05


Tree=113
num_leaves=63
num_cat=0
split_feature=10 7 7 6 5 6 10 10 4 5 10 13 8 1 5 11 10 11 0 5 4 16 15 4 12 8 6 13 10 16 12 11 9 9 8 13 11 13 16 6 16 15 12 16 4 4 16 0 0 10 5 15 13 6 5 6 10 13 11 10 15 13
split_gain=4.01086 6.2152 10.104 5.74387 5.67959 5.25362 5.31076 4.59487 4.5649 9.58473 6.89925 5.86418 7.27166 6.29294 6.82075 5.63984 5.44848 5.13926 6.15877 13.557 7.53428 5.93125 4.87905 4.75808 4.67034 10.8787 6.13143 8.71076 4.33497 4.67233 5.307 4.45873 4.22043 3.98733 3.81581 8.80476 5.72825 5.41901 5.14384 9.26383 4.9588 6.86636 8.60214 5.381 5.07347 4.81632 4.75819 4.65895 4.37965 4.19177 5.96179 4.73387 4.02042 3.7007 5.0129 3.65714 3.60043 7.63865 4.87481 3.6 3.55416 6.63871
threshold=28.343463569986021 61.050000000000004 60.050000000000004 23.271859605911335 50.500000000000007 63.621232876712334 84.068884220354803 95.640326340326354 5.8332025000000014 44.100000000000009 25.08878391472869 0.36018018018018022 13.777974643234868 6.5000000000000009 29.250000000000004 53.250000000000007 16.662280701754387 41.650000000000013 11.092311158333336 20.050000000000004 1.4260780000000002 24.500000000000004 6.5000000000000009 12.118590000000003 14.313561214801272 13.647507877264838 25.481187290969906 0.18530782438067209 20.711111111111112 54.500000000000007 14.954412113482222 53.95000000000001 0.3603278688524591 0.17684288905435594 8.292067401634597 0.25463121783876502 34.45000000000001 0.32025641025641033 -78.499999999999986 12.907993730407524 5.5000000000000009 2.5000000000000004 11.465066884617375 89.500000000000014 1755.5054830000001 7.0054830000000008 -1.4999999999999998 10.417885925000002 10.857762616666669 13.922136273864387 13.950000000000001 5.5000000000000009 0.20722186076772939 19.56309523809524 17.950000000000003 11.196324823943664 0.77500000000000002 0.66115363586659381 32.95000000000001 26.410413142485364 8.5000000000000018 0.25979138971264959
decision_type=10 10 10 10 10 10 10 10 8 10 10 10 10 2 10 10 10 10 2 10 10 2 2 10 10 10 10 10 10 2 10 10 10 8 8 10 8 10 2 10 2 2 8 2 10 8 2 2 2 8 10 2 10 10 10 10 10 10 10 10 2 10
left_child=1 2 8 -3 33 -6 -7 -8 9 10 16 24 13 -13 23 -11 60 -18 20 22 21 -19 -20 -15 25 32 27 -26 29 30 -29 -31 34 -2 35 -10 -36 38 39 -38 41 -40 -43 -42 45 -44 -46 -47 -49 51 -51 -45 -41 54 -22 -34 -25 58 -58 -12 -1 -62
right_child=4 3 -4 -5 5 6 7 -9 11 15 59 12 -14 14 -16 -17 17 18 19 -21 53 -23 -24 56 26 -27 -28 28 -30 31 -32 -33 55 -35 36 -37 37 -39 40 52 43 42 44 49 46 47 -48 48 -50 50 -52 -53 -54 -55 -56 -57 57 -59 -60 -61 61 -63
leaf_value=-0.006685539318544243 0.1599342748143168 -1.6698778592826813 2.285039380194771 -0.073367589590723273 -0.41369767445973943 0.1373395398432434 -0.0091434851122798155 0.021431640134787957 0.31501219804578195 0.036582274083946098 -1.2629569212617753 -0.099883515253152144 1.7595771411535077 -0.0065387275889165156 2.2251541234859284 1.4596728593971422 0.42370253926916135 0.061835066064266898 -0.026512317335643854 -0.39818971643803991 0.085365820185689195 -0.3504506115889367 0.50396829266945986 -0.029835288818934203 0.18475733303398414 0.32677340708067293 -1.0238376364630455 -0.052311188648828381 0.0014175088416409133 -0.3228380260721686 -1.6775321828821015 0.1613085946871852 -0.038097339980795231 0.017027927739815676 -0.24566009498406985 -0.33928729788734557 0.10638688080615202 2.3885388454560643 -0.7400314579231797 -0.78897917720512756 -0.13022062692796935 0.56310991696375301 0.13487375344199748 0.22902877327572724 -0.051359694165647923 0.11453001402260457 0.064124080300184697 -0.66229398911847304 -0.023330086013670842 1.7377136798526174 -0.10214942106704927 -0.43603257393067907 -1.6720077768861932 0.062194529275816993 1.4917788686854649 -0.35632061258292325 1.7233009328962989 1.109159778184434 -0.20228830997580244 -0.10666117257063612 0.99021502794360527 -0.0097147705234100108
leaf_weight=1370 41 31 23 83 24 27 30 35 35 20 20 150 29 323 21 23 49 37 31 51 45 33 36 38 32 68 29 21 37 36 25 20 36 28 77 21 29 26 23 20 179 49 21 20 34 23 40 20 75 36 68 23 23 65 33 20 23 26 36 20 20 42
leaf_count=1370 41 31 23 83 24 27 30 35 35 20 20 150 29 323 21 23 49 37 31 51 45 33 36 38 32 68 29 21 37 36 25 20 36 28 77 21 29 26 23 20 179 49 21 20 34 23 40 20 75 36 68 23 23 65 33 20 23 26 36 20 20 42
internal_value=-0.000434351 -0.000780437 -0.000428954 -0.0122807 0.00675676 0 0.00543478 -0.00230769 -0.000633936 0.00108179 0.000539957 -0.00242826 0.00139319 0.000243112 0.00310493 0.0244186 0.000993377 0.00631579 0.00407855 -0.00508475 0.00915493 -0.00428571 0.00970149 0.00179372 -0.00454545 -0.00310559 -0.0115 -0.00789474 -0.0133094 -0.0186275 -0.0304348 -0.00892857 -0.0045657 0.0181159 -0.00368171 0.00892857 -0.00458015 -0.00317348 -0.00402635 -0.0166667 -0.00253682 0.0022807 0.00458015 -0.00674847 0.000234742 -0.00539568 0.0108108 -0.00932203 -0.0142105 0.000340136 0.00576923 -0.0127907 -0.0313953 0.0157343 0.0230769 -0.0178571 0.0101626 0.0158824 0.0059322 -0.02 -0.000418994 0.0112903
internal_weight=4029 3844 3730 114 185 116 92 65 3707 1895 1852 1812 646 617 467 43 1812 380 331 118 213 70 67 446 1166 966 200 171 139 102 46 56 898 69 842 56 786 709 683 72 611 285 262 326 213 139 74 118 95 147 104 43 43 143 78 56 123 85 59 40 1432 62
internal_count=4029 3844 3730 114 185 116 92 65 3707 1895 1852 1812 646 617 467 43 1812 380 331 118 213 70 67 446 1166 966 200 171 139 102 46 56 898 69 842 56 786 709 683 72 611 285 262 326 213 139 74 118 95 147 104 43 43 143 78 56 123 85 59 40 1432 62
is_linear=0
shrinkage=0.05


Tree=114
num_leaves=63
num_cat=0
split_feature=1 10 1 6 5 11 4 10 9 10 6 11 4 12 4 4 11 11 4 8 15 5 11 0 2 2 11 4 10 15 1 11 8 12 12 9 10 6 10 10 5 8 16 9 8 6 7 12 5 16 16 0 10 16 4 10 16 5 10 10 0 4
split_gain=4.72205 5.39902 9.55145 6.78055 5.23276 4.34211 6.24325 8.50909 5.89091 6.42857 5.38555 4.58373 4.24748 4.27429 3.83021 6.55355 13.6613 4.80305 7.01361 9.45885 8.04064 5.90806 5.72867 5.63522 5.62747 5.96885 4.50635 4.57897 7.32606 5.57157 6.87156 5.33651 5.5254 5.17595 11.7168 11.0956 5.04689 4.34456 4.09246 3.8908 6.98253 8.32843 5.35019 5.27488 7.32746 7.69669 5.1195 4.96893 8.29683 5.33403 9.64408 8.27755 8.2788 7.3176 5.66347 4.97778 4.84448 7.38019 6.53953 8.41724 5.11645 5.84659
threshold=20.500000000000004 26.971014492753628 11.500000000000002 30.639920948616602 56.750000000000007 46.250000000000007 1076.9712905000004 16.886964569011109 0.21702898550724639 0.50717391304347836 27.837699024139706 49.250000000000007 51.547003000000011 20.910291478706377 5.8332025000000014 5.6022320000000008 37.650000000000013 47.650000000000013 6.7453935000000014 13.177572339048016 4.5000000000000009 2.6500000000000008 48.45000000000001 12.237888300000002 42.500000000000007 7.5000000000000009 46.050000000000004 7.1650740000000006 16.886964569011109 2.5000000000000004 16.500000000000004 34.650000000000013 11.39944031379021 9.4401398005347943 9.7270914229865664 0.19378911892152145 6.0399267399267407 0.21659038901601832 1.0000000180025095e-35 16.111802325581397 12.750000000000002 13.647507877264838 73.500000000000014 0.27195685670261943 11.426052194688991 11.763145161290323 48.650000000000013 13.650717002708397 29.950000000000003 -12.499999999999998 40.500000000000007 11.967131783333334 12.96213918102484 -47.499999999999993 3.0757620000000006 11.164754550468837 2.5000000000000004 20.050000000000004 22.986782488902502 17.859305144088342 11.397078316666668 3.8864580000000006
decision_type=2 10 2 10 10 10 10 8 10 10 8 10 10 10 8 10 10 10 10 10 2 10 10 2 2 2 10 10 10 2 2 10 10 8 8 8 10 10 8 10 10 10 2 10 10 10 10 10 10 2 2 2 10 2 10 10 2 10 10 10 2 10
left_child=1 14 12 -4 5 6 7 8 -2 -10 11 -7 13 -3 15 39 -17 18 20 26 -16 -21 -19 -24 25 -22 27 31 29 30 37 36 -33 35 -35 -31 -20 38 -29 43 41 -41 -43 46 45 -45 47 48 49 53 -51 52 55 -1 -54 -52 57 -42 59 -59 61 -58
right_child=4 2 3 -5 -6 10 -8 -9 9 -11 -12 -13 -14 -15 17 16 -18 22 19 21 24 -23 23 -25 -26 -27 -28 28 -30 33 -32 32 -34 34 -36 -37 -38 -39 -40 40 56 42 -44 44 -46 -47 -48 -49 -50 50 51 -53 54 -55 -56 -57 60 58 -60 -61 -62 -63
leaf_value=-0.20944597436201848 -0.28344439015588879 -0.62155421149154944 0.18227679715134804 0.047764912467150117 0.027324668473586833 -0.38896119211614821 -0.1749091848983774 2.7840706791968937 -1.075964105873263 0.080882313721093516 0.0019353188645487185 -0.074694777966900813 0.041694078225739631 0.015011005507666542 0.20619482647117504 -0.0031624537538454708 1.3310767506844658 -1.2950080336423673 0.34122570271871777 -0.13752732586121894 -0.72150071450715625 0.48161724673228212 -0.022544276792536413 -0.43548371076847769 -1.4020852061942275 -0.026686699438348518 0.64250879828127649 -0.068894715250403943 -0.051906698385120215 0.94860164520427759 -1.0626463447238901 1.5224492725035528 0.0061953799531707437 -0.44256324502762195 -0.0099388757449712997 0.035335429422079304 -0.23681418395810711 -0.42064629675208942 0.22761323190309624 0.81621349696833656 0.10924543926936106 0.11065528104939376 -0.16084597935154366 0.018192999476786299 -0.078506354992870092 0.6953856159379479 0.30253895942906478 -1.7204549260764013 0.2757602710579487 0.097979578122237149 -0.097331752136276609 0.090414973399144227 -0.46253103286180774 -0.73073725173803616 0.15613204910574796 -1.4829708073095631 0.12768284788003878 -0.044565286426313126 0.070464991587405962 -1.6306882013397765 -0.036362850101761171 1.1517329476663118
leaf_weight=81 20 32 30 47 62 20 23 20 20 70 32 58 26 42 33 32 31 26 39 20 23 84 233 27 33 66 26 36 52 24 26 24 21 24 493 271 21 36 25 88 32 63 50 555 230 51 24 24 45 72 21 35 41 32 26 24 105 27 27 41 45 26
leaf_count=81 20 32 30 47 62 20 23 20 20 70 32 58 26 42 33 32 31 26 39 20 23 84 233 27 33 66 26 36 52 24 26 24 21 24 493 271 21 36 25 88 32 63 50 555 230 51 24 24 45 72 21 35 41 32 26 24 105 27 27 41 45 26
internal_value=-0.000838968 -0.000327154 0.00819209 0.0214286 -0.00661538 -0.00969582 -0.00424837 0 -0.00545455 0 -0.0172727 -0.024359 -0.002 -0.00810811 -0.000759095 0.000820569 0.0166667 -0.00249549 -0.00127088 0 -0.0112903 0.0144231 -0.00839161 -0.00615385 -0.0172131 -0.0106742 -0.00134168 -0.0018315 -0.00288754 -0.00187166 -0.0117886 0.00809524 0.0211111 -0.000369458 -0.00338491 0.00491525 -0.00166667 -0.0056701 0.00245902 0.000254958 0.00396825 0.011194 0.00221239 -0.00122918 0.00107656 0.0039604 -0.00576471 -0.00710723 -0.00570292 -0.00843373 -0.00388128 -0.0112245 -0.0178571 -0.0172566 -0.00671642 -0.0344444 -0.000825083 -0.00826772 -0.0152632 -0.0235294 0.00454545 0.00954198
internal_weight=3993 3668 177 77 325 263 153 130 110 90 110 78 100 74 3491 1828 63 1663 1377 1222 155 104 286 260 122 89 1118 1092 987 935 123 105 45 812 517 295 60 97 61 1765 504 201 113 1261 836 606 425 401 377 332 219 147 112 113 67 45 303 127 95 68 176 131
internal_count=3993 3668 177 77 325 263 153 130 110 90 110 78 100 74 3491 1828 63 1663 1377 1222 155 104 286 260 122 89 1118 1092 987 935 123 105 45 812 517 295 60 97 61 1765 504 201 113 1261 836 606 425 401 377 332 219 147 112 113 67 45 303 127 95 68 176 131
is_linear=0
shrinkage=0.05


Tree=115
num_leaves=63
num_cat=0
split_feature=13 1 16 16 4 13 1 13 7 8 10 16 8 5 10 2 10 7 5 9 11 13 12 13 1 9 4 7 1 12 4 7 6 13 11 9 9 11 14 1 13 6 6 4 4 5 1 9 11 10 13 11 9 6 7 14 2 9 7 10 6 1
split_gain=5.00685 4.64726 4.08567 4.02931 3.63833 8.16024 7.78677 6.3752 9.01864 6.26469 6.07943 7.15475 5.88961 8.03596 8.01092 5.85832 7.00698 7.09428 5.74229 10.1158 5.55848 6.26622 7.22139 5.1033 5.05987 4.96573 4.85292 9.83365 6.41778 4.45873 4.38012 3.49073 4.74479 3.3993 3.44878 3.38813 3.32255 3.3094 6.08444 3.21707 3.20992 8.56255 5.22139 4.17582 6.08497 3.86323 6.29218 6.25475 5.72028 4.1471 7.73317 5.35081 6.75 4.53618 4.5487 4.17888 4.84712 4.09694 5.3977 8.82314 3.90883 3.70809
threshold=1.0000000180025095e-35 7.5000000000000009 -206.49999999999997 -170.49999999999997 5.8332025000000014 0.37987341772151906 6.5000000000000009 0.30032679738562096 29.550000000000004 8.292067401634597 1.0888367729831148 -19.499999999999996 16.584659685775932 18.650000000000002 14.83266666666667 22.500000000000004 11.97936170212766 37.050000000000004 9.0500000000000025 0.3465463108320252 20.650000000000002 0.68004817342432766 12.643183966626223 0.50233644859813087 13.500000000000002 0.42365967365967372 5.6022320000000008 37.45000000000001 14.500000000000002 9.5623528255388788 5.3285570000000009 18.650000000000002 1.0000000180025095e-35 0.28647416413373866 33.650000000000013 0.32025641025641033 0.28474903474903479 23.250000000000004 90.000000000000014 4.5000000000000009 0.4359237536656892 6.4632142857142867 13.631860902255641 4.1216390000000009 3.7886000000000002 2.0500000000000003 10.500000000000002 0.16035714285714289 58.550000000000004 12.314363107822411 0.37573529411764711 41.650000000000013 0.36602542081758854 11.645299145299147 28.050000000000004 150.00000000000003 17.500000000000004 0.38315602836879442 37.250000000000007 20.711111111111112 10.944097222222224 11.500000000000002
decision_type=8 2 2 2 8 10 2 10 8 8 10 2 8 10 10 2 10 10 10 10 10 10 10 10 2 10 10 10 2 10 10 8 10 10 8 10 10 10 10 2 10 10 10 10 10 10 2 10 10 10 10 10 10 10 10 10 2 10 10 10 10 2
left_child=1 -1 35 -4 26 7 31 9 -9 29 11 -8 13 14 18 16 17 23 19 -10 -17 22 24 -12 25 -22 30 28 -28 -6 40 32 39 34 -11 -2 -15 -25 -39 -7 41 -5 43 44 -42 46 57 -48 -49 51 53 55 -53 60 -55 56 -47 58 -43 -60 -51 -58
right_child=2 -3 3 4 5 6 10 8 12 33 15 -13 -14 36 -16 20 -18 -19 -20 -21 21 -23 -24 37 -26 -27 27 -29 -30 -31 -32 -33 -34 -35 -36 -37 -38 38 -40 -41 42 45 -44 -45 -46 49 47 48 -50 50 -52 52 -54 54 -56 -57 61 -59 59 -61 -62 -63
leaf_value=0.090119130315801099 -0.031943645654124712 0.012745461582044005 -0.85315076066219864 0.50359343158769831 0.64105219977179217 0.21208703895532574 -0.48121389681150079 -0.91756820936382655 -1.0503756589317199 -0.28080717249507997 -0.10644546514818543 0.040244591988849623 1.2411316090992111 -0.37815590950878725 -1.1344243544616401 1.4281126545941756 -0.29738747038408347 1.8935594295171694 0.8409031751114191 0.2167468627739659 0.024073270813421744 -0.22891023945648642 2.7532184794873942 -0.071635873616659046 -0.089425736005855558 1.6353691147803802 -0.17749320686575559 1.1229744818796328 1.6175188098085436 -0.0018101486327619654 -1.2309766854497526 0.016074205745272963 -0.86680990849762285 0.060800241667393354 -0.024727260610544467 0.44822441542298219 -0.34584697318980923 3.4593309585065479 -0.039334889495721108 -0.70447912699405679 -0.030886371737550003 -0.12639746671023797 -0.50466929440055786 -0.33520217681973108 0.17704809235822286 -0.036663489958880739 0.35751141493354005 -0.35381810411889919 0.027032227574847315 -0.14173451557628383 -1.0141227699601956 0.16180171714615332 2.4708006020015065 1.1482024771178645 0.0052229399336894749 -0.3468275021247802 0.048821574811922022 -0.45605369273216284 2.3713827484882133 -0.011963049096490864 -1.014351406239032 0.31599777615299662
leaf_weight=24 23 69 40 22 24 22 34 43 29 37 21 106 21 21 21 20 23 22 26 27 21 31 24 20 40 31 25 25 20 21 22 59 34 48 885 30 32 20 25 27 306 39 36 78 36 40 20 125 20 28 23 24 24 23 837 36 34 34 39 25 26 30
leaf_count=24 23 69 40 22 24 22 34 43 29 37 21 106 21 21 21 20 23 22 26 27 21 31 24 20 40 31 25 25 20 21 22 59 34 48 885 30 32 20 25 27 306 39 36 78 36 40 20 125 20 28 23 24 24 23 837 36 34 34 39 25 26 30
internal_value=-0.00125063 0.0102151 -0.00152369 -0.0017134 -0.00154774 -0.00316804 0.00172414 -0.00546559 -0.0131818 -0.0037931 0.00502283 -0.00357143 -0.00819209 -0.0115385 -0.00339806 0.0090604 0.00114504 0.00648148 0.00365854 -0.00535714 0.0152695 0.0119048 0.0172414 0 0.0108696 0.0211538 -7.51127e-05 0.0128571 -0.00111111 0.0144444 -0.000544888 -0.0084507 -0.0150602 -0.00463918 -0.00531453 0.0122642 -0.0273585 0.00692308 0.0144444 -0.00510204 -0.000288714 0.000862664 -0.00394737 -0.00238095 0 0.000385424 -0.00463576 -0.0112121 -0.0148276 0.00173333 0.000373533 0.00851064 0.0229167 0.00109409 0.00197674 0.00357143 0.00865385 0.00328467 0.00825243 0.0171875 -0.012963 0.0171875
internal_weight=3998 93 3905 3852 3812 1815 580 1235 220 1015 438 140 177 156 103 298 131 108 82 56 167 147 116 86 92 52 1997 70 45 45 1927 142 83 970 922 53 53 65 45 49 1905 1449 456 420 342 1427 302 165 145 1125 937 188 48 914 860 140 104 137 103 64 54 64
internal_count=3998 93 3905 3852 3812 1815 580 1235 220 1015 438 140 177 156 103 298 131 108 82 56 167 147 116 86 92 52 1997 70 45 45 1927 142 83 970 922 53 53 65 45 49 1905 1449 456 420 342 1427 302 165 145 1125 937 188 48 914 860 140 104 137 103 64 54 64
is_linear=0
shrinkage=0.05


Tree=116
num_leaves=63
num_cat=0
split_feature=1 16 5 9 10 6 16 16 8 0 1 9 12 11 4 6 13 12 10 4 7 4 13 0 2 1 10 0 2 4 6 5 8 13 8 1 9 10 11 9 4 6 4 4 4 6 4 0 13 4 12 0 11 8 5 5 1 5 5 5 1 12
split_gain=5.12803 4.35556 9.58232 6.01016 4.18865 5.5943 5.92704 5.98398 8.91833 7.38968 7.77437 4.5431 4.08093 7.18988 5.44444 8.91746 5.98692 4.04739 3.83449 3.75062 7.03038 6.03244 5.25532 5.34545 5.21629 4.92516 7.37259 7.44533 6.8586 6.70989 6.931 5.88044 8.75021 5.84014 5.3233 5.16655 6.66864 5.59391 4.65219 6.76923 4.58447 8.78961 4.38769 6.62643 8.52143 5.0055 5.15298 4.24158 7.06787 5.99067 4.85443 5.46893 4.2366 4.23128 4.14282 4.02513 4.65702 6.01301 13.1576 7.58574 5.5805 6.02083
threshold=20.500000000000004 6.5000000000000009 9.0500000000000025 0.15470085470085473 23.487623493648901 23.0771686746988 -49.499999999999993 16.500000000000004 11.532523412771971 11.984724408333335 10.500000000000002 0.11978260869565219 18.935539299916787 46.750000000000007 1349.5109660000003 0.21659038901601832 0.28220211161387637 10.687169791256084 25.311468555131245 5.8332025000000014 61.050000000000004 6.1142140000000014 0.12254524451289951 10.984724408333335 12.500000000000002 17.500000000000004 16.357255747126441 10.967131783333334 12.500000000000002 11.886458000000001 20.40706521739131 5.3500000000000005 11.267492415027705 0.20354676710608918 11.75241202542853 15.500000000000002 0.12034482758620692 15.860334008097167 38.750000000000007 0.40129870129870138 5.6022320000000008 11.372564102564104 1935.5054830000001 34.102232000000008 11.833202500000001 14.358998302207132 666.56861800000013 10.522861450000002 0.60749299719887961 11.034242000000001 12.223104383154768 11.066474675000002 44.45000000000001 11.971928195019837 14.850000000000003 24.050000000000004 13.500000000000002 4.0500000000000007 8.0500000000000025 13.950000000000001 5.5000000000000009 9.5985925031833421
decision_type=2 2 10 10 10 10 2 2 10 2 2 10 10 10 10 10 10 10 10 8 10 10 10 2 2 2 10 2 2 10 8 10 10 10 10 2 8 10 10 8 10 10 10 10 10 8 10 2 10 10 10 2 10 10 10 8 2 10 10 10 2 10
left_child=4 2 -2 -4 19 11 -7 8 17 10 -9 -6 13 14 15 -3 -17 -8 -13 22 21 24 23 -1 -21 26 35 28 -28 34 -31 -29 -33 -34 54 36 -23 42 39 -37 -24 -42 43 44 47 -45 -47 48 52 50 55 -52 -38 -26 -27 56 57 60 -59 -60 -49 -62
right_child=1 12 3 -5 5 6 7 9 -10 -11 -12 18 -14 -15 -16 16 -18 -19 -20 20 -22 25 40 -25 53 29 27 31 -30 30 -32 32 33 -35 -36 38 37 -39 -40 -41 41 -43 -44 45 -46 46 -48 49 -50 -51 51 -53 -54 -55 -56 -57 -58 58 59 -61 61 -63
leaf_value=0.00099065339067987428 -0.13392190833727732 0.62160681003892437 -0.0095577512863328287 0.095588809703155739 0.11517736253683371 -2.2809542059879129 0.031364458325145499 -0.62631477300841076 0.21713362215368118 -0.38267394522393017 0.078264096428176805 1.4094442192119794 0.10555496106936985 -0.47454958822686566 -0.21490903566550301 0.94746261620011607 -0.12679304803042402 -0.050070215418079482 -0.087345332007283547 -0.95231294717104831 -1.6215267449300699 1.0515525269875841 0.0053184906060231192 -1.5121021618304031 0.05482380365711708 -0.032872465800606855 0.051836060908324912 -0.54446604994144721 -0.60577505875138615 -0.90150241668041464 1.0257318239690911 -0.66945815032558798 0.3960742595872051 -0.24157142541106735 1.3222161171772844 -1.0711345307069611 -0.30010426330995871 0.5155528000165891 0.053244388930876956 -0.061837270580228858 -0.08856491636424231 1.0737479762248145 0.13257689058174285 -2.4887124981647464 0.18183582680973487 0.14571365892364524 -0.060911167056285721 -0.044242765876372658 0.19412999254856747 -0.081779095241487632 0.032994672303010474 -0.46982012353414171 -0.049113000338159907 -0.98428402143245686 2.481935978227213 0.56209759680561877 -0.094145106469206985 -0.67134392359696093 0.48653259210818267 -0.083940178467346804 0.32215218798333933 2.817586550290843
leaf_weight=24 43 21 60 41 26 22 20 45 74 26 53 22 31 41 27 22 38 21 21 31 21 28 1629 20 50 44 23 26 68 41 30 20 32 35 36 25 65 26 53 71 34 31 43 20 212 26 73 35 43 41 27 32 22 23 23 29 36 23 29 30 65 23
leaf_count=24 43 21 60 41 26 22 20 45 74 26 53 22 31 41 27 22 38 21 21 31 21 28 1629 20 50 44 23 26 68 41 30 20 32 35 36 25 65 26 53 71 34 31 43 20 212 26 73 35 43 41 27 32 22 23 23 29 36 23 29 30 65 23
internal_value=-0.000453172 -0.00648148 0 0.00841584 8.22368e-05 0.00545455 0.00210728 0.00439331 0.0126087 -0.00322581 0.00306122 0.0181159 -0.0116667 -0.0151007 -0.00833333 -0.00185185 -0.0116667 -0.00609756 0.00813953 -0.00045208 -0.00221519 -0.00182809 0.00115075 -0.0159091 -0.0134615 -0.000996564 -0.0020687 -0.0107843 -0.0214286 0.00689655 -0.00492958 -0.00221239 0.00402299 0.0126866 0.0150485 -0.000417827 0.000969828 0.000222222 -0.0090604 -0.015625 0.00159386 0.0146154 -0.000457666 -0.00126354 0.000561798 -0.0121849 -0.00757576 -0.003 -0.0107692 -0.00027027 0.00197568 -0.0110169 -0.0189655 -0.00616438 0.00671642 0.00481481 0.0026971 0.00560976 -0.00487805 0.00762712 0.0126016 0.0193182
internal_weight=3972 324 144 101 3648 330 261 239 115 124 98 69 180 149 108 81 60 41 43 3318 1580 1559 1738 44 104 1455 1281 204 91 174 71 113 87 67 103 1077 928 900 149 96 1694 65 874 831 712 119 99 500 130 370 329 59 87 73 67 270 241 205 82 59 123 88
internal_count=3972 324 144 101 3648 330 261 239 115 124 98 69 180 149 108 81 60 41 43 3318 1580 1559 1738 44 104 1455 1281 204 91 174 71 113 87 67 103 1077 928 900 149 96 1694 65 874 831 712 119 99 500 130 370 329 59 87 73 67 270 241 205 82 59 123 88
is_linear=0
shrinkage=0.05


Tree=117
num_leaves=63
num_cat=0
split_feature=10 6 9 16 9 16 14 1 7 16 15 12 12 1 16 4 4 6 15 10 6 1 7 4 4 7 8 5 12 16 8 0 12 5 10 16 12 9 5 7 12 7 12 1 10 10 6 16 12 0 15 4 4 16 16 9 7 1 16 16 4 2
split_gain=5.3124 9.62171 6.76134 6.57225 6.23897 6.31397 6.06626 6.77214 6.22998 6.08421 6.0119 8.06452 7.19076 7.99023 5.8224 5.56322 8.02064 7.82751 5.05183 6.77428 5.73371 10.3939 4.9 4.59285 9.29203 7.70471 7.63705 6.74931 7.3986 6.70242 9.08884 7.66826 8.0647 7.64122 7.42917 6.3838 6.27567 6.19478 6.05669 6.52474 6.02296 5.70699 5.1511 5.95698 9.52341 4.99211 7.54384 6.9491 5.4342 5.0309 6.61248 4.95873 4.72453 4.52892 14.5558 5.07226 5.57458 5.3425 11.0824 5.08376 4.74074 4.50561
threshold=21.648758865248229 22.169333333333338 0.25962962962962971 -49.499999999999993 0.22295321637426904 54.500000000000007 1.0000000180025095e-35 20.500000000000004 40.850000000000001 112.50000000000001 4.5000000000000009 10.08243251084266 10.687169791256084 13.500000000000002 -5.4999999999999991 1.6022320000000001 4.9433180000000005 7.4508838383838389 6.5000000000000009 25.506120689655173 30.639920948616602 20.500000000000004 49.050000000000004 1.0054830000000001 0.74539350000000015 45.95000000000001 9.4477068793613643 3.5500000000000003 11.884576341636441 -4.4999999999999991 15.951112211735671 13.44924504166667 10.687169791256084 13.65 11.164754550468837 183.50000000000003 11.302688118030686 0.76095238095238105 12.050000000000002 46.95000000000001 11.620982213899703 39.650000000000013 10.162715195450959 16.500000000000004 4.2848913043478261 19.077090909090913 17.409615384615389 -38.499999999999993 12.928497305134558 10.397078316666668 5.5000000000000009 5.2247530000000006 1.3285570000000002 204.50000000000003 344.50000000000006 0.39559108527131787 23.950000000000003 12.500000000000002 38.500000000000007 -18.499999999999996 9.1185900000000029 32.500000000000007
decision_type=10 10 10 2 10 2 10 2 10 2 2 8 8 2 2 10 10 10 2 10 10 2 10 10 8 10 10 10 10 2 10 2 8 10 8 2 10 10 10 10 8 10 10 2 10 10 10 2 10 2 2 10 10 2 2 8 10 2 2 2 10 2
left_child=6 4 3 -3 -2 -6 15 10 9 -9 11 53 -13 -14 61 -1 -17 -18 20 -20 21 -16 -10 24 26 40 37 -28 -29 30 33 32 35 38 36 52 -34 -12 39 -25 -26 -38 43 44 -37 46 48 -48 49 -35 -51 -52 -31 55 -55 -8 57 58 59 -57 -61 -5
right_child=1 2 -4 14 5 -7 7 8 22 -11 23 12 13 -15 18 16 17 -19 19 -21 -22 -23 -24 29 25 -27 27 28 -30 31 -32 -33 34 45 -36 42 41 -39 -40 -41 -42 -43 -44 -45 -46 -47 47 -49 -50 50 51 -53 -54 54 -56 56 -58 -59 -60 60 -62 -63
leaf_value=0.55008022134978496 0.20452848797310832 -4.152840946677447 -0.69891501627002173 0.24293571891685733 0.89214310389818885 -0.041800952867237132 -0.55162602133298988 -0.0075504351058844291 -0.44276249420695923 -0.4885171209334509 0.29291401489950675 -1.3185392962975746 -0.0060030882476532106 -1.0104616768331283 0.70626155926198031 -0.12201976166882905 0.0044314364644464531 0.65548624800111599 0.044111665842351197 -0.073031192653014165 -0.0063336097732567282 -0.065048697188876889 -0.069804037720743756 -0.018576591488131622 0.17146835625897411 -0.29540297689268019 0.052334798462028688 -0.87894584800974251 -0.016928270908411047 -1.642334124220848 -1.4375380974835772 -0.9241822086357856 1.7386316515382021 0.02687623160952235 0.02462127863838233 2.2733769205548908 -0.25710665987736764 -0.27276393300841367 0.50247265822308251 1.8617748971603463 1.2931913789442768 0.67973976178937079 -1.4020382690839179 2.2681285201834194 -0.34058866675988214 -1.2030785107844122 0.61565480568744313 -0.31374537681632814 0.11552666618765875 -3.2652070433969076 -0.030612387901719985 -0.77754139247339793 0.0018711883550039943 0.98408964849394143 -0.4215240822716812 -0.16975355456373534 3.6217971761429801 0.1443979287372458 -1.8227323569583946 0.28698105202913488 -0.065206281274943476 -0.0047180683311380152
leaf_weight=29 69 25 29 41 22 25 29 152 20 38 42 42 135 71 42 26 38 23 55 62 82 22 20 364 93 21 33 36 52 22 25 25 23 25 816 22 24 20 37 21 21 37 21 30 39 29 29 21 27 20 63 71 447 32 20 44 20 82 29 27 27 22
leaf_count=29 69 25 29 41 22 25 29 152 20 38 42 42 135 71 42 26 38 23 55 62 82 22 20 364 93 21 33 36 52 22 25 25 23 25 816 22 24 20 37 21 21 37 21 30 39 29 29 21 27 20 63 71 447 32 20 44 20 82 29 27 27 22
internal_value=-0.000202224 0.0046371 0.000789474 0.00270655 0.0172414 0.00319149 -0.000895954 -0.00128589 -0.00956522 -0.00578947 -0.000674374 -0.00537634 -0.0120968 -0.00825243 0.00460123 0.0103448 0.00402299 0.0139344 0.0013308 -0.00641026 0.00753425 0.01875 -0.0275 0.000352113 0.00597484 0.0159259 -0.00136612 -0.00867769 -0.0159091 -0.000446828 -0.00437158 0.00146082 0.00192438 -0.0033239 0.00488889 -0.00266781 0.0190476 0.0129032 0.000947867 -0.000909091 0.0210526 0.0106557 -0.0133929 -0.00824176 -0.0172131 -0.00964912 -0.00742188 0.01 -0.0116505 -0.0148045 -0.0181818 -0.0141791 -0.00010661 0 0.0134615 -0.00271318 -0.000218341 -0.00263158 -0.00905512 -0.00102041 0.00925926 0.018254
internal_weight=3956 496 380 351 116 47 3460 3344 230 190 3114 558 248 206 326 116 87 61 263 117 146 64 40 2556 318 135 183 121 88 2238 732 1506 1481 707 900 581 84 62 422 385 114 61 112 91 61 285 256 50 206 179 154 134 469 310 52 258 229 209 127 98 54 63
internal_count=3956 496 380 351 116 47 3460 3344 230 190 3114 558 248 206 326 116 87 61 263 117 146 64 40 2556 318 135 183 121 88 2238 732 1506 1481 707 900 581 84 62 422 385 114 61 112 91 61 285 256 50 206 179 154 134 469 310 52 258 229 209 127 98 54 63
is_linear=0
shrinkage=0.05


Tree=118
num_leaves=63
num_cat=0
split_feature=15 1 16 12 13 12 14 15 13 6 10 16 0 6 5 16 0 1 1 13 5 10 15 11 13 11 11 11 11 8 13 5 11 16 8 6 11 5 4 8 5 5 11 13 0 0 5 0 1 10 16 16 15 5 4 12 13 5 10 14 11 6
split_gain=5.63618 5.8973 5.95075 7.63396 5.72819 5.54251 5.29875 4.63176 6.177 4.16076 8.0317 6.47107 6.16187 5.10728 5.77971 7.03275 4.289 3.91195 3.89192 3.71212 3.39649 3.21903 7.65434 4.91733 4.74797 3.34278 4.26043 8.82225 6.17424 5.46509 7.65258 4.95247 3.89778 3.19715 6.30705 8.43546 5.75891 5.27975 5.18211 3.60733 2.75383 7.81484 8.19897 7.28139 6.46475 5.83714 5.02919 4.12208 3.95257 3.3364 6.83615 12.1219 7.4077 6.32677 8.41739 6.00624 10.179 6.02231 4.55773 12.5633 4.69539 4.6054
threshold=9.5000000000000018 20.500000000000004 -8.4999999999999982 10.247558040373436 0.77888888888888907 10.990392293177853 150.00000000000003 4.5000000000000009 0.15958653400010311 22.576842105263161 19.353684210526314 -40.499999999999993 12.984724408333335 21.168434343434345 18.450000000000003 55.500000000000007 10.984724408333335 11.500000000000002 21.500000000000004 0.15484574111334679 57.300000000000004 21.248965721040189 6.5000000000000009 64.350000000000009 0.18148880105401846 66.950000000000017 60.350000000000001 58.250000000000007 55.050000000000004 15.373423092442883 0.32672684458398749 17.850000000000005 49.050000000000004 16.500000000000004 18.094980859933749 24.211274509803925 52.250000000000007 39.550000000000004 10.114214000000002 14.079763345074783 33.100000000000009 35.100000000000009 41.45000000000001 0.27796173657100814 11.108811808333334 10.857762616666669 31.650000000000002 11.932213500000001 11.500000000000002 15.995138888888892 -29.499999999999996 98.500000000000014 5.5000000000000009 18.450000000000003 6.075762000000001 13.650717002708397 0.20415349238286867 15.950000000000001 14.571572104018916 210.00000000000003 36.95000000000001 15.781100266193436
decision_type=2 2 2 10 8 10 8 2 10 10 10 2 2 10 10 2 2 2 2 10 10 10 2 10 10 10 10 10 10 10 10 10 10 2 10 10 10 10 10 8 8 10 8 8 2 2 10 2 2 10 2 2 2 10 10 10 10 10 10 10 10 10
left_child=1 9 5 4 -4 -3 20 -5 -9 13 16 19 33 21 15 -15 -11 -16 -10 -12 -6 25 23 -23 -24 26 27 28 29 40 32 -30 -31 38 35 -35 -37 -36 -13 -40 46 43 -43 -42 45 -44 49 -46 -48 58 53 52 -52 54 -51 56 57 -54 -1 60 -60 -62
right_child=-2 2 3 7 6 -7 -8 8 18 10 11 12 -14 14 17 -17 -18 -19 -20 -21 -22 22 24 -25 -26 -27 -28 -29 31 30 -32 -33 -34 34 37 36 -38 -39 39 -41 41 42 44 -45 47 -47 48 -49 -50 50 51 -53 55 -55 -56 -57 -58 -59 59 -61 61 -63
leaf_value=1.8828284285987708e-05 0.088153261495661231 -0.1471670559763173 0.11783810521186107 -0.0028710871793858534 -0.7361720000829941 0.14823492502303834 0.27335083195928578 -0.014303933545534477 -0.3467891767076754 0.44618763713722825 -2.7246142928072881 0.13041741553973557 -0.18057999686822146 -0.44784458862532528 -2.139465675899777 0.65618891567308113 1.5968181886195845 -0.077879809873187572 -0.31688089832109689 -0.11487096098991323 -0.013782706858682093 0.049037388988600841 1.3264843241564812 -0.13859645832444725 0.63107623491781661 -0.39240681121736715 1.8091292800740459 -0.22782196971909699 0.0081472119696623935 -2.1614186488170439 0.081012387447563505 0.12437830214011357 -0.10227381594778935 0.73214300994155623 -0.69811052501175608 -0.61581711985493537 0.078002451239419207 0.11859044888491894 -0.019830905558290569 0.062998716607247027 -0.15119808313270369 0.93384879568894452 -0.23869510805562127 -0.69330439551399581 -1.2976981150644304 0.71521964461994691 1.2528623723460308 -0.31201731682381822 0.0017776289372534394 0.69764981348117505 0.029312505006047974 0.31685648835409097 -0.6311245933497448 -0.0025027125635921801 -0.07131014977631471 -0.60509196092104767 0.7161873910284835 -0.0039115688856380618 -0.17350405981898157 1.5845551061893752 -0.54815202912577454 0.016165258609349566
leaf_weight=1927 48 26 24 31 27 38 20 22 47 27 24 60 28 20 25 21 25 22 37 20 30 29 25 22 23 23 36 28 29 23 35 27 24 26 34 25 47 33 41 25 33 30 36 21 22 23 22 20 23 45 41 63 36 39 24 33 22 35 40 21 173 85
leaf_count=1927 48 26 24 31 27 38 20 22 47 27 24 60 28 20 25 21 25 22 37 20 30 29 25 22 23 23 36 28 29 23 35 27 24 26 34 25 47 33 41 25 33 30 36 21 22 23 22 20 23 45 41 63 36 39 24 33 22 35 40 21 173 85
internal_value=-0.000363317 -0.000570631 -0.00728477 -0.0109244 -0.00049505 0.00625 -0.00714286 -0.0186131 -0.0235849 -1.37325e-05 0.0046988 0.00206612 0.00454545 -0.000619963 -0.0125 0.00121951 0.0230769 -0.0244681 -0.0297619 -0.0159091 -0.0149123 -0.000286807 0.00858586 -0.00490196 0.0229167 -0.000575847 -0.000431034 -0.000637584 -0.000372629 -0.000690608 -0.0134146 0.0160714 -0.0265957 0.00670103 0.00212121 0.0102041 0.00138889 -0.00970149 0.0126984 0.0030303 -0.000319829 -0.00621622 0.000381679 -0.0222222 -0.00643564 0.00423729 9.50932e-05 -0.0214286 0.0166667 -0.000193498 0.00443787 -0.000434783 -0.00748503 0.0148148 0.023913 -0.0134921 -0.00698925 -0.0161972 -0.000890472 -0.00642633 -0.0090604 -0.00658915
internal_weight=3991 3943 302 238 101 64 77 137 106 3641 415 363 319 3226 88 41 52 47 84 44 57 3138 99 51 48 3039 3016 2980 2952 2896 82 56 47 291 165 98 72 67 126 66 2814 185 131 54 101 59 2629 42 45 2584 338 230 167 108 69 126 93 71 2246 319 298 258
internal_count=3991 3943 302 238 101 64 77 137 106 3641 415 363 319 3226 88 41 52 47 84 44 57 3138 99 51 48 3039 3016 2980 2952 2896 82 56 47 291 165 98 72 67 126 66 2814 185 131 54 101 59 2629 42 45 2584 338 230 167 108 69 126 93 71 2246 319 298 258
is_linear=0
shrinkage=0.05


Tree=119
num_leaves=63
num_cat=0
split_feature=10 10 10 16 15 13 6 10 7 7 8 6 7 8 10 13 7 16 6 8 7 9 8 2 12 12 5 0 14 1 5 0 10 16 8 12 9 16 13 13 10 0 2 7 10 16 9 14 10 6 0 16 7 6 1 6 6 1 8 6 16 16
split_gain=4.25758 6.46834 4.62638 4.95143 4.10855 5.0135 6.70775 5.86667 4.73831 5.99313 6.5481 5.3948 4.96253 4.90874 8.39847 7.21365 6.48354 6.3254 6.13212 6.03719 6.03168 6.6881 4.04624 6.78138 6.24787 6.5443 6.21771 12.0716 7.98459 7.98037 6.51917 7.50974 9.5419 5.99184 5.53444 7.8346 7.40513 7.3083 6.68061 10.5918 5.48589 5.22215 5.02857 5.3814 4.98484 7.0832 7.72749 6.22055 6.04789 4.82625 4.26718 4.24242 4.04436 4.3725 4.01763 8.99344 4.94868 6.72222 4.55111 4.02302 4.00855 5.07978
threshold=28.894276841171255 27.231672932330831 30.611375661375664 -5.4999999999999991 7.5000000000000009 0.15847621347500607 23.828000000000007 18.38206208425721 50.050000000000004 53.850000000000001 14.449575234214366 18.422413793103452 52.050000000000004 7.5826459968289912 8.1864701436130023 0.15282200990799719 24.850000000000005 119.50000000000001 14.30677777777778 7.1525524258595352 34.250000000000007 0.11566332218506133 8.741598507063566 42.500000000000007 8.607845648265954 9.1944149688990358 3.1500000000000008 13.125757558333335 330.00000000000006 8.5000000000000018 9.4500000000000011 10.417885925000002 18.91828703703704 -92.499999999999986 10.585054270074073 13.037851972218389 0.40862708719851587 6.5000000000000009 0.2901612903225807 0.37791327913279138 14.264171122994656 10.984724408333335 17.500000000000004 41.850000000000001 13.170646873207117 -45.499999999999993 0.22295321637426904 150.00000000000003 18.795211333567497 17.927083333333339 10.522861450000002 62.500000000000007 31.550000000000004 17.164583333333336 6.5000000000000009 15.387637130801687 15.44902073732719 12.500000000000002 12.316771294346534 14.213846153846156 264.00000000000006 9.5000000000000018
decision_type=10 10 10 2 2 8 8 10 10 10 10 10 10 8 10 8 8 2 8 10 10 10 8 2 8 8 8 2 10 2 10 2 8 2 8 8 10 2 10 10 10 2 2 8 10 2 8 8 10 10 2 2 10 8 2 10 10 2 10 10 2 2
left_child=1 4 -2 -4 8 6 7 -6 11 10 -10 13 -12 14 17 18 -17 -1 -15 -16 -20 -22 23 40 -24 -26 29 28 30 42 31 -28 -33 -32 36 38 -31 -37 -36 -40 41 50 -27 -44 45 -35 -47 -48 49 52 -18 -49 -46 54 55 -54 57 58 -56 -59 61 -11
right_child=2 -3 3 -5 5 -7 -8 -9 9 60 12 -13 -14 15 19 16 22 -19 20 -21 21 -23 24 -25 25 26 27 -29 -30 34 33 32 -34 44 35 37 -38 -39 39 -41 -42 -43 43 -45 48 46 47 51 -50 -51 -52 -53 53 -55 56 -57 -58 59 -60 -61 -62 -63
leaf_value=0.021215207141714744 0.99001438164616296 -0.051865167249017935 0.065215704413196199 -0.0027275328204165606 0.036081329061483702 0.0076014757388669814 -0.26015367524199745 2.8190305274639962 0.059020478265736642 -0.37272040208209273 -0.068363268913123679 0.036460661610259362 -0.98372683377454784 -0.73686780644086114 0.071109563545383919 -0.1318032429797836 0.025347993302328578 -0.25163953158919877 0.1221566674195934 0.59739809982223235 -1.8416937367988941 -0.17549754906070342 -0.8272273403162107 -0.22737436343663406 0.12007176801751598 0.76105834184541554 0.020542267859382693 0.11481361583110683 -0.68862200946770846 -0.52239504467502018 -0.32630535324145565 -0.4541503789048239 0.17521276514720216 -1.5711877080741237 0.75027133125972512 0.0040308358617094876 0.058236023447651511 -0.20521443384591864 -0.85111348154254296 0.88831548611523614 1.6231537303200234 -0.062109301865004962 0.70803731096565137 -1.5294442825141012 1.4164379294873095 -0.8758179159228745 -0.058995801977583674 0.37980340874375379 -0.81127104594853428 -0.11240437456310826 0.86978487876816968 0.14612297371018168 -0.78536929393484101 0.5217679473518283 1.0700924340305935 0.27442831642699739 -0.012449954855745916 -0.02198504901191356 0.10998014995352171 0.36021471128112642 -0.53577894730347564 0.13968006729882906
leaf_weight=434 26 38 51 97 22 797 29 33 23 56 42 248 38 28 73 34 23 125 22 31 20 27 47 39 57 35 37 35 34 48 54 117 23 23 38 33 30 36 31 25 21 39 53 24 22 28 200 22 29 24 27 20 33 27 25 25 66 49 20 26 29 98
leaf_count=434 26 38 51 97 22 797 29 33 23 56 42 248 38 28 73 34 23 125 22 31 20 27 47 39 57 35 37 35 34 48 54 117 23 23 38 33 30 36 31 25 21 39 53 24 22 28 200 22 29 24 27 20 33 27 25 25 66 49 20 26 29 98
internal_value=-0.0001765 -0.000527426 0.00747126 0.00405405 -0.000319659 0.00266742 0.0142857 0.0245455 -0.00123564 -0.00734266 -0.0169903 -0.000560495 -0.02375 -0.00130398 0.00233786 -0.00274463 -0.0019316 -8.94454e-05 -0.0159794 0.0153846 -0.00797101 -0.0180851 -0.00145631 0.00637584 -0.00229226 -0.0016679 -0.00239938 -0.00452609 -0.00564159 0.00325779 -0.00471264 -0.0132768 -0.0185714 -0.00252525 -0.00186722 0.00337423 -0.0128205 -0.00942029 0.012766 0.00178571 0.0127273 0.00730337 0.0142857 0.00714286 -0.00117371 -0.0059727 -0.0037037 -0.000826446 0.00289017 0.00488959 0.018 0.0166667 0.00665529 0.00498155 0.00286885 -0.00862069 0.00645161 0.0125 0.0277778 0.00333333 -0.00191257 0.0012987
internal_weight=3966 3792 174 148 3754 881 84 55 2873 286 103 2587 80 2339 663 1676 1579 559 97 104 69 47 1545 149 1396 1349 1292 939 904 353 870 177 140 693 241 163 78 69 94 56 110 89 112 77 639 293 270 242 346 317 50 42 293 271 244 58 186 120 45 75 183 154
internal_count=3966 3792 174 148 3754 881 84 55 2873 286 103 2587 80 2339 663 1676 1579 559 97 104 69 47 1545 149 1396 1349 1292 939 904 353 870 177 140 693 241 163 78 69 94 56 110 89 112 77 639 293 270 242 346 317 50 42 293 271 244 58 186 120 45 75 183 154
is_linear=0
shrinkage=0.05


Tree=120
num_leaves=63
num_cat=0
split_feature=6 7 8 11 9 6 11 5 4 6 0 9 0 10 9 9 5 16 11 10 12 8 6 6 4 10 16 9 15 6 7 13 16 13 4 2 15 4 0 13 0 0 16 2 16 9 13 6 8 12 15 16 11 9 0 9 8 15 2 8 0 0
split_gain=3.32958 4.60791 7.10744 7.05416 6.41857 6.10417 5.85597 5.97806 8.56978 7.37296 10.6258 5.46948 5.37603 5.26442 4.92498 7.35504 6.74361 5.08093 3.92727 3.7439 5.6494 8.64443 5.90202 9.24403 5.68364 5.07869 8.33333 4.41868 4.37838 3.59279 3.50725 3.42857 3.40933 3.53424 4.64883 3.90188 5.41799 3.26265 6.17195 3.62143 3.24783 3.68001 3.04528 2.996 5.96367 6.87613 6.26334 5.7696 7.50223 5.57664 9.05888 6.7859 4.86 6.26535 4.19729 4.28262 4.00302 3.92409 6.73885 8.10184 7.88051 12.0943
threshold=27.837699024139706 41.350000000000001 13.177572339048016 43.45000000000001 0.15034246575342466 14.532738095238097 47.150000000000013 30.050000000000004 12.075762000000003 14.213846153846156 11.719983033333335 0.20662287903667217 10.61197581666667 12.807636363636366 0.087337909992372245 0.15470085470085473 21.050000000000004 64.500000000000014 40.850000000000001 12.693513957307063 16.275363871625512 17.29017704991389 16.222649572649576 19.278273809523814 2.4260780000000008 19.736111111111114 148.50000000000003 0.26713615023474185 6.5000000000000009 13.175095785440613 45.850000000000001 0.22874354561101551 188.50000000000003 0.13743479042993348 51.547003000000011 22.500000000000004 5.5000000000000009 8.6022320000000025 11.697393500000002 0.10620300751879701 11.066474675000002 10.44924504166667 159.50000000000003 47.500000000000007 303.50000000000006 0.20864427860696519 0.24253565062388596 14.590692640692643 11.426052194688991 9.392134038382336 5.5000000000000009 51.500000000000007 35.050000000000004 0.27812939521800289 10.417885925000002 0.48435972629521024 6.1969158042233561 2.5000000000000004 12.500000000000002 10.888997252740173 10.984724408333335 10.857762616666669
decision_type=10 10 10 10 10 10 10 10 10 10 2 10 2 10 10 10 10 2 10 10 10 10 10 10 10 10 2 10 2 10 10 10 2 10 10 2 2 10 2 10 2 2 2 2 2 8 10 10 10 8 2 2 8 8 2 8 10 2 2 10 2 2
left_child=1 2 43 4 -3 -4 7 8 9 -5 12 -9 -11 -6 17 16 -16 -8 -7 29 22 40 24 27 -21 26 -23 31 -25 -17 -14 -24 33 34 37 -35 -37 39 -39 -2 41 -22 -27 57 45 46 -45 48 49 50 -47 -52 -51 -54 -55 -56 -53 -1 59 60 61 -59
right_child=32 3 5 6 13 18 14 11 -10 10 -12 -13 30 -15 15 19 -18 -19 -20 20 21 25 23 28 -26 42 -28 -29 -30 -31 -32 -33 -34 35 -36 36 -38 38 -40 -41 -42 -43 -44 44 -46 47 -48 -49 -50 52 51 56 53 54 55 -57 -58 58 -60 -61 -62 -63
leaf_value=-0.040007513096567852 0.089538410383387973 0.18000226236500971 -0.030715295050281845 -0.052810294035690576 -0.0095941097562992194 1.3905335485308443 -1.1375611109826391 -0.8597822860357387 -0.29581879307020637 0.11136028915890855 -0.050288212726570559 0.014518391077974946 0.75957414633774656 -0.88913099475484614 0.25933486219243707 1.6500756700930055 -0.016577984621801579 -0.011933865981032455 0.18031598191940043 -0.95016629858859325 0.013939140543798313 0.40498935722373092 0.0088697335988456426 -1.4644266875572129 -0.41972053657013081 -0.66090252617469192 -0.32415573187318758 -0.047194762575474419 -0.039597287073669211 -0.063266652833112863 1.3021287508525221 0.4956795499842368 -0.24895552685126981 0.35006333323425054 0.055839358318286153 0.26629078128753786 -0.16789022133649775 -0.093281441424083233 0.0098643370683473841 -0.014755811996013935 -0.016969792976640363 0.42512331017367766 -0.044475769604594012 -0.071809109726300238 1.6798870359342073 0.16609060396502962 -0.9855908664254468 0.63080914837684932 -1.1133762147731856 0.95567177284513216 -0.8996109064460438 0.8109438572315546 -0.059312167309260748 0.18478528669366034 0.18073237195603553 -0.045637183071327914 -0.30164792227814846 -0.067096006148130272 0.030261215833880684 0.062997206775799341 -0.14219371213290638 1.315601745137007
leaf_weight=275 28 25 21 43 43 22 29 23 21 35 36 38 46 84 33 27 34 20 33 22 23 24 21 37 45 64 24 27 37 23 23 21 26 36 27 27 36 22 28 20 35 36 27 54 24 69 22 27 25 30 39 22 27 24 31 38 21 174 1354 158 200 45
leaf_count=275 28 25 21 43 43 22 29 23 21 35 36 38 46 84 33 27 34 20 33 22 23 24 21 37 45 64 24 27 37 23 23 21 26 36 27 27 36 22 28 20 35 36 27 54 24 69 22 27 25 30 39 22 27 24 31 38 21 174 1354 158 200 45
internal_value=1.24657e-05 -0.000358947 0.00071298 -0.00321637 -0.0131579 0.0157895 -0.00148741 0.00471698 0.00882353 0.0122951 0.0178571 -0.00901639 0.0259615 -0.0177165 -0.00418719 -0.00285714 0.0126866 -0.0193878 0.0245455 -0.00496957 -0.00643341 -0.00107296 -0.012381 -0.00664336 -0.0246269 -0.00899281 0.00416667 0.00652174 -0.0189189 0.008 0.034058 0.0166667 0.0056 0.00758929 0.002 0.0146465 0.00714286 -0.00306122 -0.012 0.00625 0.0106383 0.0177966 -0.0159341 0.000282061 -0.00342163 -0.00477855 -0.0184211 -0.00184136 -0.00368098 -0.00149502 -0.00827815 -0.0195122 0.00533333 0.000833333 0.00698925 0.000724638 -0.00581395 0.00104261 0.00183843 -0.00268631 -0.00632458 0.000228311
internal_weight=4011 3761 2735 1026 152 76 874 265 204 183 140 61 104 127 609 560 67 49 55 493 443 233 210 143 67 139 48 69 74 50 69 42 250 224 125 99 63 98 50 48 94 59 91 2659 453 429 76 353 326 301 151 82 150 120 93 69 43 2206 1931 577 419 219
internal_count=4011 3761 2735 1026 152 76 874 265 204 183 140 61 104 127 609 560 67 49 55 493 443 233 210 143 67 139 48 69 74 50 69 42 250 224 125 99 63 98 50 48 94 59 91 2659 453 429 76 353 326 301 151 82 150 120 93 69 43 2206 1931 577 419 219
is_linear=0
shrinkage=0.05


Tree=121
num_leaves=63
num_cat=0
split_feature=14 14 6 6 12 8 8 13 4 4 12 8 4 4 10 13 2 12 7 7 6 4 9 4 6 7 15 16 9 10 2 0 8 7 9 8 8 10 13 8 10 2 13 16 0 16 12 16 9 8 5 12 4 4 4 10 6 10 13 0 14 7
split_gain=3.23594 5.89033 3.18134 10.4306 6.24213 5.26237 13.0459 8.00769 6.92944 5.08537 9.00218 7.86783 4.9671 4.55979 4.84531 6.74969 5.07097 7.425 5.65714 4.50308 6.67191 4.49299 4.03333 3.96957 8.29536 3.84225 4.21878 9.4534 6.68161 5.50476 4.61861 6.41102 6.38477 6.67102 5.42689 5.26383 6.64289 8.03727 7.33968 6.2177 10.5217 5.23624 6.23599 4.4862 4.04249 7.39951 9.30335 4.9684 5.23909 10.135 4.254 8.73653 6.67898 5.43063 3.90029 4.67419 4.62779 4.51838 3.88281 4.96253 5.66502 4.48824
threshold=2700.0000000000005 1500.0000000000002 17.164583333333336 16.634523809523809 9.5985925031833421 11.487468788315541 12.006241950673873 0.16611479028697576 10.833202500000001 3.9433180000000005 12.342855299153291 13.08761702107074 4.9433180000000005 3.3285570000000004 14.540126291618831 0.1924501424501425 12.500000000000002 14.007437963338797 50.750000000000007 61.050000000000004 28.067083333333333 5.1025600000000013 0.12933094384707292 7.9433180000000005 16.879584221748406 52.650000000000013 8.5000000000000018 123.50000000000001 0.37089947089947095 6.0399267399267407 47.500000000000007 11.950360425000001 13.732877909708529 41.95000000000001 0.14400921658986179 7.0043762753119427 8.8669731000581891 12.693513957307063 0.2469862018881627 10.730855502341162 14.540126291618831 17.500000000000004 0.64888572783309639 -9.4999999999999982 10.456888266666668 7.5000000000000009 10.82353627749781 19.500000000000004 0.85960591133004927 9.267753113150567 16.950000000000003 12.134230227945482 3.7886000000000002 3.1216390000000005 13.943318000000001 11.784305768808951 0.34664031620553365 13.630007309941522 0.20415349238286867 11.417885925000002 90.000000000000014 28.550000000000004
decision_type=10 10 10 10 10 10 10 10 10 10 10 10 10 10 10 10 2 10 10 10 10 10 10 10 10 10 2 2 8 10 2 2 10 10 8 10 10 10 10 10 10 2 10 2 2 2 10 2 10 10 10 10 10 10 10 10 10 10 10 2 8 10
left_child=1 2 3 25 -4 7 -7 8 -6 13 -11 22 -13 14 -8 16 -16 -18 -19 -17 -21 -9 -12 24 -5 26 30 28 -28 -30 31 34 33 35 43 41 38 -38 -37 40 -39 -33 -43 -1 45 46 -32 54 49 -49 51 53 -52 -51 55 56 -46 -57 59 60 61 -36
right_child=-2 -3 4 23 5 6 9 21 -10 10 11 12 -14 -15 15 19 17 18 -20 20 -22 -23 -24 -25 -26 -27 27 -29 29 -31 44 32 -34 -35 58 36 37 39 -40 -41 -42 42 -44 -45 47 -47 -48 48 -50 50 52 -53 -54 -55 -56 57 -58 -59 -60 -61 -62 -63
leaf_value=-0.027137403335465063 0.18375451334249601 -0.067246611652212171 0.056628392970200218 -0.77117892212246741 0.087951391390129391 0.86426404358779296 -0.14045227084309389 -0.34613714503465726 -0.045799405884837087 0.14390383492609118 -0.053152969234175985 -1.1039244517207796 0.0038671053590199735 1.3996730464646217 0.11068111572572176 0.21520622165850878 -0.5644109475007294 0.10675131286903224 -0.029305964994390622 -1.1654771651987603 0.39519913794874367 -0.012509191696959895 -1.0464548848734601 -0.013803375910525696 -0.045911365351995304 -0.78615531630529822 0.04789517656022535 2.8387217915147462 0.0077922051698536615 -0.6228687822676986 0.21427194117864379 0.39514788296921871 -0.14387385892425472 0.39682059283999199 -0.050183459915694686 0.31785719652784017 0.1143093640829406 -0.6128982273059318 -0.52107326138307408 0.071696031321033402 0.33963343221122511 0.059701576883285791 -0.031509867478291653 0.14587866408673406 -0.33857366182725529 -0.59887701128087378 -0.046897075025596459 -0.18422827267236849 1.3898415087185771 0.66903671047013591 -0.040769777767510722 -0.91211689563556841 1.6663270404651624 -0.030245364418814626 0.0050447679315643416 0.42700013007364612 -1.2831563639971924 -0.19652126678914714 -0.0065358043585938223 -0.92405021430152456 0.0099995088133104214 -0.59408212387003234
leaf_weight=33 50 27 28 31 55 49 20 22 31 33 30 53 329 25 35 148 30 21 45 26 22 28 24 35 30 34 67 23 35 21 25 47 21 20 89 20 77 23 36 48 23 36 55 38 24 33 21 68 34 23 21 22 26 29 27 20 34 39 1364 24 133 45
leaf_count=33 50 27 28 31 55 49 20 22 31 33 30 53 329 25 35 148 30 21 45 26 22 28 24 35 30 34 67 23 35 21 25 47 21 20 89 20 77 23 36 48 23 36 55 38 24 33 21 68 34 23 21 22 26 29 27 20 34 39 1364 24 133 45
internal_value=-0.0006399 -0.000800508 -0.000639713 -0.00150666 0.00170778 0.00107212 0.00247191 -0.00808824 0.00116279 0.0010107 -0.00245203 -0.0043578 -0.00183246 0.00537634 0.00389049 0.00535168 -0.00343511 -0.009375 0 0.0112245 -0.00208333 -0.024 -0.0222222 -0.0177083 -0.0254098 -0.000942712 -0.000734214 0.00753425 0.00203252 -0.0107143 -0.00120248 -0.000234522 0.00541872 0.00688312 -0.00156431 0.00534247 0.000660793 0.00555556 -0.0142857 -0.00425532 -0.0173913 0.0130435 0.00604396 0.0119718 -0.0058296 0.00443038 0.0173913 -0.00803815 -0.00336323 -0.00661376 0.00206612 -0.00540541 0.0138298 0.00576923 -0.0152778 -0.0192308 -0.0293103 -0.00932203 -0.00214502 -0.00738832 -0.00543071 -0.0126866
internal_weight=3985 3935 3908 2854 1054 1026 890 136 86 841 469 436 382 372 347 327 131 96 66 196 48 50 54 96 61 2758 2724 146 123 56 2578 2132 406 385 1726 365 227 171 56 94 46 138 91 71 446 79 46 367 223 189 121 74 47 52 144 117 58 59 1655 291 267 134
internal_count=3985 3935 3908 2854 1054 1026 890 136 86 841 469 436 382 372 347 327 131 96 66 196 48 50 54 96 61 2758 2724 146 123 56 2578 2132 406 385 1726 365 227 171 56 94 46 138 91 71 446 79 46 367 223 189 121 74 47 52 144 117 58 59 1655 291 267 134
is_linear=0
shrinkage=0.05


Tree=122
num_leaves=63
num_cat=0
split_feature=2 5 10 11 10 1 13 16 9 14 16 10 16 13 2 16 11 12 10 16 11 14 13 8 12 9 5 10 16 5 5 13 10 9 16 13 1 5 9 1 5 4 9 9 9 16 11 4 12 4 11 9 9 5 0 5 2 7 8 1 5 9
split_gain=3.28185 8.04958 5.09819 8.02176 7.0274 5.72296 5.06422 5.34815 4.9 4.79113 8.70623 6.93072 9.16217 7.59152 7.99361 7.03704 8.98205 5.57045 9.27339 7.73724 6.38085 6.69103 10.1939 6.24222 6.03077 5.4812 5.07698 6.24011 4.79187 4.77337 4.6998 4.36547 4.31849 5.21387 4.26667 4.25295 4.11396 3.87169 6.54227 8.37963 5.05532 4.1257 3.88888 3.81111 3.77904 3.73737 3.73275 4.95509 5.50002 5.04757 3.3595 3.28652 5.44326 4.95709 6.25994 5.84694 4.96941 3.17642 6.69202 4.51738 6.5508 5.74417
threshold=47.500000000000007 69.000000000000014 15.913977218794498 62.150000000000013 14.413627752782384 3.5000000000000004 0.2669211195928754 20.500000000000004 0.22068372803666922 270.00000000000006 297.50000000000006 10.838480392156862 -9.4999999999999982 0.30705207901643877 12.500000000000002 75.500000000000014 5.0500000000000007 9.5180933873210627 10.219687950937951 133.50000000000003 36.750000000000007 150.00000000000003 0.3054093567251463 6.5441972657440886 9.2896784233621776 0.22886904761904764 13.050000000000002 11.645196153113694 96.500000000000014 13.050000000000002 3.3500000000000001 0.81302966101694929 10.650161030595816 0.31287650602409645 18.500000000000004 0.15958653400010311 10.500000000000002 66.350000000000009 0.039230769230769243 15.500000000000002 56.750000000000007 2941.9243020000004 0.044466403162055343 0.16302800189843383 0.072077922077922088 -85.499999999999986 32.650000000000013 2.9433180000000005 10.224108192773382 9.8864580000000011 31.950000000000003 0.38138528138528144 0.30079365079365084 1.1500000000000001 11.771758666666669 3.9500000000000006 17.500000000000004 40.45000000000001 13.388530511563056 4.5000000000000009 12.450000000000001 0.45584415584415588
decision_type=2 10 10 10 10 2 8 2 10 10 2 10 2 10 2 2 10 8 10 2 8 10 10 10 10 10 10 10 2 10 10 10 10 8 2 10 2 8 8 2 10 10 8 8 8 2 10 10 10 10 10 10 8 10 2 10 2 10 10 2 10 10
left_child=9 2 4 5 6 -4 7 -2 -5 17 11 15 -13 14 -14 16 36 18 19 28 21 45 -23 31 26 -16 27 -20 51 -8 -7 -21 33 -31 -6 -32 -11 38 39 -22 41 42 -40 -28 -44 -19 50 48 -48 -49 -47 52 -1 54 -53 -55 -57 58 -46 60 -59 -61
right_child=1 -3 3 8 34 30 29 -9 -10 10 -12 12 13 -15 25 -17 -18 20 24 23 37 22 -24 -25 -26 -27 43 -29 -30 32 35 -33 -34 -35 -36 -37 -38 -39 40 -41 -42 -43 44 -45 57 46 47 49 -50 -51 -52 53 -54 55 -56 56 -58 59 -60 61 -62 -63
leaf_value=0.036891378753088983 -0.039907058028118669 0.07795854231672994 -0.038832700623278531 -1.4688528282643121 -0.45107180265444796 -0.19960170363907326 -0.025980498732555903 0.39326855908419456 -0.015982369380205166 -0.00058483246883440649 -0.85162759405231947 0.69659621319970144 0.14061708475408957 0.097933555781516912 -0.02596890336645348 -0.38749658870843628 0.61620021412854453 0.021613107024868496 0.71397164842543048 -1.0477320731243658 0.33882503590101631 -0.39532074018610497 1.7714966110259451 0.86282405513837268 1.0797036601053338 -0.71875485324833022 0.040650262795943387 0.01973714623576155 0.67333978676216477 -1.3885857684098746 0.019515251886438368 -0.021616402168240258 -0.016039024823038161 -0.053486819851967488 -0.77306250710973634 0.32635689298578258 -0.4267931576427012 -0.035609878062724899 -0.38482222072691441 -0.0054208924806417261 0.075938433506161349 -0.18426889169615435 0.32577086910005343 -0.060190107345519023 0.012877522224615134 -0.063698275473051888 1.1769491469558486 -0.62710005627817966 -0.028623000572479643 -0.0017173382846081609 -1.716368765015609 -0.0079141474363860539 -0.31450269432591471 1.0699447690871604 0.17439651862363609 0.67531907103548261 0.0023599001240898866 -0.061534914963166966 0.45010416782031837 -0.021094409185277566 0.30551887799426941 0.55541558664873214
leaf_weight=26 24 29 23 20 30 22 243 30 20 27 25 29 29 25 36 33 22 34 27 36 23 20 24 45 26 21 24 32 39 21 33 39 39 36 30 71 25 108 23 21 31 21 24 21 783 27 22 82 45 45 20 209 43 26 61 34 66 36 24 814 66 27
leaf_count=26 24 29 23 20 30 22 243 30 20 27 25 29 29 25 36 33 22 34 27 36 23 20 24 45 26 21 24 32 39 21 33 39 39 36 30 71 25 108 23 21 31 21 24 21 783 27 22 82 45 45 20 209 43 26 61 34 66 36 24 814 66 27
internal_value=-0.000161812 -0.0033532 -0.00451713 0.00238095 -0.00739514 0.00771812 -0.00496183 0.00925926 -0.0175 0.000478183 -0.00588235 -0.00303644 0.00428571 -0.00225225 -0.00930233 -0.0126168 -0.00405405 0.00104099 0.00477454 0.00224359 -0.000172414 -0.00673981 0.0113636 -0.00916667 0.0169231 -0.0201754 0.0115385 0.0211864 0.00496032 -0.00722714 0.0119048 -0.018 -0.0166667 -0.0254386 -0.0233333 0.0163462 -0.0153846 0.000874563 0.00139989 0.0204545 0.000946458 0.000605061 0.000862549 -0.00111111 0.0011274 -0.00963636 -0.0118257 -0.00876289 0.00223881 -0.0145669 -0.0244681 0.00354839 -0.00652174 0.00530303 0.00148148 0.0134921 0.008 0.000857143 0.00315985 -0.00111347 0.00882353 -0.00231867
internal_weight=4017 671 642 189 453 149 393 54 40 3346 272 247 140 111 86 107 74 3074 754 624 2320 319 44 120 130 57 104 59 504 339 126 75 96 57 60 104 52 2001 1893 44 1849 1818 1797 45 1774 275 241 194 67 127 47 465 69 396 270 126 100 1750 807 943 102 841
internal_count=4017 671 642 189 453 149 393 54 40 3346 272 247 140 111 86 107 74 3074 754 624 2320 319 44 120 130 57 104 59 504 339 126 75 96 57 60 104 52 2001 1893 44 1849 1818 1797 45 1774 275 241 194 67 127 47 465 69 396 270 126 100 1750 807 943 102 841
is_linear=0
shrinkage=0.05


Tree=123
num_leaves=63
num_cat=0
split_feature=15 6 0 7 8 13 0 16 13 16 10 10 5 8 7 2 4 5 0 16 10 16 8 6 4 16 7 6 9 10 10 5 8 14 4 16 15 8 8 8 7 7 9 6 6 0 7 13 5 10 0 14 5 16 8 12 10 4 0 5 9 13
split_gain=4.1649 4.95386 5.54669 5.50389 5.94882 4.62874 4.596 4.84516 4.41035 4.33963 11.8771 6.44438 6.59378 7.3507 5.70417 5.68107 5.74807 4.09357 4.0654 5.51595 3.70879 3.51224 6.23147 5.55753 6.68114 5.32225 6.89524 7.07521 5.25626 5.4097 8.66553 4.99987 6.17549 4.64026 6.66716 5.04021 4.44336 4.24261 5.86692 5.20127 6.08444 4.15914 9.79716 4.99221 6.25699 4.13172 4.42102 4.22877 5.2492 7.32233 6.95887 6.52146 4.99029 3.78182 4.80909 4.71017 5.85728 3.7404 6.12136 5.51087 3.6835 3.3439
threshold=7.5000000000000009 2.3907407407407413 11.456888266666668 43.850000000000001 12.756362414535099 0.16611479028697576 11.857762616666669 89.500000000000014 0.1924501424501425 128.50000000000003 20.475274725274726 19.506495726495732 6.4500000000000011 17.473903255442128 49.050000000000004 17.500000000000004 2262.9081555000007 9.0500000000000025 10.4818853 -3.4999999999999996 11.84323943661972 -27.499999999999996 19.394283878549963 20.038913043478264 0.24001900000000001 2.5000000000000004 47.150000000000013 25.942676767676772 0.17445652173913045 22.986782488902502 20.095039215686281 5.2500000000000009 8.292067401634597 90.000000000000014 1.1650740000000002 -78.499999999999986 4.5000000000000009 14.109844590412248 11.333908997188308 12.402211818500883 43.650000000000013 47.45000000000001 0.38315602836879442 18.09446022727273 16.371671671671674 13.108811808333334 102.70000000000002 0.14073503521126765 39.550000000000004 23.898120300751881 11.734886583333335 90.000000000000014 47.050000000000004 -4.4999999999999991 12.136110328125632 10.954543209186804 16.46550925925926 11.114214000000002 10.522861450000002 9.3500000000000032 0.18795289855072467 0.93747286148501974
decision_type=2 8 2 8 8 10 2 2 10 2 8 8 10 10 8 2 10 10 2 2 10 2 10 10 10 2 10 10 8 10 10 10 10 10 10 2 2 10 8 8 8 10 10 10 10 2 10 10 10 10 2 10 10 2 10 10 10 10 2 10 8 10
left_child=21 2 -2 5 -5 -3 9 17 -7 11 -11 14 -13 15 -6 -14 -17 -8 19 -10 -21 22 33 28 -25 26 -26 -28 31 30 41 -23 -33 34 35 -1 -29 38 57 -40 -41 60 43 44 -43 46 47 -27 49 50 51 -49 -50 -34 55 -55 -57 58 59 -36 -30 -35
right_child=1 3 -4 4 6 8 7 -9 18 10 -12 12 13 -15 -16 16 -18 -19 -20 20 -22 23 -24 24 25 45 27 36 29 -31 -32 32 53 61 37 -37 -38 -39 39 40 -42 42 -44 -45 -46 -47 -48 48 52 -51 -52 -53 -54 54 -56 56 -58 -59 -60 -61 -62 -63
leaf_value=1.1978978907864626 -0.54949144643206649 0.79656728390024467 0.43370895215351413 -0.059995496678948837 0.0392077833659807 -0.72302011345168093 0.039877621239170019 -1.5842519227275893 0.0047222639467411343 -0.073504650378535527 4.3792912773291066 -0.299525968955555 -0.24976667401570918 -0.32097456357486992 0.36580191062684175 0.12885833946627809 -0.014211945606064535 -0.038152861914769791 0.032261886350801565 1.1583920906483638 0.95725532847111483 -1.1489760334782735 -1.5051592137642151 0.24232899860768634 0.12148064850918878 0.077333747602102723 -0.59934228604990791 0.0043286672900612333 0.06648527495995521 0.096880069792150719 -0.72983647697392806 0.28495431770477025 -1.3303924144737431 -0.046287969534675538 0.014797380824106022 0.097312954963812495 0.070466042965380712 0.86114109698375685 -1.6198451647786456 0.20814802285825762 -2.2722106014147516 0.036102024186943991 -1.2052475495951285 0.060096707387897658 -0.1325654421798797 -0.15870108489826018 -0.20428530864045424 -0.065467354394614666 1.1040635284911662 -0.51124554678509504 -0.096436833396881791 0.3909062461145647 0.13768338534281668 -0.095903116407604572 -0.22478285478798574 -0.029783488004352422 0.84830186201235946 -0.021872259861119403 0.36515121728626171 -1.0906032453369041 0.00026619260361631091 -0.18559108955005216
leaf_weight=22 51 58 21 29 40 36 21 26 30 35 22 21 27 24 24 33 29 36 308 24 28 34 21 25 23 58 20 39 38 28 36 29 20 346 25 26 40 20 25 20 25 31 21 22 24 21 30 44 22 43 22 41 35 39 22 29 20 21 51 23 1547 51
leaf_count=22 51 58 21 29 40 36 21 26 30 35 22 21 27 24 24 33 29 36 308 24 28 34 21 25 23 58 20 39 38 28 36 29 20 346 25 26 40 20 25 20 25 31 21 22 24 21 30 44 22 43 22 41 35 39 22 29 20 21 51 23 1547 51
internal_value=-7.49625e-05 0.00287107 -0.00972222 0.00393655 -0.000681199 0.00743802 0.00118343 -0.00903614 0.0056338 0.0045098 0.0166667 0.0010101 -0.00522388 -0.000442478 0.0140625 0.00617978 0.0145161 -0.000877193 0.00717949 0.0170732 0.0269231 -0.000958103 -0.00414201 -6.2422e-05 0.00485961 0.00342466 0.0122951 0.00656566 -0.00123711 -0.000372066 -0.000727167 -0.00906736 -0.00534591 -0.00328244 0.00193798 0.01875 0.0132911 -0.00190476 -0.00421053 -0.0157143 -0.00555556 -0.000207962 -0.0102041 -0.00194805 -0.01 0 0.00152542 0.00358491 0.000241546 -0.00466667 0.00233645 0.00882353 0.0131579 -0.01 -0.00636364 -0.00113636 0.00918367 0.0025 0.00656566 -0.00625 0.000410095 -0.00667506
internal_weight=4002 923 72 851 367 484 338 83 426 255 57 198 134 113 64 89 62 57 390 82 52 3079 676 2403 463 438 122 99 1940 1747 1719 193 159 655 258 48 79 210 190 70 45 1683 98 77 55 316 295 265 207 150 107 85 57 130 110 88 49 120 99 48 1585 397
internal_count=4002 923 72 851 367 484 338 83 426 255 57 198 134 113 64 89 62 57 390 82 52 3079 676 2403 463 438 122 99 1940 1747 1719 193 159 655 258 48 79 210 190 70 45 1683 98 77 55 316 295 265 207 150 107 85 57 130 110 88 49 120 99 48 1585 397
is_linear=0
shrinkage=0.05


Tree=124
num_leaves=63
num_cat=0
split_feature=16 16 6 9 15 15 1 10 15 10 7 9 16 12 1 1 9 4 5 13 1 9 12 12 13 1 15 16 11 4 4 4 13 4 10 13 5 6 6 9 4 6 10 1 4 5 12 7 14 13 5 1 14 13 12 16 11 9 16 14 8 10
split_gain=3.46317 2.92085 10.7929 8.67691 5.31724 7.11111 5.87409 9.04213 9.18484 7.2745 12.4444 6.76876 3.90713 6.738 5.80741 11.7533 11.1029 4.77436 5.36863 5.27778 4.60699 10.163 6.59665 7.7803 7.33232 7.24432 9.27305 5.73557 5.67199 5.29363 9.10136 6.89842 7.60804 6.08923 5.44581 6.80025 5.15714 4.91483 5.52853 6.88459 9.75238 5.93764 5.34545 5.25762 4.7798 4.54859 4.48179 4.00302 3.85714 3.39654 3.30688 3.30542 4.20885 3.25117 6.76682 7.40896 5.35885 5.30303 4.47785 3.75194 7.94905 8.36606
threshold=433.00000000000006 234.50000000000003 27.377181400688865 0.16568627450980394 4.5000000000000009 3.5000000000000004 19.500000000000004 13.589773495605138 6.5000000000000009 11.279045718432512 19.150000000000002 0.26500600240096045 57.500000000000007 14.756756680534087 10.500000000000002 4.5000000000000009 0.28474903474903479 5.9433180000000005 38.750000000000007 0.23112535612535615 14.500000000000002 0.85357142857142865 14.206125151161642 13.749466471522664 0.12933094384707292 12.500000000000002 4.5000000000000009 116.50000000000001 30.050000000000004 13.165074000000002 5.8332025000000014 4.4260780000000013 0.44023809523809526 1.2718600000000002 9.956364401430676 0.30032679738562096 9.9500000000000011 17.753739355794156 11.70823643410853 0.45584415584415588 8.240019000000002 14.481502669717774 14.571572104018916 17.500000000000004 8.9433180000000014 8.2500000000000018 11.062186789333827 38.850000000000001 210.00000000000003 0.30032679738562096 8.4500000000000011 2.5000000000000004 14040.000000000002 0.24596669268800417 9.5180933873210627 2.5000000000000004 34.45000000000001 0.19890109890109894 46.500000000000007 90.000000000000014 18.34703529088328 17.11229665071771
decision_type=2 2 8 10 2 2 2 10 2 10 10 10 2 10 2 2 10 10 10 10 2 8 8 10 10 2 2 2 10 10 8 10 10 10 8 10 10 10 10 10 10 10 10 2 10 10 10 10 10 10 10 2 8 8 10 2 10 8 2 10 10 10
left_child=1 12 3 -3 5 48 7 9 -9 10 -6 -10 51 20 15 -15 -17 19 -19 -16 22 37 23 24 -14 26 28 -24 -26 30 31 32 46 -34 44 45 -30 38 39 40 -22 -40 -43 -41 -32 -36 49 -47 -5 -28 -12 -1 53 54 55 57 -56 -53 -58 60 61 -55
right_child=-2 2 -4 4 6 -7 -8 8 11 -11 50 -13 13 14 17 16 -18 18 -20 -21 21 -23 27 -25 25 -27 29 -29 36 -31 34 -33 33 -35 35 -37 -38 -39 41 43 -42 42 -44 -45 -46 47 -48 -49 -50 -51 -52 52 -54 59 56 -57 58 -59 -60 -61 -62 -63
leaf_value=-0.093474699527867605 0.88223806358813917 1.8743625965728983 -0.52758608405170004 -0.28360101397962512 -0.90418794274921055 1.0413221428580837 -0.27560247520733017 1.0778348153302717 1.2266679300787076 -0.61904454890262173 1.1088889100418187 -0.63327521761701466 -0.30067099740401348 3.146567913749156 0.18625047623320248 0.029768001957084185 -0.44403559842263579 0.057237818008710133 -0.27185007411383544 1.8543233258595171 -0.026644417706426005 0.39917849600032085 0.20641078826332473 0.60480600672774365 -1.792327787295541 0.58862009298143136 -0.4087223221186751 -1.0489920366257028 -0.32707433438857658 1.0162468400442866 0.10606023255174152 1.2098735101603815 0.16187906407938757 -0.87236043068405145 -0.24804824993655697 -0.33652983103032741 0.049759454389684703 0.057154065082280429 -1.3900238175118378 -0.046765317830602275 3.7521212693139621 0.05579134506960548 -0.88013614628265957 -0.19021157822021426 -0.14990301511501231 1.0545239062990335 0.63840879291238195 -0.010025429173750135 0.17810476336705322 0.04882136643679616 -0.32147365055060106 0.040052287060784189 0.11827580795207204 0.0013169433406855725 -0.33342935070358881 0.95269567709780467 0.0058299084611482151 -0.33050200180151729 -0.83736195673101355 -0.037149308731029687 -0.22333553237509746 1.3291310202831146
leaf_weight=89 44 30 27 27 21 24 23 29 25 33 36 31 21 26 36 56 29 34 20 40 28 64 22 26 25 110 28 29 36 31 30 38 20 29 27 33 20 33 46 23 20 20 24 22 33 21 68 22 21 23 27 42 21 518 23 21 744 22 43 805 23 25
leaf_count=89 44 30 27 27 21 24 23 29 25 33 36 31 21 26 36 56 29 34 20 40 28 64 22 26 25 110 28 29 36 31 30 38 20 29 27 33 20 33 46 23 20 20 24 22 33 21 68 22 21 23 27 42 21 518 23 21 744 22 43 805 23 25
internal_value=-0.000313519 -0.000469186 -0.00480226 -0.00229358 -0.00488215 0.00694444 -0.00866667 -0.00594059 0.00647059 -0.0149573 -0.00714286 -0.00535714 -4.17944e-05 0.00226711 0.00975104 0.00135135 -0.00764706 0.0169231 0.00555556 0.025 0.000411523 -0.005 0.00260116 0.00397816 0.00284553 0.00387205 0.00123967 -0.0147059 -0.0141975 0.00434243 0.00268817 0.00970874 0.00535714 -0.0112245 -0.0060241 -0.0131068 -0.00535714 -0.0101852 -0.013388 -0.00483871 0.00833333 -0.0222222 -0.00909091 -0.0188889 0.00555556 -0.00428571 0.0121849 0.00581395 -0.00416667 0.000980392 0.00396825 -0.00122054 -0.000852645 -0.00105914 0.00128492 0.0147059 -0.000123457 0.00625 0.000571792 -0.00258935 0.000530035 0.00174954
internal_weight=3987 3943 354 327 297 72 225 202 85 117 84 56 3589 1213 241 111 85 130 54 76 972 280 692 641 615 594 484 51 81 403 372 206 168 49 166 103 56 216 183 93 48 90 44 45 63 70 119 43 48 51 63 2376 2287 2266 895 85 810 64 787 1371 566 543
internal_count=3987 3943 354 327 297 72 225 202 85 117 84 56 3589 1213 241 111 85 130 54 76 972 280 692 641 615 594 484 51 81 403 372 206 168 49 166 103 56 216 183 93 48 90 44 45 63 70 119 43 48 51 63 2376 2287 2266 895 85 810 64 787 1371 566 543
is_linear=0
shrinkage=0.05


Tree=125
num_leaves=63
num_cat=0
split_feature=4 4 4 7 7 6 8 10 12 2 11 9 10 11 12 4 10 6 0 5 10 15 9 9 10 1 5 5 10 1 4 11 12 11 7 10 7 4 11 5 11 5 12 6 5 4 8 2 5 8 10 4 8 6 9 5 4 4 10 9 11 7
split_gain=4.9005 7.01244 6.89204 5.6118 7.11524 6.16061 5.32145 4.97672 4.45873 4.4177 9.88559 4.15343 6.13636 4.08883 11.923 9.74064 9.68865 6.39056 5.61562 6.61583 8.24651 6.65953 6.54927 13.3359 7.04479 6.16424 7.94763 9.91255 6.82436 7.72754 7.26393 6.01566 8.17821 6.912 5.51775 9.10249 5.62023 5.2816 6.07875 11.5721 6.05238 5.61281 5.19249 7.28961 4.9373 4.37576 4.34987 5.42625 4.33403 6.61965 5.25952 5.88335 5.57462 4.28571 4.20535 5.6188 4.11739 3.98127 4.13737 3.88341 3.75 8.34984
threshold=0.74539350000000015 1.0054830000000001 0.30928300000000003 50.750000000000007 33.95000000000001 15.003723404255322 8.741598507063566 19.213664215686276 7.4578708623109051 42.500000000000007 27.050000000000004 0.23354978354978359 11.583206260032105 36.850000000000001 10.247558040373436 6.7453935000000014 7.7568774348216971 8.0520833333333339 11.025785633333335 1.0500000000000003 21.648758865248229 6.5000000000000009 0.32282878411910676 0.29061583577712619 11.279045718432512 13.500000000000002 19.550000000000004 27.750000000000004 14.061805555555557 16.500000000000004 2055.5054830000004 41.45000000000001 11.22652962822707 47.250000000000007 33.650000000000013 14.101000000000001 112.50000000000001 1.7886000000000002 42.350000000000001 8.4500000000000011 48.250000000000007 98.850000000000009 13.037851972218389 20.18882575757576 15.950000000000001 4.8354865000000009 10.515696135949851 22.500000000000004 13.850000000000003 17.032010818479488 27.871460573476707 4.8354865000000009 12.351523929429296 18.605926916221041 0.22684391080617497 8.4500000000000011 5.7453935000000014 5.2247530000000006 16.955533596837949 0.22068372803666922 42.750000000000007 42.95000000000001
decision_type=10 10 8 10 10 10 10 10 10 2 10 8 8 8 10 10 8 10 2 10 10 2 10 10 10 2 10 10 10 2 10 8 10 8 8 10 10 10 8 10 10 10 10 10 10 10 8 2 10 10 10 10 8 10 8 10 10 10 8 10 10 10
left_child=2 3 7 4 6 -6 8 9 -2 10 -1 -4 -13 14 -3 -16 17 -15 19 20 -18 34 23 37 -24 26 31 53 30 45 -27 32 -23 -33 35 -21 -36 40 39 56 -20 46 -31 -44 -25 -30 47 -40 49 57 51 -50 -53 -28 -17 -56 -39 -48 -59 -12 -26 -62
right_child=1 13 11 -5 5 -7 -8 -9 -10 -11 59 12 -14 16 15 54 18 -19 22 21 -22 25 24 44 60 28 27 -29 29 42 -32 33 -34 -35 36 -37 -38 38 41 -41 -42 -43 43 -45 -46 -47 48 -49 50 -51 -52 52 -54 -55 55 -57 -58 58 -60 -61 61 -63
leaf_value=0.75565666488291505 -0.013608244377939373 -0.0013835220372008907 -0.028565498978482751 -0.080852632100831212 0.60495015060745638 0.058157790973232149 -0.11531951616178554 0.39089527473278668 1.0448159386376479 0.084103159854693479 -0.039390921208454437 -0.85539731586990575 -1.4857664411460325 -0.067118364613449097 -0.60873361157955996 -0.73090071242277632 0.33705324113666146 -1.0649402459491528 -0.8712350253392902 -0.34845436579820233 -0.28153253121109545 0.1845525262357228 0.078786213458314255 2.1133489723588639 -0.92368249484709752 0.52365396353402471 1.1144869513264231 -0.0005473258610141585 1.7536426648814514 0.044412572068436164 -0.00080529860737417859 0.15919539701377641 -0.94154119777914724 -0.12232437843007711 -0.042058442329320607 0.38014500646502936 0.043650375220876739 0.051744553307882857 -0.68300380002545469 0.20107825345425617 0.39552784641293787 0.037671166165736736 -0.29962512677351588 0.0059834328153812073 0.37288255279726068 0.1109191810135398 0.22384951283180474 -0.080304278355344039 -0.49849867441032991 -0.38190594078293555 0.042083179881920063 0.2434035154203251 -0.20078963607124489 0.084481610409871816 -0.17978415467940823 1.07295485731036 -2.3326269921230032 -0.56190461764514288 0.03868954375483457 -0.45263134438879099 0.0083165418500083643 -0.81297347621938743
leaf_weight=29 21 1021 29 32 37 38 34 39 24 37 35 24 20 29 105 26 202 22 20 23 34 20 30 31 29 82 32 105 20 49 27 50 34 75 469 31 21 22 21 92 23 29 37 42 23 24 29 25 49 25 30 27 134 28 31 37 21 24 66 64 43 41
leaf_count=29 21 1021 29 32 37 38 34 39 24 37 35 24 20 29 105 26 202 22 20 23 34 20 30 31 29 82 32 105 20 49 27 50 34 75 469 31 21 22 21 92 23 29 37 42 23 24 29 25 49 25 30 27 134 28 31 37 21 24 66 64 43 41
internal_value=-0.000264284 0.00021645 -0.0066787 0.00967742 0.0136364 0.0246667 0.00316456 -0.00196078 0.0144444 -0.00575758 -0.0101563 -0.019863 -0.0295455 -0.0002849 -0.00262295 -0.0138191 0.000960699 -0.0205882 0.00145154 0.00338078 0.0110169 0.00183918 -0.00179856 0.000217077 -0.0115385 0.00536 0.000872093 0.00878788 0.0108541 0.00465116 0.0206422 -0.00642458 -0.0203704 -0.0004 -0.00220588 0.012963 -0.00387755 -0.00180534 -0.0030303 0.0062963 0.0151163 -0.00577342 -0.0015625 -0.00949367 0.0240741 0.0227273 -0.0072093 -0.0217391 -0.00546875 0.00138889 -0.00958333 -0.012381 -0.00776398 0.025 -0.00212766 0.00441176 -0.0151163 0.00630252 0.00111111 -0.0176768 -0.0172566 -0.0119048
internal_weight=3973 3696 277 186 154 75 79 204 45 165 128 73 44 3510 1220 199 2290 51 2239 1405 236 1169 834 691 143 625 344 165 281 172 109 179 54 125 544 54 490 637 594 135 43 459 128 79 54 44 430 46 384 144 240 210 161 60 94 68 43 119 90 99 113 84
internal_count=3973 3696 277 186 154 75 79 204 45 165 128 73 44 3510 1220 199 2290 51 2239 1405 236 1169 834 691 143 625 344 165 281 172 109 179 54 125 544 54 490 637 594 135 43 459 128 79 54 44 430 46 384 144 240 210 161 60 94 68 43 119 90 99 113 84
is_linear=0
shrinkage=0.05


Tree=126
num_leaves=63
num_cat=0
split_feature=4 4 4 7 10 2 6 6 10 2 5 5 1 7 12 13 13 15 13 11 10 0 5 13 13 11 12 16 6 14 15 10 2 10 15 5 12 5 7 14 12 11 16 4 11 2 15 7 0 2 5 11 1 7 16 2 10 0 6 1 16 12
split_gain=2.88727 5.5174 4.28125 4.10323 5.54944 8.16667 5.00042 4.52581 6.96587 3.53088 3.24 2.46745 2.10593 6.82723 9.67315 9.69129 11.681 8.04776 12.4493 9.75285 11.1141 7.42309 9.32794 7.30012 8.16389 9.40501 6.25997 9.15829 6.23371 6.18063 8.21322 6.15349 5.9774 5.96988 7.15345 7.69064 8.00224 5.726 5.68952 5.44166 5.91484 9.97347 7.72162 5.81993 8.58827 8.20513 7.42105 5.49451 5.38572 5.23884 5.17718 4.83399 4.73975 8.19241 8.35274 7.36761 6.16995 5.973 5.26766 4.55722 5.70701 5.03242
threshold=0.74539350000000015 0.42607800000000001 0.81920750000000009 25.750000000000004 17.199855769230773 42.500000000000007 0.28809523809523813 24.211274509803925 19.995882740447961 22.500000000000004 18.850000000000005 12.950000000000001 12.500000000000002 36.850000000000001 14.397935573012456 0.52128623188405809 0.77888888888888907 6.5000000000000009 0.31605800214822777 32.45000000000001 13.129726435536297 10.456888266666668 18.650000000000002 0.18289198606271781 0.21448748991121874 35.550000000000004 12.959255635025203 201.50000000000003 11.516202346041057 2700.0000000000005 1.5000000000000002 1.2259090909090911 32.500000000000007 22.198541026766129 5.5000000000000009 9.4500000000000011 11.361981605634197 6.1500000000000012 26.550000000000004 390.00000000000006 14.206125151161642 53.250000000000007 -49.499999999999993 13.426078000000002 25.750000000000004 12.500000000000002 8.5000000000000018 35.45000000000001 11.108811808333334 22.500000000000004 26.450000000000003 39.250000000000007 20.500000000000004 42.250000000000007 344.50000000000006 22.500000000000004 17.489712732919259 11.522861450000002 27.097312430011204 19.500000000000004 98.500000000000014 0.66689291477403356
decision_type=10 8 10 10 10 2 10 8 10 2 10 10 2 10 10 8 8 2 10 10 10 2 10 10 10 10 10 2 10 8 2 10 2 10 2 10 10 10 10 10 10 10 2 10 10 2 2 8 2 2 10 10 2 10 2 2 10 2 10 2 2 8
left_child=1 3 -2 6 5 9 -1 8 -6 11 -11 -5 39 14 15 17 37 18 23 38 32 -22 -23 -14 -25 28 27 33 -26 30 49 59 -21 34 -15 36 -36 -17 -19 40 43 42 -42 46 48 -46 -4 -47 -45 -18 -44 -41 53 56 55 58 -28 -54 -55 60 61 -32
right_child=2 -3 12 4 7 -7 -8 -9 -10 10 -12 -13 13 26 -16 16 29 19 -20 20 21 22 -24 24 25 -27 52 -29 -30 -31 31 -33 -34 -35 35 -37 -38 -39 -40 51 41 -43 50 44 45 47 -48 -49 -50 -51 -52 -53 57 54 -56 -57 -58 -59 -60 -61 -62 -63
leaf_value=-0.25940573751937851 0.63800388167751432 -1.9193839605254386 -0.014354388859541701 -0.037970825896618536 -0.021687184215961698 0.084819260323044793 0.72998325336668934 -0.085226350418974764 0.60024325124892641 -0.98553066652017929 -0.099314875286890161 -1.1186383377720248 -0.097939282955037052 -1.1826348007371199 0.48400104270582106 0.72877531710316878 -0.053586555864091868 -0.0080887930450568527 -0.55979308255357552 0.59911343652010218 -0.25920402305806933 -0.28933599787956282 0.18855044221189435 1.6059851507469673 -0.0072983701724936628 -0.6350641152834271 -0.5834710566711937 2.4004381506023096 1.7236481160420638 0.24160804480636769 0.91077424871556301 -0.95139691241614632 0.11298924320124981 0.083607291605874698 -0.55093776514290416 0.13522708747289727 0.050340647387846764 0.12730814640822158 -2.1992508109558648 0.013991387893134505 0.1639586869505365 -0.01255292333281588 -0.72051440480187956 0.030419408714889865 -0.082955441346829736 2.1216768738608036 1.1072846810230477 0.21158081353267472 -0.62473610173324079 -0.65076725485387932 -0.10617661173321108 0.35563496268385864 -0.051110050112070843 -0.036223753821591986 -0.15410303845548798 0.46447073831773555 0.0043420077140938988 0.035295160243299234 0.8544986916006323 -0.027267271349950828 1.5111335081849218 -0.0071482212742900262
leaf_weight=22 24 32 1221 26 22 32 32 28 21 25 20 25 53 31 27 50 22 20 83 32 21 50 26 25 25 56 34 37 21 23 43 21 27 22 26 115 41 37 27 72 27 307 69 59 24 28 49 52 26 25 40 30 69 86 30 117 40 28 20 122 30 114
leaf_count=22 24 32 1221 26 22 32 32 28 21 25 20 25 53 31 27 50 22 20 83 32 21 50 26 25 25 56 34 37 21 23 43 21 27 22 26 115 41 37 27 72 27 307 69 59 24 28 49 52 26 25 40 30 69 86 30 117 40 28 20 122 30 114
internal_value=-0.00058912 -0.0054386 -0.000215983 -0.00296443 -0.00628141 -0.0125 0.00925926 0.00492958 0.0151163 -0.0197917 -0.03 -0.0107843 -0.000353261 0.000954654 -0.00173469 -0.00257083 0.0023614 -0.00772532 -0.0134981 -0.000246305 0.00576923 -0.00463918 0.00263158 -0.00611111 0.000393701 -0.00588235 0.00474138 0.0106618 0.0108696 -0.00125 -0.00278515 0 0.0228814 0.00702128 0.00446009 0.00824176 -0.00522388 0.0189655 -0.0202128 -0.00144711 -0.00205047 -0.00711061 -0.0183824 -0.000514051 0.00767196 0.0173077 -0.00173228 0.025 -0.00411765 -0.0223404 -0.0243119 0.00980392 0.000943396 0.00382263 0.00810277 0.011435 -0.0108108 -0.00876289 0.00188679 0.00177994 0.00668449 0.00286624
internal_weight=3989 285 3704 253 199 128 54 71 43 96 45 51 3680 1676 980 953 487 466 263 203 156 97 76 180 127 102 696 272 46 400 377 330 59 235 213 182 67 87 47 2004 1902 443 136 1459 189 104 1270 80 85 47 109 102 424 327 253 223 74 97 106 309 187 157
internal_count=3989 285 3704 253 199 128 54 71 43 96 45 51 3680 1676 980 953 487 466 263 203 156 97 76 180 127 102 696 272 46 400 377 330 59 235 213 182 67 87 47 2004 1902 443 136 1459 189 104 1270 80 85 47 109 102 424 327 253 223 74 97 106 309 187 157
is_linear=0
shrinkage=0.05


Tree=127
num_leaves=63
num_cat=0
split_feature=4 4 16 16 16 7 13 16 12 10 6 11 4 12 12 7 5 13 9 9 13 8 6 5 8 5 11 16 12 5 9 12 11 8 16 13 16 7 9 13 2 8 10 8 6 4 11 6 9 6 2 11 4 15 16 13 11 16 5 4 12 8
split_gain=2.84824 6.72019 5.547 5.48173 3.73762 12.9213 9.95671 5.9835 4.01569 3.98533 4.23309 8.03407 4.80159 3.90872 4.24147 6.82067 5.59621 7.35031 5.44679 5.06947 10.3713 7.45571 4.62282 5.66396 6.44342 5.75043 5.65919 6.75424 7.24617 7.5065 7.84797 6.92376 7.40595 8.58144 6.65549 6.97635 8.81073 6.5918 6.55846 6.75766 6.85471 6.90644 6.34618 6.29368 6.22642 7.58405 5.8753 6.38709 8.72322 5.65611 5.30133 5.29809 9.63991 6.58712 8.13445 7.13316 5.17323 6.11122 6.51289 6.31866 5.11244 4.99888
threshold=1935.5054830000001 1559.4166675000004 433.00000000000006 462.00000000000006 320.50000000000006 44.050000000000004 0.30705207901643877 372.50000000000006 14.894802993488511 22.421240601503765 21.357142857142858 64.350000000000009 3.6022320000000003 19.505097910367997 16.81507497232689 47.150000000000013 21.850000000000005 0.21606265356265361 0.18795289855072467 0.44281045751633991 0.3054093567251463 17.902137207813755 22.169333333333338 33.550000000000004 11.39944031379021 35.45000000000001 38.250000000000007 138.50000000000003 12.243220054473738 27.250000000000004 0.17445652173913045 15.091931081798029 51.550000000000004 10.730855502341162 108.50000000000001 0.14909495077802479 23.500000000000004 42.050000000000004 0.37965517241379315 0.29102416570771006 7.5000000000000009 13.235163893668988 9.577771493212671 13.388530511563056 13.747105263157897 1076.9712905000004 39.650000000000013 14.771071295259427 0.33558558558558566 14.842222222222224 12.500000000000002 35.550000000000004 13.165074000000002 6.5000000000000009 146.50000000000003 0.26624472573839669 38.95000000000001 -109.49999999999999 17.050000000000004 1.3285570000000002 13.613019963190675 12.094486723243897
decision_type=8 10 2 2 2 8 10 2 10 10 8 10 10 10 10 10 10 10 10 8 10 10 10 10 8 10 8 2 8 10 8 10 10 8 2 10 2 10 10 10 2 10 10 8 10 10 10 10 10 8 2 10 10 2 2 10 10 2 10 10 10 10
left_child=1 2 4 -4 9 6 -6 -8 -7 13 11 12 -11 14 15 22 18 -18 -17 20 21 -16 23 26 -25 -26 51 28 34 30 37 32 33 -32 35 36 -28 -30 39 40 -35 44 -29 -31 45 -42 -44 48 -48 -27 -51 -1 53 54 55 -53 -37 -58 59 -59 -49 -61
right_child=-2 -3 3 -5 5 8 7 -9 -10 10 -12 -13 -14 -15 19 16 17 -19 -20 -21 -22 -23 -24 24 25 49 27 42 29 43 31 -33 -34 38 -36 56 -38 -39 -40 -41 41 -43 46 -45 -46 -47 47 60 -50 50 -52 52 -54 -55 -56 -57 57 58 -60 61 -62 -63
leaf_value=-0.0033090187831955387 0.02524488980730908 -0.10699877833599039 2.6264732337528303 0.0040357291741041305 2.3925382180296508 -0.035591720331258035 -0.2855215013537567 0.19145689703572089 -0.67618076186493026 0.65538421819316506 0.0040562963473423034 -0.035588216791834902 0.018545671306254351 -0.059548583490381196 0.13716516903897544 0.043879449635907231 -1.5234573569110523 -0.051351306519868259 -0.072887970328704199 -0.079198817765169238 2.148167412983049 -0.20908785881557962 0.44495118699842923 0.052690327351925782 -1.2981628287419344 0.046569235431264656 0.03837323935684573 3.4820973493633094 -1.1320936532520449 0.22180581753871423 -0.37681641978262709 -0.52595567604118687 1.0438959657959479 0.26914568239801578 -0.28286709836001928 0.52960856745189366 -0.57856535187956637 -0.036203461967028713 0.18854347707952712 -0.32562259712179054 0.15171167096200922 0.19541627322170002 -1.0087207687227975 -0.15882652866283228 -0.74955195111201744 -0.057575582072238563 2.1983664179190092 -1.0972681693150399 0.098007035328330092 -0.52864219509243637 -0.051286685526922816 -0.021110087153333623 -1.4868413397342573 0.016416086491127312 0.10464281746376436 -1.5379097463629805 -0.75841107015446418 0.60160508244431465 0.43445849857889968 0.025195567996917759 0.12529915638636124 -0.052112783618398599
leaf_weight=1190 115 28 21 22 37 20 24 23 34 21 388 22 24 39 38 38 25 68 107 20 46 25 39 33 40 36 39 26 32 27 44 37 25 41 28 30 23 34 22 40 39 49 21 22 40 27 28 23 50 22 46 57 21 150 34 62 36 27 89 116 20 41
leaf_count=1190 115 28 21 22 37 20 24 23 34 21 388 22 24 39 38 38 25 68 107 20 46 25 39 33 40 36 39 26 32 27 44 37 25 41 28 30 23 34 22 40 39 49 21 22 40 27 28 23 50 22 46 57 21 150 34 62 36 27 89 116 20 41
internal_value=-0.000363317 -0.000593395 -0.0004158 0.0174419 -0.000617608 -0.00869565 0.00357143 -0.0117021 -0.0277778 -0.000313608 0.00406593 0.0156716 0.0277778 -0.000933998 -0.000740624 -0.00111695 -0.0092437 -0.0188172 -0.00310345 0.00813953 0.0123853 -0.000793651 -0.000427655 -0.000668594 -0.00932203 -0.0138889 -7.72201e-05 0.00269517 0.000991189 -0.00323591 -0.00534884 -0.00247253 -0.000152905 -0.00231788 0.00571096 0.00735661 -0.00806452 -0.0212121 0.00116279 -0.00127119 0.00255102 -0.00225806 0.0119048 0.0153061 -0.00943396 0 0.00774648 0.0119835 0.0205128 -0.00769231 -0.0161765 -0.00204756 -0.00771605 -0.00544554 -0.0127451 -0.0189076 0.010177 0.00825243 0.0108059 0.00543478 -0.00348837 0.00159236
internal_weight=3991 3876 3848 43 3805 138 84 47 54 3667 455 67 45 3212 3173 3044 238 93 145 129 109 63 2806 2767 177 144 2590 1076 908 479 430 364 327 302 429 401 62 66 258 236 196 155 168 49 106 66 142 121 78 104 68 1514 324 303 153 119 339 309 273 184 43 157
internal_count=3991 3876 3848 43 3805 138 84 47 54 3667 455 67 45 3212 3173 3044 238 93 145 129 109 63 2806 2767 177 144 2590 1076 908 479 430 364 327 302 429 401 62 66 258 236 196 155 168 49 106 66 142 121 78 104 68 1514 324 303 153 119 339 309 273 184 43 157
is_linear=0
shrinkage=0.05


Tree=128
num_leaves=63
num_cat=0
split_feature=8 2 16 16 11 7 0 16 14 9 5 15 8 5 10 10 10 0 4 4 8 4 8 16 1 13 2 1 4 10 8 11 4 16 8 11 16 1 10 4 14 10 1 1 0 1 11 14 16 8 13 10 13 4 4 1 10 10 13 10 4 4
split_gain=3.91161 6.17047 8.60641 10.5425 5.33738 5.22224 7.4485 6.81262 6.12728 8.14552 6.9856 6.14411 8.74403 6.79589 7.46148 5.58919 5.81332 9.43499 5.5629 9.25926 9.40444 6.97768 5.43923 7.04348 5.26903 7.16529 7.11407 8.59139 6.48896 5.21762 5.19258 7.7977 6.18816 5.5912 5.28962 5.2115 5.71923 5.17725 5.85503 7.76329 7.41923 4.9 4.81667 6.16333 5.73806 4.57859 8.51065 7.27636 7.6968 5.39256 4.40199 4.36477 4.27334 5.63207 4.12857 3.96199 7.64363 9.52436 5.33968 4.96241 4.43189 6.55714
threshold=10.683060543542497 12.500000000000002 -52.499999999999993 -105.49999999999999 35.050000000000004 46.050000000000004 10.397078316666668 336.50000000000006 210.00000000000003 0.13667496886674971 34.050000000000004 5.5000000000000009 11.487468788315541 24.250000000000004 16.522579678888093 15.995138888888892 14.101000000000001 10.984724408333335 1.3285570000000002 4.2400190000000011 12.797385316296294 6.8024625000000016 12.402211818500883 15.500000000000002 12.500000000000002 0.19657494145199064 22.500000000000004 8.5000000000000018 4.7453935000000014 18.795211333567497 8.9718731969145384 32.250000000000007 0.83320250000000018 190.50000000000003 9.4477068793613643 42.45000000000001 92.500000000000014 21.500000000000004 28.894276841171255 8.8864580000000011 150.00000000000003 17.701644781372686 12.500000000000002 9.5000000000000018 10.984724408333335 16.500000000000004 41.45000000000001 90.000000000000014 -38.499999999999993 11.456048803388184 0.23390439347886158 14.179508196721313 0.20977698128235764 2.3092830000000002 7.0054830000000008 13.500000000000002 16.111802325581397 13.725082146768896 0.17337186897880544 15.20044491525424 6.075762000000001 5.6022320000000008
decision_type=10 2 2 2 10 10 2 2 8 10 10 2 10 10 10 10 10 2 10 10 10 10 10 2 2 10 2 2 10 10 10 10 10 2 10 10 2 2 10 10 10 10 2 2 2 2 10 10 2 10 10 10 10 10 10 2 10 10 10 10 10 10
left_child=1 2 3 4 -1 6 50 22 9 10 -8 12 -11 24 18 16 17 -14 -15 20 -20 -21 23 -7 25 -13 27 28 -27 -10 31 32 -4 -34 -32 36 -33 38 39 -24 -40 -17 43 44 -41 47 49 -26 -49 -47 -2 -23 -36 -54 -55 -3 57 60 -58 -59 61 -57
right_child=5 55 30 -5 -6 7 8 -9 29 11 -12 13 15 14 -16 41 -18 -19 19 21 -22 51 37 -25 45 26 -28 -29 -30 -31 34 35 33 -35 52 -37 -38 -39 40 42 -42 -43 -44 -45 -46 46 -48 48 -50 -51 -52 -53 53 54 -56 56 58 59 -60 -61 -62 -63
leaf_value=0.31742444688198973 0.042017427756489492 0.0056967875036836096 0.47744523538404382 -1.7629025138065293 -0.87991074443360029 -0.048757362423834397 0.28889038180024856 -0.6342187052678645 0.2392427476954552 0.077020406650120554 -0.062367505793390822 -1.1070498044512243 0.12744307299229779 -0.26919952701729244 0.56962605412935863 0.84028490602553496 -2.6398600495169227 -2.0819581381450809 0.77758384869919905 -0.82142658380353029 -0.059869159143500286 0.54377819516173109 0.013753012107216023 0.028390307915159986 -0.039488506431658799 0.024224100717426381 -0.16446385783634981 -0.30388488443833045 1.1491242519309735 -0.14331435247170959 -0.82063555977988722 0.48173463102958891 -0.062475825993425896 0.95140843066527347 -0.16143624871555337 -0.020537999616331098 0.075742797751840743 -0.059524591635916752 0.16740815549213939 -0.39437462793273287 -0.0029998930950016194 -0.50018965739282517 0.014980531196764702 -1.1639260218870828 0.10277949872978334 -0.34523474827549805 -0.63406380107482796 -0.0077957954201533404 0.5106467349604058 1.7787949578479727 0.43929048069444543 -0.6191700255274859 -0.74613210164633703 1.6799818465190157 -0.11097091060513851 0.0017108982730437818 0.018211853723545824 -0.26960693277570941 2.0128795510499979 0.028803478812925533 -0.049201620834399849 2.6122005121983904
leaf_weight=32 40 903 23 36 21 23 87 42 72 32 23 27 20 23 52 20 24 23 25 29 20 33 458 23 44 26 135 33 31 23 24 27 167 23 27 28 22 42 50 29 33 20 40 30 21 21 55 21 40 26 71 28 26 21 24 204 36 57 20 20 271 20
leaf_count=32 40 903 23 36 21 23 87 42 72 32 23 27 20 23 52 20 24 23 25 29 20 33 458 23 44 26 135 33 31 23 24 27 167 23 27 28 22 42 50 29 33 20 40 30 21 21 55 21 40 26 71 28 26 21 24 204 36 57 20 20 271 20
internal_value=-0.000342032 -0.00187008 -0.00668663 -0.0207865 -0.00660377 0.00127937 0.00346975 -0.00183312 0.00212241 0.00087146 0.0136364 -0.000866337 -0.0104317 0.00112108 0.00857143 -0.0172897 -0.0261194 -0.0151163 0.00316456 0.00703704 0.0255556 -0.00222222 -0.000734312 -0.0173913 -0.00228758 -0.00714286 -0.00422222 0.00666667 0.0184211 0.0142105 -0.00364078 0 -0.00492958 -0.00789474 -0.0122951 0.0136364 0.0234694 0.000355619 0.00143722 -0.000346021 0.0138554 -0.0025 -0.0116667 -0.01875 -0.008 0.00362319 -0.00392157 0.0109524 0.0221311 0.0117021 0.0157658 0.00737705 -0.00714286 -0.000704225 0.01 -0.000293926 -0.00334395 -0.00506993 0.0142857 -0.0214286 -0.00252525 0.00267857
internal_weight=3947 2032 501 89 53 1915 1124 791 1013 918 110 808 139 669 210 107 67 43 158 135 45 90 749 46 459 252 225 90 57 95 412 290 213 190 122 77 49 703 661 578 83 40 120 80 50 207 102 105 61 47 111 61 98 71 45 1531 628 572 56 77 495 224
internal_count=3947 2032 501 89 53 1915 1124 791 1013 918 110 808 139 669 210 107 67 43 158 135 45 90 749 46 459 252 225 90 57 95 412 290 213 190 122 77 49 703 661 578 83 40 120 80 50 207 102 105 61 47 111 61 98 71 45 1531 628 572 56 77 495 224
is_linear=0
shrinkage=0.05


Tree=129
num_leaves=63
num_cat=0
split_feature=0 5 5 1 1 5 16 16 8 9 6 4 9 1 1 6 6 13 13 7 12 9 0 15 4 6 2 2 0 1 5 1 0 13 4 16 0 13 16 0 4 5 5 1 1 16 13 9 11 5 0 6 5 4 0 4 1 16 0 0 4 0
split_gain=4.23664 3.30202 5.11964 4.82143 4.49619 4.82753 6.84977 11.5608 3.82484 4.50471 3.65474 11.9627 9.25002 6.93354 11.43 5.81538 4.82802 10.5906 6.52494 9.31061 8.63118 6.59538 6.24762 6.20747 5.8908 5.88082 9.55566 8.0455 5.54132 5.33074 6.74407 7.50454 5.97333 5.31138 5.30859 5.10717 6.77222 8.92124 6.77788 5.17517 5.88464 4.66835 8.41148 5.84692 4.2999 6.63932 10.3452 6.9592 6.22598 5.31141 4.71724 4.49058 4.44672 4.26965 7.71429 4.24239 4.14312 7.43726 4.58553 5.51218 5.03714 9.4045
threshold=14.967131783333334 27.050000000000004 28.050000000000004 12.500000000000002 20.500000000000004 4.2500000000000009 112.50000000000001 53.500000000000007 11.792007253010416 0.20864427860696519 21.871250000000003 6.9433180000000005 0.072077922077922088 6.5000000000000009 11.500000000000002 24.211274509803925 16.222649572649576 0.34922709706751537 0.17001204335608192 43.050000000000004 13.143093755433759 0.14400921658986179 11.397078316666668 8.5000000000000018 8.0054830000000017 14.089772727272731 1.0000000180025095e-35 1.0000000180025095e-35 10.932213500000001 4.5000000000000009 20.050000000000004 3.5000000000000004 10.857762616666669 0.17664992826398854 3.0757620000000006 -37.499999999999993 10.771758666666669 0.21097724230254353 49.500000000000007 10.967131783333334 6.0054830000000008 9.0500000000000025 3.1500000000000008 16.500000000000004 6.5000000000000009 24.500000000000004 0.47114317425083246 0.36425061425061428 39.250000000000007 24.250000000000004 10.950360425000001 13.898851851851854 20.850000000000005 8.8864580000000011 10.4818853 7.9433180000000005 8.5000000000000018 -63.499999999999993 10.44924504166667 10.125757558333335 8.7453935000000023 11.066474675000002
decision_type=2 8 10 2 2 10 2 2 10 10 8 10 10 2 2 10 10 10 10 8 10 10 2 2 10 10 2 2 2 2 10 2 2 10 8 2 2 10 2 2 10 8 8 2 2 2 10 10 10 10 2 10 10 10 2 10 2 2 2 2 10 2
left_child=1 4 3 -3 10 6 7 -6 -7 -10 16 13 41 -12 -15 -16 23 18 22 21 -21 -20 24 25 34 27 -27 -1 -22 30 31 32 -29 -31 -18 -28 53 -38 -39 -40 -41 42 -13 -43 45 48 47 -47 50 51 -35 52 56 54 -37 -23 57 -46 59 -58 -60 -62
right_child=-2 2 -4 -5 5 8 -8 -9 9 -11 11 12 -14 14 15 -17 17 -19 19 20 28 55 -24 -25 -26 26 35 29 -30 33 -32 -33 -34 44 -36 36 37 38 39 40 -42 43 -44 -45 49 46 -48 -49 -50 -51 -52 -53 -54 -55 -56 -57 58 -59 60 -61 61 -63
leaf_value=-0.13997235530043498 -0.30204423015986814 0.23894032097122633 0.01793356900320453 -0.066365784346221313 -0.073947633603914972 -0.055725071371651239 -0.4854110478501209 0.8347731701100557 -0.034646505392179339 0.065795379979847204 1.7371856128177159 -0.0085892797345590403 -0.15433396171334157 -0.47500623673955877 0.59430117733782351 0.18851613020486316 -0.0062597243547735104 -1.3777212026245325 -0.72365996736807336 0.14532331301616708 -0.069931222417629613 -0.17790998617995935 0.3847140906283526 0.56005400348922907 -0.74873733049306557 0.91305816294767084 0.22984539178723509 -0.51901345946527278 0.03154217637514023 -0.10857612235767942 -0.831976089850194 0.42150650426350966 0.18562232235723819 0.41538874194189168 0.19777828930731758 -0.35871425703391657 -1.4586515486479046 -0.65369548451530268 -0.044639050837311345 0.64525588554514357 0.18558995324413835 0.017485250343615217 0.93909136604246957 -1.4151322855463837 -0.29795943629155597 -0.40099309730002802 -1.7010593670120628 0.92193975954059693 -0.36238579725084041 0.23500660643753835 -0.0022896607741969889 -0.74930641381985519 -0.25584962011924722 0.71973464753475191 0.21230711448853087 0.070299598973110375 0.075513761773917498 0.64753710088232763 0.033293693507431853 -0.33624074478850052 0.062352575093202849 -0.24183742979930259
leaf_weight=138 29 28 862 20 42 52 20 23 26 21 28 42 56 36 30 26 33 37 34 24 39 78 30 78 24 23 67 30 90 42 20 68 70 20 25 32 39 34 21 29 26 70 36 29 20 26 39 20 21 23 38 22 62 27 24 35 38 134 511 109 93 103
leaf_count=138 29 28 862 20 42 52 20 23 26 21 28 42 56 36 30 26 33 37 34 24 39 78 30 78 24 23 67 30 90 42 20 68 70 20 25 32 39 34 21 29 26 70 36 29 20 26 39 20 21 23 38 22 62 27 24 35 38 134 511 109 93 103
internal_value=7.55287e-05 0.000215572 0.00285714 0.01875 -0.000576986 -0.00815217 0.000588235 0.00846154 -0.0156566 -0.00531915 -8.77501e-05 0.00467422 -0.00193133 0.0175 0.0108696 0.025 -0.000761218 -0.00545657 -0.00315534 -0.007 0.00163399 -0.0159864 0.00714286 0.000268686 0 -0.00027933 0.00590062 -0.00148755 -0.00348837 -0.000430749 0.00744681 0.0107143 0.002 -0.00155185 0.00862069 0.00351171 0 -0.00637584 0.000909091 0.00921053 0.0172727 0.00367232 0.0128205 -0.00353535 -0.000977326 -0.00853659 -0.0182353 -0.00217391 0.00189873 0.000134529 0.0103448 -0.0003663 9.34579e-05 0.0114458 0.00357143 -0.010177 0.000892857 0.00844156 -0.000468384 -0.0085034 0.00120226 -0.00561224
internal_weight=3972 3943 910 48 3033 184 85 65 99 47 2849 353 233 120 92 56 2496 449 412 300 153 147 112 2047 82 1969 322 1647 129 1509 188 168 100 1321 58 299 232 149 110 76 55 177 78 99 1279 164 85 46 79 1115 58 1092 1070 83 56 113 1008 154 854 147 707 196
internal_count=3972 3943 910 48 3033 184 85 65 99 47 2849 353 233 120 92 56 2496 449 412 300 153 147 112 2047 82 1969 322 1647 129 1509 188 168 100 1321 58 299 232 149 110 76 55 177 78 99 1279 164 85 46 79 1115 58 1092 1070 83 56 113 1008 154 854 147 707 196
is_linear=0
shrinkage=0.05


Tree=130
num_leaves=63
num_cat=0
split_feature=12 12 11 11 8 8 7 9 5 5 4 13 6 6 7 7 1 12 0 12 1 1 5 7 1 12 1 6 5 9 6 9 0 12 0 0 9 6 6 7 12 8 12 6 6 7 8 12 2 12 8 8 13 1 0 5 5 7 13 0 5 0
split_gain=4.28164 5.92391 5.13959 7.37887 6.73225 8.40112 5.51471 4.82143 3.94737 4.55887 3.45825 3.9075 3.43959 2.42468 3.61551 4.64707 4.43077 3.21341 7.52596 6.09555 9.49135 12.1283 8.87991 7.15805 6.86517 4.21817 3.86551 3.73967 4.62278 4.52421 7.27658 6.37307 5.97392 6.30675 5.56169 5.2535 5.11082 4.44939 4.82705 5.68924 4.86546 4.35632 5.63246 5.09766 7.07521 4.01413 6.39587 7.37408 4.99265 5.99729 7.35704 5.21805 4.07758 3.94696 3.88724 4.6831 7.5373 11.7949 10.5042 8.19961 5.85204 6.13125
threshold=18.183876505217246 17.853459090253775 61.650000000000013 62.550000000000004 20.542012736459252 17.701288443067583 101.40000000000002 0.19378911892152145 11.950000000000001 48.650000000000013 4.9433180000000005 0.26122764555600381 63.621232876712334 98.176410256410264 61.650000000000013 58.850000000000001 12.500000000000002 16.81507497232689 11.734886583333335 14.954412113482222 5.5000000000000009 11.500000000000002 26.450000000000003 47.650000000000013 13.500000000000002 16.130346541433216 17.500000000000004 17.164583333333336 1.0500000000000003 0.21483516483516488 12.783896940418682 0.16035714285714289 12.771758666666669 12.243220054473738 11.397078316666668 11.417885925000002 0.17684288905435594 17.654700854700859 18.422413793103452 45.95000000000001 12.494597394325771 11.366551064612095 11.202224443795261 13.672693383038212 16.313172413793108 42.350000000000001 11.487468788315541 11.738657992187774 42.500000000000007 12.928497305134558 13.067434223839458 13.777974643234868 0.21606265356265361 12.500000000000002 10.237888300000002 9.9500000000000011 5.9500000000000011 30.550000000000004 0.85880398671096347 10.44924504166667 4.9500000000000011 10.61197581666667
decision_type=10 10 10 10 10 8 10 10 10 10 10 10 10 10 10 10 2 10 2 10 2 2 10 10 2 10 2 10 8 8 10 10 2 10 2 2 10 10 10 10 10 10 10 10 10 10 10 10 2 10 10 10 10 2 2 8 10 10 8 2 10 2
left_child=1 13 10 -4 5 6 7 -5 -6 -10 11 -2 -11 14 15 17 -16 19 -19 27 -21 22 -22 24 -23 -25 -26 29 -29 30 31 -1 33 35 -35 41 -37 -30 39 40 -39 42 43 -32 -45 46 47 -40 49 -47 -51 -50 -48 -33 -31 56 59 58 -58 -56 61 -61
right_child=2 -3 3 4 8 -7 -8 -9 9 12 -12 -13 -14 -15 16 -17 -18 18 -20 20 21 23 -24 25 26 -27 -28 28 37 54 32 53 -34 34 -36 36 -38 38 45 -41 -42 -43 -44 44 -46 48 52 -49 51 50 -52 -53 -54 -55 55 -57 57 -59 -60 60 -62 -63
leaf_value=0.045670866200445262 -0.1660386200884239 0.66906768940653771 1.2152177883708113 0.093329712717098501 -1.4082414905166081 -0.47473323839606096 -0.052974792041282796 -0.022150174678398128 0.31704340362706207 -0.27705434285027231 -0.059505576762193618 -0.22927878756732128 0.03722519854203607 0.042323042932497675 -0.59825519947693218 0.45843803830669466 0.010976459384783688 0.79986513945989479 -0.06139581666225629 0.61507023285894979 -1.7100183693453346 -0.02020730393232004 -0.045036708045055468 -0.066434661296747785 0.75652368450469965 0.037545340247409346 0.0065182681183731722 0.13017067919125225 0.12366108856713308 0.065129479923883155 -0.084358310124274999 -1.2967445787365672 0.20014083545275263 -0.56455607102403593 0.027722794297437049 -0.78016201398792129 0.054563667577499558 -0.0071428808070473472 0.67211425503218158 0.72473520150572102 -1.0859909595052475 -0.1852816415929017 0.12062798942593141 0.19824325249779237 -1.3003643520301784 0.096884264140339377 0.52724414324065882 -0.28627652418587229 -0.021618729167192346 -0.17916023665723188 -0.031433744868948579 0.2078337354361729 -0.0049108422230954574 -0.20815324362300214 -0.80233763795038626 0.016875849065131378 -0.93832929404657739 0.06147800610835024 -0.0083113022977465544 0.11416467462795339 0.70055117905885711 -0.010816838867312129
leaf_weight=26 24 29 21 20 20 39 20 28 26 24 37 33 25 21 32 22 20 46 20 24 47 20 21 37 21 21 20 53 60 248 23 23 22 48 25 31 20 34 25 21 26 37 38 79 20 22 55 21 22 22 101 24 20 24 90 865 50 64 35 131 34 837
leaf_count=26 24 29 21 20 20 39 20 28 26 24 37 33 25 21 32 22 20 46 20 24 47 20 21 37 21 21 20 53 60 248 23 23 22 48 25 31 20 34 25 21 26 37 38 79 20 22 55 21 22 22 101 24 20 24 90 865 50 64 35 131 34 837
internal_value=-0.000575864 -9.51863e-05 -0.00615142 -0.00201794 -0.0049505 -0.0135514 -0.00294118 0.00625 0.00473684 0.01 -0.0159574 -0.0236842 0.00102041 -0.000274123 -0.000372208 -0.000181818 -0.0134615 -0.00032367 0.0106061 -0.000530542 -0.00876777 -0.0125668 -0.0294118 -0.00294118 0.00901639 -0.0155172 0.0207317 0 0.00395257 -0.000722022 -0.00552885 -0.019863 -0.00247813 -0.00420561 -0.0171233 -0.000403226 -0.0147059 0.00231788 0.000381679 -0.0104938 -0.0183333 0.00329949 0.006875 0.00163934 0.00656566 0.00320513 0.0103306 -0.00434783 -0.0013089 -0.00586207 -0.0101626 0.0130435 0.0193333 -0.0308511 0.000127443 -0.000569801 -0.00253828 -0.0130872 -0.0252941 -0.0010989 0.000199601 -0.000516529
internal_weight=3994 3677 317 223 202 107 68 48 95 75 94 57 49 3648 3627 3575 52 3553 66 3487 211 187 68 119 61 58 41 3276 506 2770 416 73 343 321 73 248 51 453 393 81 60 197 160 122 99 312 121 46 191 145 123 46 75 47 2354 2106 1241 149 85 1092 1002 968
internal_count=3994 3677 317 223 202 107 68 48 95 75 94 57 49 3648 3627 3575 52 3553 66 3487 211 187 68 119 61 58 41 3276 506 2770 416 73 343 321 73 248 51 453 393 81 60 197 160 122 99 312 121 46 191 145 123 46 75 47 2354 2106 1241 149 85 1092 1002 968
is_linear=0
shrinkage=0.05


Tree=131
num_leaves=63
num_cat=0
split_feature=5 9 5 11 13 9 13 16 1 4 1 16 7 14 7 7 12 16 10 12 4 16 10 0 9 6 5 13 14 0 5 5 16 16 9 0 10 12 14 11 4 9 1 9 1 0 0 7 7 12 8 12 6 7 1 0 5 9 9 9 9 0
split_gain=4.0302 10.0532 6.89187 4.86316 4.7499 6.92665 5.67965 5.57419 6.96808 7.03232 6.87619 5.27775 7.00449 5.55331 6.90839 6.07394 5.44768 4.69965 4.4676 6.86 6.60132 4.433 6.81898 6.3209 7.09264 6.14451 5.67451 9.66433 9.00645 8.33617 8.18682 7.71539 9.05825 5.58373 10.8438 8.74384 8.43347 13.887 7.7073 7.47471 6.76609 6.14384 5.84384 6.4892 5.56975 7.71946 5.53006 6.37358 5.76133 5.21413 10.2264 8.23197 5.47885 7.06623 5.56898 7.34952 5.12284 6.55515 5.47262 5.81818 5.09312 4.98069
threshold=9.9500000000000011 0.091966173361522213 9.3500000000000032 46.95000000000001 0.407192075796727 0.30860805860805868 0.38829240434037698 297.50000000000006 17.500000000000004 2.1185900000000006 19.500000000000004 244.50000000000003 35.45000000000001 90.000000000000014 25.350000000000005 29.350000000000005 10.662318758813123 -19.499999999999996 18.117272727272731 13.191841419448473 3.8864580000000006 234.50000000000003 22.421240601503765 10.108811808333334 0.3465463108320252 18.422413793103452 13.65 0.15847621347500607 450.00000000000006 11.125757558333335 14.050000000000002 12.050000000000002 18.500000000000004 -4.4999999999999991 0.48074074074074075 10.771758666666669 23.487623493648901 14.954412113482222 330.00000000000006 47.650000000000013 0.9433180000000001 0.29459980713596917 20.500000000000004 0.23861283643892342 7.5000000000000009 11.154141975000003 10.857762616666669 44.850000000000001 39.350000000000001 11.779158163325109 12.116102549526596 12.243220054473738 13.430075187969928 39.45000000000001 8.5000000000000018 11.522861450000002 25.950000000000003 0.20106382978723406 0.22295321637426904 0.28035087719298252 0.18127053669222346 11.108811808333334
decision_type=8 8 10 10 8 8 10 2 2 10 2 2 10 8 8 8 10 2 10 10 10 2 10 2 8 10 10 8 8 2 10 8 2 2 10 2 10 8 10 10 10 8 2 10 2 2 2 10 10 8 10 8 8 8 2 2 10 8 10 10 10 2
left_child=1 3 4 -1 6 -6 11 8 -7 -10 -11 13 -13 15 -15 17 -17 -3 19 20 -18 23 25 24 -2 -23 27 -25 30 31 -28 -29 -33 36 35 41 37 40 49 -39 -32 42 43 -35 -38 -46 -42 48 -48 50 -37 -51 -53 -54 55 -55 57 -56 60 -60 61 -58
right_child=21 2 -4 -5 5 7 -8 -9 9 10 -12 12 -14 14 -16 16 18 -19 -20 -21 -22 22 -24 26 -26 -27 28 29 -30 -31 33 32 -34 34 -36 38 44 39 -40 -41 46 -43 -44 -45 45 -47 47 -49 -50 51 -52 52 53 54 56 -57 58 -59 59 -61 -62 -63
leaf_value=0.12716589722539831 -0.22706691523991013 0.22700518487116306 -0.95671310651641339 -0.0002248916918109245 0.16266182987086264 -0.012038744381841049 -0.050688720736133952 -0.3275582307035137 -0.084264935206330452 4.0032955876311531 0.035835405074912077 1.4810197644756919 -0.049383825926472016 -0.60207798064796914 -0.065476339215618226 -0.76948545042998995 0.12484447006128488 0.0015789427438786419 -0.095610152646882884 0.42243439537884897 -0.095032408166942875 -0.13317689175534783 -0.55957432629228343 -0.23889000564034896 0.015285031016060536 2.008599325497602 -0.26660309339289673 -0.060387225237366948 0.15505710460049293 0.31577499732600595 -0.5351826090620645 0.3452098575908365 -0.039103003903355929 0.066115895450656922 0.72246610776258535 -0.0058781531859370519 0.47193649896044487 -0.045852165258058714 -1.039597815627614 -2.335656438088177 -0.22789313039832423 -0.0037755187181183203 -0.091405195367310954 0.20434329658324515 -0.029836879249763359 0.09900491241944015 0.042320669856742654 -0.2786463043047242 0.18175490413837567 0.89514476440968738 -0.83586264734474391 0.28264157557429553 -0.3589839795166434 0.020866699325625151 0.032968147736187094 -0.61023668881088022 0.050673605357161623 0.84028230274297799 -1.297385864992096 0.056188865578702035 2.104688448485311 -0.016956178744550177
leaf_weight=35 42 23 41 22 38 696 41 39 20 27 63 33 48 35 460 40 43 27 55 40 57 137 34 29 35 38 29 99 34 108 32 43 27 127 47 193 25 23 21 26 120 81 24 33 36 38 108 32 43 37 27 26 33 58 30 32 56 25 22 22 20 47
leaf_count=35 42 23 41 22 38 696 41 39 20 27 63 33 48 35 460 40 43 27 55 40 57 137 34 29 35 38 29 99 34 108 32 43 27 127 47 193 25 23 21 26 120 81 24 33 36 38 108 32 43 37 27 26 33 58 30 32 56 25 22 22 20 47
internal_value=-0.000577599 -0.00225704 -0.00290252 0.0184211 -0.00243697 0.000169875 -0.00498891 -0.000769231 0.000124069 0.0118182 0.0177778 -0.00412311 0.00802469 -0.00538462 -0.00858586 0.000175439 -0.00319149 0.016 0.00025641 0.005 -0.002 0.000929014 -0.00598086 0.00169312 -0.0123377 -0.002 0.00228902 0.00849673 0.00102853 0.0113718 0.000441276 0.00443787 0.0171429 0.000969529 0.00317378 0.00196937 -0.00341615 -0.00677083 -0.00115562 -0.0316327 -0.00313433 0.00962264 0.0146739 0.018125 0.00959596 0.0027027 -0.000825083 0.00464481 0.0089404 -0.000159236 -0.00636364 0.00318627 0.000943396 -0.000724638 0.00160256 -0.00888889 0.00585586 0.0190909 0.00149701 -0.0136364 0.00691057 0.00242718
internal_weight=3982 1883 1826 57 1785 883 902 845 806 110 90 861 81 780 495 285 235 50 195 140 100 2099 209 1890 77 175 1813 306 1507 277 1473 169 70 1444 961 914 483 384 649 49 335 265 184 160 99 74 303 183 151 628 220 408 371 345 312 90 222 55 167 44 123 103
internal_count=3982 1883 1826 57 1785 883 902 845 806 110 90 861 81 780 495 285 235 50 195 140 100 2099 209 1890 77 175 1813 306 1507 277 1473 169 70 1444 961 914 483 384 649 49 335 265 184 160 99 74 303 183 151 628 220 408 371 345 312 90 222 55 167 44 123 103
is_linear=0
shrinkage=0.05


Tree=132
num_leaves=63
num_cat=0
split_feature=8 2 16 16 16 1 2 4 16 2 5 7 8 9 1 7 5 1 6 6 0 12 13 5 9 16 16 0 7 0 6 9 12 4 10 5 1 9 16 6 7 7 4 8 15 13 9 4 9 16 5 6 9 16 1 2 16 5 1 8 6 13
split_gain=4.36626 5.6829 8.18446 9.46131 6.38105 5.89669 4.89673 4.80732 6.16964 4.1086 6.30938 3.98705 5.46486 7.6652 7.11927 5.57941 5.14496 6.09524 5.03194 6.50213 5.55384 4.74033 5.574 8.96364 5.05027 4.49406 4.13022 3.88479 8.06178 5.34989 9.70675 9.35901 7.47345 7.66837 6.6188 6.51693 6.20166 5.24018 7.94825 6.7692 7.65097 6.51384 6.04198 5.42625 5.21833 5.20389 7.18909 6.55912 4.7819 4.84878 8.23538 4.62729 5.56914 5.34106 4.60952 4.60931 7.67628 10.9794 6.74816 4.57496 10.6859 11.3337
threshold=10.261913922086555 12.500000000000002 -52.499999999999993 -92.499999999999986 63.500000000000007 17.500000000000004 7.5000000000000009 1.7886000000000002 -29.499999999999996 42.500000000000007 21.450000000000003 37.95000000000001 5.8078276200740531 0.71651785714285732 10.500000000000002 26.350000000000005 1.0000000180025095e-35 10.500000000000002 6.0189130434782614 13.539818548387098 11.984724408333335 10.319361408941228 0.50233644859813087 9.9500000000000011 0.24283374283374287 224.50000000000003 -3.4999999999999996 10.417885925000002 41.350000000000001 10.61197581666667 11.305735930735933 0.3465463108320252 13.400676157923455 2.7453935000000005 19.506495726495732 17.950000000000003 16.500000000000004 0.28669275929549903 121.50000000000001 19.784303187546335 44.050000000000004 41.650000000000013 7.4260780000000013 14.928330437491423 6.5000000000000009 0.1937129690585912 0.20400238948626048 1041.5109660000003 0.15470085470085473 8.5000000000000018 19.550000000000004 29.297023809523811 0.14185110663983905 1.5000000000000002 21.500000000000004 37.500000000000007 7.5000000000000009 12.65 9.5000000000000018 15.854866175800465 20.038913043478264 0.3024785801713587
decision_type=8 2 2 2 2 2 2 10 2 2 10 10 10 10 2 10 10 2 10 10 2 10 10 10 10 2 2 2 8 2 8 10 10 10 10 10 2 10 2 8 8 10 10 10 2 10 8 10 10 2 10 10 10 2 2 2 2 10 2 10 10 10
left_child=1 2 3 -1 5 7 -6 -4 -9 11 -11 12 13 -3 18 -16 25 -18 -14 20 -20 22 23 -17 -25 -15 -23 28 48 30 -29 32 33 -32 -34 -35 51 39 -39 41 -41 42 -38 -40 -37 46 -42 -48 -2 -50 -51 59 53 -53 -49 56 57 -30 -57 -31 -61 -62
right_child=27 9 4 -5 6 -7 -8 8 -10 10 -12 -13 14 16 15 21 17 -19 19 -21 -22 26 -24 24 -26 -27 -28 29 55 36 31 -33 34 35 -36 44 37 38 43 40 45 -43 -44 -45 -46 -47 47 54 49 50 -52 52 -54 -55 -56 58 -58 -59 -60 60 61 -63
leaf_value=-0.043632692113301279 -0.1120823608477135 -0.52712698983975348 0.4325719356951524 -1.8423622176502334 -0.23419799632054322 1.1503605160434505 0.055281810152919421 0.046478927892861503 -0.047112625314243678 -0.0048247793005245405 -0.22856276236298168 -0.16955723167479286 0.75613279137093681 -0.001316264233017961 0.11573787250903622 -0.55711011245302633 -0.0034032986855898175 2.1810827775723216 0.36182404662495177 0.32460785979388279 -0.027360179159900258 -0.048154284699327303 0.19400835379819936 0.082163834313710618 -0.60715017755231537 -0.81727574843293604 0.15107821828064855 -0.90466775785808984 0.050953040010918119 0.024026643466984111 0.071975003592142622 0.97882781105138295 -1.0670570892753097 -0.8481629974070487 0.021071400268188656 -0.21423320351374012 0.037144726125539054 -0.068054353971345183 0.13082042710083322 0.92535598003592989 -0.12978933281106586 -1.0393532892007882 -0.66678957374643633 2.0362600077058004 0.17920635055072981 0.030158734411253718 0.1449679623271253 -0.1540597737218018 0.70195536046055107 -0.11932337133900504 1.7931787455415673 0.083021875186660113 0.62373608623784715 -0.034715237904896772 0.014296416100267174 -0.18818164123286607 0.015443438407310772 -1.0489111807805682 0.19104771878322035 -0.57801853393597402 -0.052928570678736242 1.7660698741872722
leaf_weight=42 20 35 23 22 87 27 47 20 101 361 51 34 22 217 68 32 21 21 95 38 28 37 25 26 21 20 44 23 37 1067 32 25 52 56 20 25 43 41 25 29 60 37 23 21 28 59 22 42 44 31 21 34 22 29 28 33 114 38 61 53 96 30
leaf_count=42 20 35 23 22 87 27 47 20 101 361 51 34 22 217 68 32 21 21 95 38 28 37 25 26 21 20 44 23 37 1067 32 25 52 56 20 25 43 41 25 29 60 37 23 21 28 59 22 42 44 31 21 34 22 29 28 33 114 38 61 53 96 30
internal_value=0.000301054 -0.00175719 -0.00718157 -0.0234375 -0.00377049 0.00263158 -0.0119403 -0.00138889 -0.0053719 -8.3612e-05 -0.00412621 0.00204082 0.0028 -0.0022293 0.00642202 0.000988142 0.000537634 0.0166667 0.0139344 0.0108696 0.00528455 -0.00351351 -0.0105769 -0.0170886 -0.00319149 -0.00232068 0.00555556 0.00163156 0.00614035 0.00074184 -0.0059387 -0.00294118 -0.00633803 0.00035461 -0.0194444 -0.0059633 0.00173197 -0.00348837 0.00747126 -0.00626822 -0.00166667 -0.0169903 -0.00757576 0.0217391 0.00660377 -0.0049763 -0.00986842 -0.00108696 0.0172414 0.021875 0.0115385 0.00341848 0.0147059 0.00714286 -0.00857143 0.00159011 -0.00291005 -0.0153333 0.0106383 0.00264848 -0.0047486 0.0031746
internal_weight=3986 1565 369 64 305 171 134 144 121 1196 412 784 750 314 436 253 279 42 183 161 123 185 104 79 47 237 81 2421 399 2022 261 238 213 141 72 109 1761 430 87 343 240 103 66 46 53 211 152 92 116 96 52 1331 85 63 70 283 189 75 94 1246 179 126
internal_count=3986 1565 369 64 305 171 134 144 121 1196 412 784 750 314 436 253 279 42 183 161 123 185 104 79 47 237 81 2421 399 2022 261 238 213 141 72 109 1761 430 87 343 240 103 66 46 53 211 152 92 116 96 52 1331 85 63 70 283 189 75 94 1246 179 126
is_linear=0
shrinkage=0.05


Tree=133
num_leaves=63
num_cat=0
split_feature=10 16 16 11 13 8 12 11 16 1 14 8 5 4 1 11 10 13 4 8 0 10 10 0 1 2 10 13 8 16 8 15 9 16 10 9 14 12 10 16 5 2 10 4 11 12 8 9 4 1 9 9 13 9 10 13 0 13 9 11 9 14
split_gain=4.57179 7.59344 5.37057 4.75573 18.4009 3.74621 7.01033 5.27204 4.97744 4.52697 4.27023 5.62104 4.17151 4.11759 3.65149 3.32113 3.92727 3.52144 5.48299 7.14113 5.17563 9.95951 6.88434 8.61079 13.0606 6.92672 6.66799 5.70031 6.34761 5.61766 5.02419 5.56694 5.9859 6.05874 4.61984 4.52604 4.39912 5.26429 4.08467 3.83911 8.3294 9.69548 7.84326 7.43505 7.78496 6.73623 7.75262 7.12557 5.87175 6.48214 5.61152 8.16781 5.15575 6.88137 4.26316 4.19219 3.81042 7.38594 7.43288 6.41401 4.11396 3.89573
threshold=22.745818048422603 -116.49999999999999 -32.499999999999993 62.550000000000004 0.3024785801713587 13.08761702107074 16.406010817492469 50.050000000000004 240.50000000000003 19.500000000000004 150.00000000000003 19.901423845706109 50.500000000000007 8.0054830000000017 11.500000000000002 60.350000000000001 19.506495726495732 0.26480327230229844 4.1025600000000013 16.079603713225755 11.932213500000001 15.913977218794498 13.216226708074535 10.984724408333335 5.5000000000000009 22.500000000000004 12.632753759398499 0.23646138807429132 12.838361990543422 31.500000000000004 7.4080762090717096 4.5000000000000009 0.091966173361522213 3.5000000000000004 16.175805801772764 0.061553030303030311 90.000000000000014 10.929861364249852 14.413627752782384 17.500000000000004 3.7500000000000004 1.0000000180025095e-35 16.807287549407118 1496.1707745000001 55.050000000000004 12.223104383154768 11.644704534615608 0.22295321637426904 10.943318000000001 14.500000000000002 0.29061583577712619 0.2487113402061856 0.21751918158567776 0.18544973544973548 15.20044491525424 0.16611479028697576 10.237888300000002 0.3377500877500878 0.44281045751633991 19.050000000000004 0.3603278688524591 90.000000000000014
decision_type=10 2 2 10 10 8 10 10 2 2 8 10 10 10 2 10 10 10 10 10 2 10 8 2 2 2 10 8 10 2 8 2 8 2 10 10 8 10 10 2 10 2 8 10 8 10 10 8 10 2 10 10 10 10 10 10 2 10 10 10 10 10
left_child=3 -2 -3 15 -5 7 9 -4 10 14 13 -12 -9 -8 -7 17 -17 18 20 30 22 38 26 27 -25 34 -1 28 -24 -27 -20 36 33 -33 -26 -19 -32 -38 -22 45 42 -42 -41 44 52 47 -47 55 49 -48 51 -49 53 -43 -54 -34 57 -37 60 -60 -59 -61
right_child=1 2 5 4 -6 6 8 12 -10 -11 11 -13 -14 -15 -16 16 -18 35 19 -21 21 -23 23 24 25 29 -28 -29 -30 -31 31 32 39 -35 -36 56 37 -39 -40 40 41 43 -44 -45 -46 46 48 50 -50 -51 -52 -53 54 -55 -56 -57 -58 58 59 61 -62 -63
leaf_value=0.00079879859915044094 -2.5253280660318747 0.43143818974608295 0.064546383359746148 -1.0362713262920316 0.22184359549902483 0.016764850174397616 0.2452772073963459 -0.048903401386885648 -0.40117034715384037 -0.0017150116579905728 -0.31329435863345323 0.053163097852780283 -0.0024824457359048369 -0.0071096224433837563 0.72715066795969541 3.3978392744677679 -0.22103003322800527 0.20848093114127086 1.0756204402522436 -0.80957168589901451 0.050404487300406232 0.62328947256307288 0.16535047955884355 -1.1781342779225425 -0.59680663601884232 0.12862817747166341 -0.40923410102023433 0.71370360473533001 -0.081610689862659139 -0.019294363360372203 -0.23409389660218236 -0.83071465037743053 0.055917144579423095 0.029400695703202473 0.022389658198870711 1.401865760978106 -0.077321928074100627 0.041919026490711442 -0.11239947425611235 -0.0045835403354985262 3.0820528911587317 0.058673829990646457 -1.1195229016195298 -0.63760748516074983 1.056483175902756 -1.3649075537571584 -0.82801271333774062 0.010162463114238207 0.44409330044108231 0.10745121669258194 0.31344550769411372 -0.86471088857004086 -0.29247843536167445 -0.57091669893235386 0.16064163488362235 0.71904016326316489 -0.01243307926969699 -0.014346384558641035 -0.068097354731308721 2.6169848737826609 -0.61315479534436867 0.045549189312587286
leaf_weight=27 20 36 22 49 33 33 83 28 25 20 28 34 51 36 25 20 24 26 20 31 37 53 115 24 25 38 21 42 49 26 22 30 25 22 28 39 37 24 25 31 20 39 20 23 34 25 32 189 25 24 23 29 38 44 38 48 1849 27 42 37 25 23
leaf_count=27 20 36 22 49 33 33 83 28 25 20 28 34 51 36 25 20 24 26 20 31 37 53 115 24 25 38 21 42 49 26 22 30 25 22 28 39 37 24 25 31 20 39 20 23 34 25 32 189 25 24 23 29 38 44 38 48 1849 27 42 37 25 23
internal_value=0.000297177 0.00510204 0.00653207 -0.00029191 -0.0121951 0.00480519 0.00774648 -0.00346535 0.00291262 0.0205128 0.0058011 -0.00483871 -0.00949367 0.0113445 0.0275862 -1.42248e-05 0.0136364 -0.000187266 0.00174626 -0.000615901 0.00588235 0.0152174 0.00316456 0.0056196 -0.00390071 0.00299145 -0.0145833 0.0121359 0.00792683 0.0140625 0.000232019 -0.000356295 0.000988142 -0.0153846 -0.0103774 -0.00149903 -0.0126506 -0.0057377 0.0016129 0.00219236 -0.00226481 0.00169492 -0.0205882 -0.00138889 0.00181347 0.0052381 -0.00566038 0.0089172 0.00185185 -0.00714286 0.00477178 0.00229358 -0.00283019 -0.0114458 0.00657895 0.0226027 -0.00176298 0.00492228 0 0.00784314 -0.0153846 0.0183333
internal_weight=4038 441 421 3597 82 385 284 101 206 78 181 62 79 119 58 3515 44 3471 1403 893 510 115 395 347 141 117 48 206 164 64 862 842 759 52 53 2068 83 61 62 707 287 236 51 216 193 420 106 314 81 56 241 218 159 83 76 73 2042 193 154 102 52 60
internal_count=4038 441 421 3597 82 385 284 101 206 78 181 62 79 119 58 3515 44 3471 1403 893 510 115 395 347 141 117 48 206 164 64 862 842 759 52 53 2068 83 61 62 707 287 236 51 216 193 420 106 314 81 56 241 218 159 83 76 73 2042 193 154 102 52 60
is_linear=0
shrinkage=0.05


Tree=134
num_leaves=63
num_cat=0
split_feature=13 4 11 12 12 13 13 14 7 7 8 12 4 4 1 5 10 11 6 16 10 2 13 1 10 7 10 6 6 2 10 8 7 13 16 2 2 11 12 4 5 12 14 12 12 11 7 11 14 1 16 15 6 10 16 11 5 4 16 11 11 16
split_gain=4.17838 6.89769 6.64432 6.05008 6.76812 7.14244 12.8638 6.41212 5.77034 5.96514 5.4871 6.96316 6.92338 6.73999 5.85728 6.58534 6.79 7.76653 7.79324 6.01667 5.6957 5.27512 4.92737 7.06909 4.70962 8.38664 5.96873 7.18393 10.9929 5.19718 5.03177 6.789 7.17598 4.93739 4.50886 5.00807 6.82511 5.76886 6.89604 4.8521 5.59811 9.33433 4.32249 4.31267 4.6595 4.30474 4.86684 4.16757 4.16689 5.60303 4.1017 4.36372 4.36123 3.84647 4.22114 7.41947 6.68761 6.34516 5.25302 7.64107 7.09198 5.96577
threshold=0.26239754098360663 4.1025600000000013 69.950000000000017 14.206125151161642 16.275363871625512 0.18770973154362419 0.12933094384707292 150.00000000000003 56.350000000000001 49.850000000000001 12.966891609119806 8.358281317760186 14.765768000000003 13.114214000000002 18.500000000000004 12.350000000000003 13.129726435536297 41.95000000000001 18.263636363636365 -40.499999999999993 16.522579678888093 37.500000000000007 0.21606265356265361 9.5000000000000018 12.314363107822411 29.850000000000005 11.51857142857143 8.8513586956521753 10.79731934731935 12.500000000000002 12.41139951426837 8.1778062716931803 30.050000000000004 0.28647416413373866 55.500000000000007 7.5000000000000009 32.500000000000007 38.95000000000001 9.9205278189022739 0.9433180000000001 5.2500000000000009 11.096262132009054 210.00000000000003 11.202224443795261 9.6402081128751416 35.050000000000004 31.750000000000004 39.650000000000013 90.000000000000014 11.500000000000002 142.50000000000003 6.5000000000000009 10.878234265734269 10.219687950937951 -10.499999999999998 31.950000000000003 9.3500000000000032 1397.6372360000003 12.500000000000002 28.050000000000004 16.450000000000003 104.50000000000001
decision_type=8 10 10 10 10 10 10 10 10 8 8 10 10 10 2 10 10 10 10 2 10 2 10 2 10 10 10 10 10 2 10 8 8 10 2 2 2 10 10 10 10 10 10 10 10 10 10 10 10 2 2 2 10 10 2 10 10 10 2 10 8 2
left_child=1 45 24 10 5 6 -5 8 9 -6 11 -3 13 14 15 20 -17 18 22 -19 21 -13 23 -18 25 26 27 29 -29 -2 -26 -32 -33 -27 39 -36 37 38 -37 -35 41 -41 -9 44 -42 48 -47 53 -1 -50 52 -52 -38 54 56 58 -31 -58 -56 60 -60 -62
right_child=2 3 -4 4 7 -7 -8 42 -10 -11 -12 12 -14 -15 -16 16 17 19 -20 -21 -22 -23 -24 -25 30 33 -28 28 -30 47 31 32 -34 34 35 36 50 -39 -40 40 43 -43 -44 -45 -46 46 -48 -49 49 -51 51 -53 -54 -55 55 -57 57 -59 59 -61 61 -63
leaf_value=-0.12673107492045066 -0.048235693681818771 0.038693000624359798 0.49062616011794946 -0.050173810646505945 0.057111060131959594 -0.64148217680329567 0.3108797440519156 -0.64285428563407487 0.080780929976170202 -0.13499237886445395 0.060758636104992103 0.061084215799728094 -0.72907779199463851 0.45762829884403811 0.24069990805569372 -0.20273920363917253 0.23699892231999442 0.059311952070906143 0.8885319137137071 -0.88830685499048345 0.090989109934625612 -0.13587291256799078 0.53186803622354795 -0.71984758334950738 -0.22187629994645208 0.18525540799379386 0.088657620440661597 -0.20120411884109177 0.029978910432911478 -0.0025414157425670326 0.49079140672017768 -1.3629102177054679 -0.040412619483728922 -0.72193212891236491 -0.3415812262090242 0.87356700169236068 2.539059205148857 1.8803371050962654 -0.011409585355296948 -0.68764414046645561 -0.060361509865725971 0.43073379579657145 0.0036262565764945218 -0.091771112091268939 0.93578110239674883 1.00577375498176 0.02917665700264296 -0.22413370939703339 -0.09405907504709754 0.13711112799234768 -0.69252493298393647 0.88603649511041316 0.028743856629917987 0.29890819456324708 0.046832127799884132 -0.69678080114549956 -1.1329092230457019 -0.0051004298157607958 0.11245611096018777 0.68072814999887332 -0.63913293343129229 0.047053259747701408
leaf_weight=35 244 24 21 23 27 49 28 34 59 24 140 90 40 24 43 22 25 20 20 60 22 29 31 30 29 31 27 75 28 163 22 20 643 23 35 32 20 56 33 36 26 28 21 38 36 44 559 24 20 24 33 26 39 21 184 34 30 28 163 33 82 65
leaf_count=35 244 24 21 23 27 49 28 34 59 24 140 90 40 24 43 22 25 20 20 60 22 29 31 30 29 31 27 75 28 163 22 20 643 23 35 32 20 56 33 36 26 28 21 38 36 44 559 24 20 24 33 26 39 21 184 34 30 28 163 33 82 65
internal_value=-0.000513141 0.00149968 -0.00181219 -0.00141243 -0.00773585 -0.018 -0.00490196 -0.00151515 0.00545455 -0.00686275 0.00129032 -0.00125 -0.00263158 -0.000721154 -0.00229592 -0.00444126 -0.0100962 -0.00698925 0.00188679 -0.01875 0.00390071 -0.000420168 -0.00465116 -0.0136364 -0.0020565 -0.000620201 -0.00287261 -0.00340716 -0.0160194 -0.00219421 -0.00546218 -0.00459854 -0.00550528 0.00487805 0.00357918 0.00766423 0.010251 0.018595 0.00846154 -0.00240642 0.000609756 -0.0109375 -0.0154545 0.008 0.016129 0.00527859 0.00671642 -0.000302297 -0.0056962 0.00454545 0.00169492 -0.00762712 0.0110169 0.000311333 -0.000255754 0.00204991 -0.0061086 -0.0206897 0.00351044 -0.000145773 -0.00258065 -0.0105442
internal_weight=3995 1567 2428 885 265 100 51 165 110 51 620 480 456 416 392 349 208 186 106 80 141 119 86 55 2407 1693 1201 1174 103 1071 714 685 663 492 461 274 239 121 65 187 164 64 55 100 62 682 603 827 79 44 118 59 59 803 782 561 221 58 527 343 310 147
internal_count=3995 1567 2428 885 265 100 51 165 110 51 620 480 456 416 392 349 208 186 106 80 141 119 86 55 2407 1693 1201 1174 103 1071 714 685 663 492 461 274 239 121 65 187 164 64 55 100 62 682 603 827 79 44 118 59 59 803 782 561 221 58 527 343 310 147
is_linear=0
shrinkage=0.05


Tree=135
num_leaves=63
num_cat=0
split_feature=6 8 16 6 2 7 16 12 10 5 4 16 10 6 4 7 9 9 7 12 14 16 16 4 16 5 4 2 1 6 2 6 7 10 6 10 16 1 4 4 12 1 16 8 2 8 5 16 1 10 5 4 8 9 15 1 4 16 10 10 1 1
split_gain=5.48685 6.78914 9.73092 4.77915 4.58131 5.76117 7.839 5.63754 6.04839 8.05171 4.81731 4.50356 10.5388 4.89477 6.18687 4.64293 7.22716 5.35559 6.73265 5.15594 4.61044 4.22081 11.743 7.74713 6.18753 5.60571 4.85823 4.73788 8.64706 4.47395 4.11446 5.82222 5.53852 7.28992 10.4855 6.23149 5.61772 6.11142 5.53191 5.30874 4.80436 4.61092 4.56003 4.81581 13.2273 8.997 7.69231 5.31766 6.59234 5.86318 5.0381 4.47334 4.11875 4.04739 3.98153 6.09524 3.79443 5.02332 3.71228 5.58772 3.69065 6.52895
threshold=17.164583333333336 14.109844590412248 201.50000000000003 17.654700854700859 32.500000000000007 40.150000000000013 327.50000000000006 13.037851972218389 17.269304556354921 18.650000000000002 0.24001900000000001 193.50000000000003 22.421240601503765 27.837699024139706 15.108709000000003 41.850000000000001 0.087337909992372245 0.15470085470085473 46.050000000000004 14.705531551598268 150.00000000000003 61.500000000000007 5.5000000000000009 6.1203630000000011 136.50000000000003 58.350000000000009 3.2247530000000002 47.500000000000007 15.500000000000002 20.614818181818183 22.500000000000004 16.738911290322587 39.45000000000001 14.141196013289038 14.358998302207132 10.107575757575759 178.50000000000003 8.5000000000000018 15.005483000000002 11.765768000000003 11.914527341945274 10.500000000000002 162.50000000000003 10.769863316774734 12.500000000000002 10.232396005223491 11.65 2.5000000000000004 12.500000000000002 8.776952655611634 18.950000000000003 2.1185900000000006 11.456048803388184 0.28669275929549903 5.5000000000000009 11.500000000000002 3.8354865000000005 -3.4999999999999996 19.506495726495732 15.944685990338165 6.5000000000000009 4.5000000000000009
decision_type=8 10 2 8 2 8 2 8 10 10 10 2 8 10 10 10 10 10 10 8 10 2 2 10 2 10 10 2 2 8 2 10 10 10 10 10 2 2 10 10 10 2 2 10 2 10 10 2 2 10 10 10 10 10 2 2 10 2 10 10 2 2
left_child=1 30 58 -2 7 -6 21 8 9 -5 -9 13 -13 15 -15 19 -17 -18 -19 -12 -20 22 27 26 -25 -24 -23 29 -29 -7 32 60 36 35 -35 -34 38 -38 39 42 -36 -42 43 45 52 47 -46 48 50 -50 -1 -39 -45 -54 -41 -56 -31 -58 59 -3 61 -32
right_child=3 2 -4 4 5 6 -8 10 -10 -11 11 12 -14 14 -16 16 17 18 20 -21 -22 23 25 24 -26 -27 -28 28 -30 56 31 -33 33 34 40 -37 37 51 -40 54 41 -43 -44 44 46 -47 -48 -49 49 -51 -52 -53 53 -55 55 -57 57 -59 -60 -61 -62 -63
leaf_value=0.045967561483265841 0.13471546230185313 0.0039760336087843575 -0.54698008363363115 -0.84110243023112652 -0.12325300455602002 0.078095781415236237 -0.20560529205860975 0.43922548461953287 0.090104823260149791 0.40305865882834752 0.22305180929210985 2.3635831906263371 -0.022797744217042483 0.094187835918311438 -0.11661607859006283 -0.90455900481452223 0.47227245282169444 -0.52651246939841423 -0.14545009349628107 -0.0054460556389819567 0.18839559322010671 0.41566956162249247 -0.20730828514859817 0.28853607179402613 -0.09855188817691421 0.079474124303280852 1.9502854478128127 0.086010168718334501 -0.033976112910465053 -0.044703585888496662 0.024784362304741236 -0.9412902098843392 -0.045114722579621971 -0.57034514665341118 -0.50601136191617901 0.38410201881184769 0.60351795363993976 -0.82921938385349137 -0.15071296999595171 0.16072278936559484 1.2236354979607906 0.030038319115178427 0.67627187808886591 0.71276653754893471 0.11966632305769709 -0.23450935144190127 -0.81883748095044773 0.019712542108221244 -0.59487988481722986 -0.34824183756482618 -0.64120613966994933 -0.15604647306618774 -0.064476188073429877 0.24570941296204296 -0.43009142350860902 0.089307496228912708 -0.039729874558726654 0.030808391557881266 2.2330104260229544 -0.62414818540617967 0.021381565111742874 -0.53411218999644294
leaf_weight=105 72 52 34 24 47 35 31 29 83 31 29 38 42 75 24 21 35 27 92 144 34 42 97 35 36 20 22 60 25 30 199 28 25 37 23 64 35 21 25 23 20 23 20 38 26 51 26 195 52 43 20 85 20 21 21 21 48 41 20 24 1075 135
leaf_count=105 72 52 34 24 47 35 31 29 83 31 29 38 42 75 24 21 35 27 92 144 34 42 97 35 36 20 22 60 25 30 199 28 25 37 23 64 35 21 25 23 20 23 20 38 26 51 26 195 52 43 20 85 20 21 21 21 48 41 20 24 1075 135
internal_value=0.000176056 -0.00116993 -0.0123077 0.00273923 0.00204318 -0.0013181 0.000191571 0.00467033 0.0137681 0.000909091 0.00254237 0.00151515 0.0125 -0.00031185 0.00959596 -0.00287958 -0.00789474 -0.00478723 -0.00882353 0.00317919 -0.00396825 0.00173116 -0.0011236 0.00925926 -0.00211268 -0.0141026 0.021875 0.00523013 0.0147059 0 -0.000585386 0.00114823 -0.00298077 0.0046875 -0.00436893 0.0151685 -0.00471698 -0.0138298 -0.00289958 -0.00205279 0.00757576 0.0174419 -0.0034846 -0.00427136 0.00419847 -0.00665236 -0.0153846 -0.00421687 -0.00954545 -0.0194737 -0.002 -0.0198113 0.0170886 0.00609756 0.0115385 0.00238095 -0.00462185 0.000561798 -0.00416667 -0.00921053 0.00159688 -0.00299401
internal_weight=3976 2607 130 1369 1297 569 522 728 138 55 590 561 80 481 99 382 209 188 153 173 126 491 356 135 71 117 64 239 85 154 2477 1437 1040 192 103 89 848 141 707 682 66 43 617 597 131 466 52 415 220 95 125 106 79 41 65 42 119 89 96 76 1409 334
internal_count=3976 2607 130 1369 1297 569 522 728 138 55 590 561 80 481 99 382 209 188 153 173 126 491 356 135 71 117 64 239 85 154 2477 1437 1040 192 103 89 848 141 707 682 66 43 617 597 131 466 52 415 220 95 125 106 79 41 65 42 119 89 96 76 1409 334
is_linear=0
shrinkage=0.05


Tree=136
num_leaves=63
num_cat=0
split_feature=10 8 12 7 0 12 6 13 6 5 8 4 4 4 10 4 15 10 5 5 8 12 6 14 6 9 9 5 5 8 1 6 13 9 1 6 13 1 13 10 13 2 2 15 1 13 1 0 5 0 8 10 10 4 2 8 7 7 9 13 0 4
split_gain=7.0582 6.51991 5.15835 6.46343 5.8527 5.07198 4.89617 4.76044 8.61953 5.93472 5.71429 4.62052 5.18408 4.54873 8.0027 4.96616 10.7688 6.75675 4.46251 4.34186 4.19912 4.99322 5.81146 6.00193 4.08842 7.37978 4.85976 4.54325 6.85307 4.75335 4.07002 4.0059 7.23178 4.56877 4.70471 4.12857 3.95063 4.30573 4.4581 7.88513 3.77803 3.70727 4.22931 3.63088 5.67364 4.74588 3.76437 8.67762 6.98452 9.50764 6.45305 6.12166 9.26466 5.27794 4.8802 5.60258 4.43829 5.92593 4.30244 5.14876 5.14816 4.0341
threshold=22.745818048422603 15.854866175800465 14.433238836243282 42.750000000000007 10.44924504166667 15.684247915525567 20.993833333333338 0.3024785801713587 19.913368794326242 22.050000000000004 17.902137207813755 4.1025600000000013 4.1303240000000008 3.0757620000000006 15.242815283638071 3.3285570000000004 5.5000000000000009 2.0955555555555558 9.9500000000000011 25.950000000000003 13.882500645492572 12.223104383154768 17.654700854700859 1.0000000180025095e-35 10.79731934731935 0.34178433889602061 0.28669275929549903 27.550000000000004 22.250000000000004 12.006241950673873 21.500000000000004 14.358998302207132 0.18530782438067209 0.22886904761904764 10.500000000000002 15.826559060895088 0.26122764555600381 6.5000000000000009 0.17407773386034259 32.467077922077934 0.37987341772151906 12.500000000000002 42.500000000000007 8.5000000000000018 19.500000000000004 0.22259759759759762 7.5000000000000009 12.984724408333335 0.95000000000000007 11.932213500000001 10.798705430484157 13.589773495605138 14.264171122994656 12.943318000000001 7.5000000000000009 10.515696135949851 42.050000000000004 38.750000000000007 0.15470085470085473 0.12933094384707292 11.857762616666669 666.56861800000013
decision_type=10 10 10 10 2 10 10 10 10 10 10 8 10 10 10 10 2 10 10 10 10 10 10 10 10 10 10 10 10 10 2 10 10 10 2 10 10 2 10 10 10 2 2 2 2 8 2 2 10 2 10 8 10 10 2 10 10 10 8 10 2 10
left_child=1 11 41 -4 -5 -6 -7 9 10 18 -9 13 -13 20 15 16 -15 -17 -3 -16 21 22 23 -1 -23 26 27 28 29 -26 36 32 -25 34 -33 -36 37 -8 39 -39 -22 -2 -43 46 45 -45 47 48 49 50 53 -50 61 -14 -54 -56 57 -57 59 -48 -61 -53
right_child=2 7 3 4 5 6 30 8 -10 -11 -12 12 43 14 19 17 -18 -19 -20 -21 40 24 -24 31 25 -27 -28 -29 -30 -31 -32 33 -34 -35 35 -37 -38 38 -40 -41 -42 42 -44 44 -46 -47 58 -49 51 -51 -52 52 54 -55 55 56 -58 -59 -60 60 -62 -63
leaf_value=0.50977536334186979 0.094185252900847477 -0.091939896647283359 -0.062630944497334862 0.061468352381169655 -0.018940663046949437 0.55508425022869656 1.5089869692529918 -0.00045413316227680415 0.83829689432473709 -0.63795428022140721 -0.89982669600585641 -0.078446861358656861 0.11079128760347495 -0.15637094278209496 0.64041832892847705 0.47834248852099481 1.8120109875272243 -0.066530596740844855 0.11827260759178149 0.049671591192202415 -0.022236770175756249 0.31002480434481317 -0.2747375704490338 -0.54691600619654035 -0.024840679695920187 -0.16524250564404142 1.5910352745187486 0.25397754780312382 -0.5194537254877919 0.50914159471805331 -0.10892120406679139 0.083586468937527067 -0.0091011957967960921 0.34840497047919783 -0.23533322620702679 0.020932147688898974 -0.72930961749390422 -1.4006470682233072 0.14790374621555785 0.020580207808260167 -0.69996757443369817 0.00055826917060981536 0.090388572704959994 -0.096277200947147895 -0.057187432112177285 1.0240532782660405 -0.74583723163138227 0.31975095612829008 -0.12012951125196879 -1.0674705439990377 2.112500046180565 0.45713136095698143 0.27649937386800172 -0.820220449295751 0.027133904130983502 -0.64895689307327542 -0.12483594681438728 -0.7493765305282194 -0.0084115952281509591 0.31900672989608342 -0.17386367469599762 0.0065406773319893257
leaf_weight=24 30 50 20 37 26 27 25 24 54 66 21 32 77 21 53 22 50 122 26 21 94 26 29 24 41 28 22 30 20 35 27 41 509 39 21 24 23 26 58 49 22 53 31 20 60 53 20 37 157 28 22 23 20 25 24 30 25 24 1208 82 20 28
leaf_count=24 30 50 20 37 26 27 25 24 54 66 21 32 77 21 53 22 50 122 26 21 94 26 29 24 41 28 22 30 20 35 27 41 509 39 21 24 23 26 58 49 22 53 31 20 60 53 20 37 157 28 22 23 20 25 24 30 25 24 1208 82 20 28
internal_value=-0.000249626 -0.000979295 0.00578704 0.00251572 0.00436242 0.00172414 0.00404255 -0.00892116 -0.000505051 -0.0147887 -0.0166667 -0.000405041 -0.00191067 0.00189681 0.00743945 0.00255814 0.0133803 -0.00277778 -0.00526316 0.0216216 0.000340136 0.00147864 -0.000492264 0.000439883 0.00841584 0.00568182 0.0101351 0.00634921 0.00104167 0.00789474 0.00144231 -0.000455927 -0.00234522 0.0076 0.00116279 -0.01 0.00414365 0.00696203 0.00338346 -0.00466667 -0.00862069 0.0149123 0.00952381 -0.0015885 0.00639098 0.0157534 -0.00216216 -0.00576923 -0.00755694 0.00131579 0.00725806 -0.0116314 -0.00517241 0.00196078 -0.0126016 -0.0169903 -0.0234177 -0.0314815 -0.00075188 0.00819672 0.0127451 0.0127451
internal_weight=4006 3574 432 318 298 261 235 241 99 142 45 3333 2015 1318 289 215 71 144 76 74 1029 913 711 682 202 176 148 126 96 76 208 658 533 125 86 45 181 158 133 75 116 114 84 1983 133 73 1850 520 483 152 124 331 174 102 123 103 79 54 1330 122 102 51
internal_count=4006 3574 432 318 298 261 235 241 99 142 45 3333 2015 1318 289 215 71 144 76 74 1029 913 711 682 202 176 148 126 96 76 208 658 533 125 86 45 181 158 133 75 116 114 84 1983 133 73 1850 520 483 152 124 331 174 102 123 103 79 54 1330 122 102 51
is_linear=0
shrinkage=0.05


Tree=137
num_leaves=63
num_cat=0
split_feature=13 11 15 9 4 5 4 4 6 5 7 13 9 7 4 5 1 9 14 6 10 1 0 10 4 9 0 4 10 0 11 7 6 0 8 13 6 6 8 10 13 1 10 2 11 7 4 5 6 6 10 5 2 2 4 4 0 4 7 7 7 7
split_gain=4.43942 4.8745 11.3595 8.88474 7.36039 8.80037 7.16926 8.10197 6.634 7.93392 7.56149 6.26371 5.63665 5.41381 6.73425 5.80488 5.78472 5.40572 5.2035 5.04758 12.0103 4.93772 6.68918 4.81795 5.46001 6.3003 4.61904 4.57143 4.26056 3.87879 3.79597 5.88678 6.93707 4.49244 5.02041 4.10894 3.75735 7.35981 4.34697 5.66435 7.59466 9.21146 6.059 3.70693 9.08302 6.50301 5.98692 5.35309 3.5498 4.1379 6.08865 5.651 9.61027 5.86984 5.35051 4.75878 4.08392 3.79259 3.48376 6.7822 4.71596 5.70036
threshold=0.26239754098360663 47.250000000000007 2.5000000000000004 0.15688468158347679 2.1185900000000006 32.350000000000001 14.765768000000003 13.426078000000002 14.358998302207132 19.050000000000004 39.95000000000001 0.19163509180996796 0.24575783721599082 65.000000000000014 12.745393500000002 1.0000000180025095e-35 14.500000000000002 0.28232998885172805 90.000000000000014 24.211274509803925 26.100769384492409 8.5000000000000018 10.967131783333334 24.212628205128208 2.0757620000000006 0.096006144393241177 10.697393500000002 5.1303240000000008 17.489712732919259 10.4818853 69.950000000000017 58.250000000000007 23.0771686746988 13.984724408333335 18.508148967086708 0.3024785801713587 22.169333333333338 20.51887464387465 16.584659685775932 14.480536659108088 0.35747051114023598 16.500000000000004 14.264171122994656 27.500000000000004 52.45000000000001 46.250000000000007 5.8332025000000014 17.550000000000004 14.712113899613902 20.038913043478264 18.91828703703704 19.050000000000004 22.500000000000004 12.500000000000002 8.1142140000000023 3.4260780000000008 11.857762616666669 6.0054830000000008 44.45000000000001 42.250000000000007 41.850000000000001 39.650000000000013
decision_type=8 10 2 10 10 10 10 10 10 10 10 10 10 10 10 10 2 10 10 10 10 2 2 10 10 8 2 10 10 2 10 10 10 2 10 10 10 10 10 10 10 2 10 2 10 10 10 10 10 10 10 10 2 2 10 10 2 10 10 10 10 10
left_child=1 6 -3 19 5 12 7 8 9 10 11 -1 -5 14 15 -6 -17 26 29 23 27 -11 -23 24 -4 -26 28 -21 -10 -13 31 33 -33 34 36 -34 37 38 39 42 41 43 58 44 46 47 -41 -45 -28 51 -51 54 53 -53 55 -50 -52 -57 59 60 61 -2
right_child=30 2 3 4 13 -7 -8 -9 17 21 -12 18 -14 -15 -16 16 -18 -19 -20 20 -22 22 -24 -25 25 -27 48 -29 -30 -31 -32 32 35 -35 -36 -37 -38 -39 -40 40 -42 -43 -44 45 -46 -47 -48 -49 49 50 56 52 -54 -55 -56 57 -58 -59 -60 -61 -62 -63
leaf_value=-0.050318049407103875 -0.0062419945571013718 0.18331479381481874 -0.036811009605657398 -0.042951110703488719 0.010633240681854828 0.3189035793177788 -0.76452107169112837 0.86449030389921622 -0.13578915531243074 0.0012453294995030007 -0.26033656052490528 0.082681297930572842 0.25304955411979274 0.045720252521180033 0.010166626579152994 -1.421421778877451 -0.13426266688048685 0.64270912057893403 0.045368237993106679 -0.086908231705944111 0.011237313910041902 -1.4915392812191994 -0.16039990080343736 -0.030077466277065756 0.035226384398114013 0.7753266727255117 0.33863154707582743 -0.37105347011809714 0.076896847756652509 1.04554379311997 0.30283522386928113 -0.47498077354954521 -0.22417388604151861 -0.11592824477279713 1.3575490321378956 0.45706673365001721 1.4958630721631125 -0.68381070819668721 0.053802768994039241 0.31095480629622152 1.0576002139110927 -1.1580946790807682 0.43912674236441807 -1.0100335341125941 -0.2185151452971269 0.1697672184522066 -0.9140121835704641 -0.10135442709650172 -0.062403899251327034 0.11026099525878408 0.57674525690212242 0.042555535094678201 0.85702138524476512 -0.42317979941505579 -0.69180674376523399 0.23478667927997821 -0.011385907846067678 0.020825940246229104 -0.051176252526600768 0.44146817522391829 -0.75635723020601253 0.39113962276016095
leaf_weight=46 1660 34 21 46 28 26 46 21 82 35 25 25 24 20 20 72 64 22 84 28 147 25 36 29 21 29 26 28 39 30 20 37 21 67 22 20 25 21 21 38 31 48 21 31 29 20 22 25 77 25 45 35 61 28 35 30 29 24 102 57 20 64
leaf_count=46 1660 34 21 46 28 26 46 21 82 35 25 25 24 20 20 72 64 22 84 28 147 25 36 29 21 29 26 28 39 30 20 37 21 67 22 20 25 21 21 38 31 48 21 31 29 20 22 25 77 25 45 35 61 28 35 30 29 24 102 57 20 64
internal_value=-0.000350877 0.00172194 -0.00164835 -0.00323383 -0.00933333 0.00208333 0.00402793 0.00502825 0.00428241 -0.00163399 0.00380952 0.0072973 -0.00714286 -0.0147059 -0.0173913 -0.0207317 -0.025 0.00752688 0.0125899 0.00280528 -0.00172414 -0.0135417 -0.0221311 0.012 0.0190141 0.028 0.00652985 -0.0214286 -0.00206612 0.0245455 -0.00169282 -0.00187344 -0.0153846 -0.00141997 -0.00104121 -0.00121951 -0.00127517 -0.00149321 -0.0012106 -0.00142989 -0.00860656 -0.0119718 -0.000519751 -0.00636364 0.000561798 -0.0144737 0.0116667 -0.0232143 0.00903614 0.00784062 0.0166667 0.00482759 0.0129032 -0.000793651 -0.00120482 0.00343511 0.00945946 0.0148148 -0.000814503 -0.000305386 -0.000860092 -0.000580046
internal_weight=3990 1568 637 603 300 96 931 885 864 306 210 185 70 204 184 164 136 558 139 303 203 96 61 100 71 50 536 56 121 55 2422 2402 78 2324 2257 41 2235 2210 2189 2168 244 213 1924 165 89 76 60 56 415 389 99 290 124 63 166 131 74 54 1903 1801 1744 1724
internal_count=3990 1568 637 603 300 96 931 885 864 306 210 185 70 204 184 164 136 558 139 303 203 96 61 100 71 50 536 56 121 55 2422 2402 78 2324 2257 41 2235 2210 2189 2168 244 213 1924 165 89 76 60 56 415 389 99 290 124 63 166 131 74 54 1903 1801 1744 1724
is_linear=0
shrinkage=0.05


Tree=138
num_leaves=63
num_cat=0
split_feature=13 16 6 1 15 16 15 9 16 16 13 13 7 8 8 9 6 8 13 13 0 8 11 9 16 11 1 6 6 1 16 11 11 11 16 6 16 16 13 8 8 6 13 9 12 12 1 12 13 9 5 13 12 16 6 0 9 0 6 13 11 1
split_gain=4.24685 8.30434 8.05106 7.49624 7.27421 7.56919 6.91921 11.4827 8.2347 9.52397 9.46504 8.02073 9.17615 8.92837 6.60425 6.08837 5.86263 5.72275 5.49376 5.36508 5.08855 8.13906 8.00078 6.39241 5.62243 5.10898 4.92842 4.74555 8.21931 4.68313 5.09946 4.65158 4.4092 9.72497 6.66659 6.78251 8.04762 5.6346 4.87013 4.72369 5.2842 4.77271 4.60404 5.93385 6.02784 12.6975 5.55034 7.81621 6.94252 5.5188 8.55099 8.16346 8 6.05442 5.42049 6.48031 4.94989 7.90516 6.22806 4.63158 4.2186 4.06004
threshold=0.28053779308083299 -219.49999999999997 22.042405797101452 20.500000000000004 4.5000000000000009 112.50000000000001 6.5000000000000009 0.42365967365967372 196.50000000000003 -42.499999999999993 0.34131994261119086 0.45867486338797819 40.850000000000001 10.00085917383217 11.869281426557707 0.4058277027027028 11.069047619047621 19.033005458816508 0.29301637060257751 0.34299719887955188 10.522861450000002 9.4477068793613643 28.050000000000004 0.22792207792207794 -44.499999999999993 43.650000000000013 18.500000000000004 10.041944847605226 8.7390940766550536 14.500000000000002 -66.499999999999986 43.550000000000004 47.250000000000007 49.250000000000007 167.50000000000003 17.208771929824564 277.50000000000006 128.50000000000003 0.23112535612535615 13.823557408174066 14.745378600987939 15.996428571428574 0.24253565062388596 0.23354978354978359 10.954543209186804 11.884576341636441 14.500000000000002 12.928497305134558 0.21606265356265361 0.133739837398374 9.9500000000000011 0.1464191393506292 9.6716891847221245 -2.4999999999999996 13.856374142289637 11.328667200000002 0.10102040816326532 10.932213500000001 12.825000000000001 0.25872210953346864 44.250000000000007 16.500000000000004
decision_type=10 2 8 2 2 2 2 10 2 2 10 10 10 10 10 10 10 8 10 10 2 10 10 10 2 10 2 10 10 2 2 10 8 8 2 10 2 2 10 8 10 10 10 10 10 10 2 10 10 8 10 10 10 2 8 2 8 2 10 10 10 2
left_child=32 -2 3 6 -5 -6 7 20 9 29 -10 12 14 26 18 31 -15 -4 -11 -19 25 22 -22 -23 -25 -3 61 28 -9 30 -8 -14 34 39 37 36 -36 42 -38 41 -41 -34 46 59 -45 -46 48 56 49 51 -51 -1 -52 -53 -54 -56 -48 58 -58 -44 -47 -13
right_child=1 2 17 4 5 -7 8 27 10 11 -12 13 15 16 -16 -17 -18 19 -20 -21 21 23 -24 24 -26 -27 -28 -29 -30 -31 -32 -33 33 -35 35 -37 38 -39 -40 40 -42 -43 43 44 45 60 47 -49 -50 50 52 53 54 -55 55 -57 57 -59 -60 -61 -62 -63
leaf_value=-0.0084226846677125881 0.65199145807759862 -0.10185419930351146 1.9395375863420949 0.11557487725804344 -0.066244181162647214 -0.59994267462399431 -0.031157493955646487 -0.0062587915477340774 -0.95953185740696378 -0.076291131521857916 -0.075787055594028277 0.019856913389405942 -0.59683032891783461 -0.87506572748980838 1.7900284406876712 0.46660683449371876 -0.039588181003400183 -0.22943460009825289 0.22496319271234669 0.21935255071045268 0.0035868767854162265 0.41089429012933221 -0.5944577699322503 -1.1613763983504768 -0.015849312791468863 -1.2758298352505009 -0.99882059847439708 -0.64549176031448874 0.14094251366500429 0.065981586698016834 -1.2094540006848264 0.011700265927873944 -1.0427409512562598 0.0010248213796655303 0.6563100449984266 2.3378461355159401 -0.50939542948183225 -0.11414093554788218 1.6690317562426231 0.05217564674736215 -0.65433139586864264 -0.49362873655266154 -0.6806639150453766 0.21631579351783614 -1.2651277489386512 -0.12986109666338025 -0.73201970419271045 0.18951055215872634 0.44857749969358507 -0.16249971520443457 0.1261438246233674 0.021652981614564127 -0.39709504325864692 0.10474794549584487 -0.023052749425454523 0.17421813350301393 -1.1256541933642255 0.059934082804605507 -0.022856263173654547 -0.057260746121557828 0.54868529383938458 0.94657987760725959
leaf_weight=50 20 57 27 22 59 20 57 532 29 20 76 182 20 24 35 21 23 21 111 42 25 24 60 21 170 33 20 25 21 32 26 89 29 880 42 25 20 57 22 22 21 28 44 51 34 42 28 46 116 72 21 26 23 25 65 38 22 84 53 32 29 27
leaf_count=50 20 57 27 22 59 20 57 532 29 20 76 182 20 24 35 21 23 21 111 42 25 24 60 21 170 33 20 25 21 32 26 89 29 880 42 25 20 57 22 22 21 28 44 51 34 42 28 46 116 72 21 26 23 25 65 38 22 84 53 32 29 27
internal_value=-0.000398208 -0.00205479 -0.00238339 -0.00308974 -0.0163366 -0.0234177 -0.00232955 -0.00516529 0.00113636 0.00312955 -0.0119048 0.00576923 0.0114865 -0.000362319 0.0192771 0.00153846 -0.0202128 0.0122222 0.0141221 0.00396825 -0.0117949 -0.00866667 -0.0217647 -0.00348837 -0.0065445 -0.0222222 0.00371179 -0.000692042 0.000271248 -0.01 -0.0162651 -0.00321101 0.00119687 -0.00122449 0.00342081 0.0151376 0.00833333 0.00208768 -0.00714286 -0.016 -0.00348837 -0.0254386 0.00305216 -0.00301724 0.0025641 -0.00428571 0.00515695 -0.00107296 0.00848624 0.0046875 0.000228311 0.0143564 0.00714286 0.0284314 0.00238095 0.00728155 -0.00561497 -0.00220126 -0.014 -0.0144737 0.00774648 0.00598086
internal_weight=4018 1971 1951 1861 101 79 1760 968 792 687 105 572 296 276 166 130 47 90 131 63 390 300 85 215 191 90 229 578 553 115 83 109 2047 980 1067 109 84 958 42 100 43 57 901 232 156 105 669 233 436 320 219 101 147 51 126 103 187 159 75 76 71 209
internal_count=4018 1971 1951 1861 101 79 1760 968 792 687 105 572 296 276 166 130 47 90 131 63 390 300 85 215 191 90 229 578 553 115 83 109 2047 980 1067 109 84 958 42 100 43 57 901 232 156 105 669 233 436 320 219 101 147 51 126 103 187 159 75 76 71 209
is_linear=0
shrinkage=0.05


Tree=139
num_leaves=63
num_cat=0
split_feature=10 6 6 11 8 9 14 5 6 16 11 13 16 1 0 4 8 10 13 8 9 9 7 8 5 0 6 9 11 5 5 5 13 1 14 5 8 9 10 7 6 5 9 16 13 4 0 15 1 9 15 13 16 13 10 13 16 10 10 5 6 5
split_gain=4.37161 6.11531 5.86054 5.17496 5.49813 5.55967 5.16536 5.27238 11.2234 5.6238 6.58335 4.70661 4.18409 5.00087 4.17841 4.16148 4.65693 6.87533 3.74102 8.2978 5.06457 7.55885 3.61081 5.81818 4.0212 4.6489 7.83675 7.21224 4.26092 6.73436 4.72417 4.1975 3.56763 4.20382 8.94339 5.85963 5.95102 6.76667 5.74007 5.27473 4.30665 10.51 5.41951 4.85773 9.09091 4.86195 5.48107 4.1818 10.1024 9.22752 8.22783 7.10557 7.8593 6.83594 6.58487 6.7788 6.48842 6.85714 7.80908 6.28437 8.02193 5.90432
threshold=15.995138888888892 21.629824561403513 19.56309523809524 47.250000000000007 15.185924656319612 0.28232998885172805 510.00000000000006 27.750000000000004 19.153204134366927 215.50000000000003 56.95000000000001 0.36873433583959908 157.50000000000003 14.500000000000002 10.108811808333334 1.1185900000000002 21.688589799752197 49.599615732368903 0.084219858156028379 10.607901010090051 0.16774891774891779 0.22068372803666922 37.350000000000001 10.00085917383217 23.550000000000004 10.719983033333335 19.043560606060613 0.30860805860805868 66.450000000000017 17.050000000000004 1.9500000000000002 10.950000000000001 0.1464191393506292 6.5000000000000009 330.00000000000006 0.95000000000000007 9.0666309519687172 0.76969696969696988 15.411644695543004 34.95000000000001 14.358998302207132 20.250000000000004 0.24025316455696205 123.50000000000001 0.4254096356077281 3.3285570000000004 10.967131783333334 6.5000000000000009 19.500000000000004 0.43804824561403516 8.5000000000000018 0.22009174311926608 112.50000000000001 0.18530782438067209 9.0514880952380974 0.36188554658840799 -27.499999999999996 12.174127906976747 13.998451923628235 10.050000000000002 9.0615530303030329 33.100000000000009
decision_type=10 10 10 10 10 10 10 10 8 2 10 10 2 2 2 10 8 10 10 10 10 10 10 8 10 2 10 10 10 10 10 10 8 2 10 8 10 10 10 10 8 10 10 2 10 10 2 2 2 10 2 8 2 8 8 10 2 8 10 10 10 10
left_child=1 2 14 4 5 -2 7 9 -9 11 -11 12 22 -14 -1 -10 18 -18 19 -17 -20 -22 23 -5 25 26 -24 28 29 30 -27 -28 -16 34 35 36 37 -34 40 -38 42 -42 -37 45 -45 -44 -47 51 50 -50 53 52 -35 -49 59 56 57 -56 -59 -53 -61 -58
right_child=3 -3 -4 6 -6 -7 -8 8 15 10 -12 -13 13 -15 32 16 17 -19 20 -21 21 -23 24 -25 -26 27 31 -29 -30 -31 -32 -33 33 47 -36 38 39 -39 -40 -41 41 -43 43 44 -46 46 -48 48 49 -51 -52 54 -54 -55 55 -57 61 58 -60 60 -62 -63
leaf_value=0.037387034643318606 0.049523123109297101 1.3240930392378532 -0.18545461027764676 0.0018183524061601731 -0.15734145890217804 0.90396813013983124 0.36051657448461399 0.58300751768032166 -0.15802345007879925 -0.0032201367336142542 -0.37276517922979302 1.0211676232201434 -0.0067158599586790053 1.1369983328813278 -0.43535338124765915 -0.025453214260336046 0.58865781767949577 0.0019146151434378533 -0.17254802799110378 0.030128852055715784 2.9724198843283398 -0.1736254445985484 0.5472392688767348 -0.6141730244801572 -0.04688313939344884 -0.051020109448386954 -0.39745451526913533 -0.83499027650401902 -0.86697101474889227 -0.23024482976815885 0.088256758936191559 0.67507437358035394 -0.20702922457011988 0.095347951521788946 0.38875837309656203 -0.12589295987322516 0.649871052233435 -0.0012369316258122654 -0.68444352767401362 0.010738627358487475 -0.055743626635392098 0.26120016903136295 0.007042184556828885 -1.4283978033222822 2.0670583014375037 -1.0385304739469075 -0.071838353877570565 -0.92941671692513761 -0.0035822171072428378 -0.58106925657051256 1.1127206949410751 -0.0070124778191547506 -0.21697109446879739 0.036775230109055278 0.1149036040400544 -0.42469469503007834 0.023083456911838801 -2.435036611486062 -0.080820654222181793 1.8219552586282448 -0.056422487427664342 -0.20370334073554358
leaf_weight=116 350 21 27 22 32 36 23 45 30 29 28 21 22 20 48 41 26 32 62 44 27 38 24 22 35 28 34 25 21 26 59 21 24 81 36 33 26 116 21 30 86 33 31 22 22 36 42 20 128 42 54 342 23 664 28 119 290 50 34 37 23 55
leaf_count=116 350 21 27 22 32 36 23 45 30 29 28 21 22 20 48 41 26 32 62 44 27 38 24 22 35 28 34 25 21 26 59 21 24 81 36 33 26 116 21 30 86 33 31 22 22 36 42 20 128 42 54 342 23 664 28 119 290 50 34 37 23 55
internal_value=0.000414261 -0.000688406 -0.000894487 0.0029027 0.00741627 0.00906736 0.000559006 -0.000127877 0.00449275 -0.00377574 -0.0184211 -0.00157895 -0.00292479 0.0119048 -0.000663717 0.001 0.00296296 0.0155172 -0.000471698 0.00764706 -0.00590551 0.00384615 -0.00488959 -0.0181818 -0.00274725 -0.000420168 0.00949367 -0.00534591 -0.000746269 0.00309735 0.00977011 -0.000909091 -0.00107858 -0.000824176 -0.0046595 -0.00632184 0.000510204 -0.005 -0.0104294 0.0142857 -0.00868852 -0.0012605 -0.0134409 -0.00947712 0.00454545 -0.0151376 -0.0217949 0.000251256 0.0027533 -0.00823529 0.00528455 -0.00184843 0.0105769 0.00380117 -0.00316973 -0.00659722 -0.00382932 -0.0142857 -0.0214286 0.00174129 0.0166667 -0.000434783
internal_weight=3983 2760 2739 1223 418 386 805 782 345 437 57 380 359 42 2712 300 270 58 212 85 127 65 317 44 273 238 79 159 134 113 87 55 2596 2548 558 522 196 140 326 56 305 119 186 153 44 109 78 1990 908 170 738 1082 104 684 978 576 457 112 84 402 60 345
internal_count=3983 2760 2739 1223 418 386 805 782 345 437 57 380 359 42 2712 300 270 58 212 85 127 65 317 44 273 238 79 159 134 113 87 55 2596 2548 558 522 196 140 326 56 305 119 186 153 44 109 78 1990 908 170 738 1082 104 684 978 576 457 112 84 402 60 345
is_linear=0
shrinkage=0.05


Tree=140
num_leaves=63
num_cat=0
split_feature=13 9 11 9 9 0 6 8 9 13 7 11 10 8 13 7 1 0 7 8 5 8 8 11 2 9 10 8 6 14 10 8 9 5 7 11 1 2 10 6 6 16 10 16 5 10 0 10 0 5 16 11 1 1 8 7 8 15 15 13 5 13
split_gain=5.81976 3.72725 3.90113 5.67241 5.70611 5.55081 3.65302 11.2347 11.8192 4.80397 4.19333 3.34622 6.11073 5.28304 5.53542 6.8871 4.78261 4.76577 5.23243 6.70807 5.25375 5.13216 4.34202 4.05575 5.27711 4.98296 10.14 13.1324 6.80305 6.00147 5.96462 4.53128 3.75707 3.661 3.63096 6.6795 6.3689 3.87813 3.5531 4.36642 7.05704 8.0148 6.9816 5.03595 4.64672 7.56618 7.41741 6.19283 6.18926 5.3868 5.92119 4.04617 3.77823 3.72057 3.32281 9.8018 4.45053 4.7927 6.58 7.73605 5.92887 4.59923
threshold=0.26239754098360663 0.061553030303030311 69.950000000000017 0.17165178571428574 0.18441295546558709 10.771758666666669 11.84181141439206 9.2250352883292539 0.23861283643892342 0.25872210953346864 35.250000000000007 47.250000000000007 15.944685990338165 8.6179601926492122 0.20977698128235764 33.250000000000007 13.500000000000002 10.61197581666667 29.850000000000005 10.218590000499701 4.6500000000000012 10.950394349348167 10.888997252740173 40.250000000000007 52.500000000000007 0.21483516483516488 20.580515297906604 12.273700559650793 16.439285714285717 90.000000000000014 17.701644781372686 13.067434223839458 0.24417344173441738 25.050000000000004 41.45000000000001 38.45000000000001 13.500000000000002 22.500000000000004 28.343463569986021 18.740178571428576 16.825559006211183 42.500000000000007 19.736111111111114 61.500000000000007 12.250000000000002 20.866251140164188 12.61197581666667 21.648758865248229 11.44924504166667 27.750000000000004 -1.4999999999999998 48.45000000000001 17.500000000000004 11.500000000000002 8.8669731000581891 29.050000000000004 10.261913922086555 7.5000000000000009 4.5000000000000009 0.33222958057395152 6.6500000000000012 0.32672684458398749
decision_type=10 10 10 10 10 2 8 10 10 10 10 8 10 8 10 8 2 2 10 10 10 10 10 10 2 8 10 10 10 10 10 10 10 10 10 10 2 2 10 10 10 2 8 2 10 10 2 10 2 10 2 10 2 2 10 10 10 2 2 10 10 10
left_child=6 -2 3 5 -5 -3 7 8 -1 11 -9 12 13 16 15 -15 -8 21 -19 -20 -21 -16 -22 33 25 26 27 28 -25 -30 -27 -28 -24 -14 35 37 -37 -17 39 40 42 -42 43 -13 45 -41 47 53 -47 -49 -51 -44 -52 -46 55 -6 57 58 59 -56 -59 -58
right_child=1 2 -4 4 54 -7 9 10 -10 -11 -12 38 23 14 17 34 -18 18 19 20 22 -23 32 24 -26 30 31 -29 29 -31 -32 -33 -34 -35 -36 36 -38 -39 -40 44 41 -43 51 -45 46 48 -48 49 -50 50 52 -53 -54 -55 56 -57 61 60 -60 -61 -62 -63
leaf_value=-0.24505467966038152 0.21521738838378318 0.0036359704203420052 0.52691142103383803 0.47892204284343198 -0.0066516232750938546 -0.46988767794605435 0.88174781725576779 -1.478035365015816 0.48230482045361711 0.72896466591917752 -0.82672637857683817 -0.61805035920265761 0.30676684783895319 -0.19276239245019369 0.042609894687445055 -0.32659983471012027 0.0014293996288330996 -0.47942076139874701 1.9209611119103838 0.45186319364778244 -0.18498431556630379 -0.16669952083220779 0.16843349724220574 -0.20612253974535755 -0.13587836061233852 0.87817799961087251 0.081230842291475591 -0.23848925128976894 0.019167972446840501 0.25487677413598692 0.016824859538993264 0.99902574082578099 -0.21693090078365318 0.067779502348465415 -0.58405974242863834 0.17912304744232588 -0.14129960087082524 -0.022431480816810279 0.02021075136637859 0.36503563480933182 0.84528115214684085 -0.013554400070029317 0.00087223070915301017 0.035030890112385298 -0.77144511212293809 -0.10442519778736781 -0.43148340141441682 -0.052515344661223651 0.64652679237825428 -1.3134186138864825 0.1593692664493741 2.6558410465029727 0.00083695524998521624 -0.17705030022036106 0.60388610723172942 0.60802065705864117 -0.070004465399764723 -0.065833286815772857 -0.19962691071599148 -0.057745204166660805 0.37164641084646316 0.007963760713396795
leaf_weight=31 34 23 20 25 866 38 23 23 41 32 20 36 61 24 35 23 22 20 23 23 24 39 33 23 28 37 24 71 26 30 33 26 25 28 22 33 20 33 177 28 23 24 263 23 22 45 23 49 23 22 29 25 23 38 23 42 401 21 154 24 31 479
leaf_count=31 34 23 20 25 866 38 23 23 41 32 20 36 61 24 35 23 22 20 23 23 24 39 33 23 28 37 24 71 26 30 33 26 25 28 22 33 20 33 177 28 23 24 263 23 22 45 23 49 23 22 29 25 23 38 23 42 401 21 154 24 31 479
internal_value=2.49377e-05 -0.00171939 -0.00197951 -0.00218618 -0.0017425 -0.0172131 0.00210498 -0.00652174 0.00555556 0.00268378 -0.0267442 0.00231867 0.00463535 0.000473934 -0.00145889 -0.00870968 0.0166667 0.0036036 0.00878378 0.0125 0.00714286 -0.00675676 0.00121951 0.00917313 0.00637584 0.00851852 0.0045 -0.002 0.0120253 0.0214286 0.02 0.024 0.00862069 0.0185393 -0.00419847 -0.000458716 0.0122642 -0.0125 0.000171821 -0.00143678 0.00203046 0.0202128 -0.000432277 -0.0161017 -0.00596026 0.003125 -0.0101942 -0.0068306 -0.00588235 -0.000406504 0.00810811 0.00277778 0.0173077 -0.02 -0.00203332 0.000220264 -0.00383936 -0.00968379 -0.0131841 0.00319149 0.00384615 -0.00215909
internal_weight=4010 2181 2147 2127 2066 61 1829 115 72 1714 43 1682 809 422 377 155 45 222 148 128 105 74 82 387 298 270 200 150 79 56 70 50 58 89 131 109 53 56 873 696 394 47 347 59 302 96 206 183 68 123 74 288 52 60 2041 908 1133 253 201 47 52 880
internal_count=4010 2181 2147 2127 2066 61 1829 115 72 1714 43 1682 809 422 377 155 45 222 148 128 105 74 82 387 298 270 200 150 79 56 70 50 58 89 131 109 53 56 873 696 394 47 347 59 302 96 206 183 68 123 74 288 52 60 2041 908 1133 253 201 47 52 880
is_linear=0
shrinkage=0.05


Tree=141
num_leaves=63
num_cat=0
split_feature=0 11 7 16 7 10 11 5 11 13 2 10 2 12 1 16 13 16 12 11 2 16 1 1 15 10 16 2 11 5 12 7 2 10 6 1 12 11 16 0 2 7 0 12 16 6 7 11 6 16 7 11 10 1 9 13 2 5 1 11 16 13
split_gain=5.21491 9.0068 6.03211 6.20862 6.19899 6.37086 5.69502 7.6474 7.54094 6.18877 6.81651 11.75 5.8875 5.48593 5.41126 5.10089 6.44904 7.25552 4.76801 4.63122 5.46055 6.56426 6.08489 5.61463 7.21154 5.57441 5.33333 4.50678 4.21739 4.9349 5.421 7.70971 4.81248 9.12338 6.36382 5.50379 6.03205 7.11943 6.8542 6.34021 5.74496 7.28829 10.6656 6.19438 5.67411 4.90506 4.42344 4.30476 7.30613 4.26197 6.41823 5.79459 6.16455 5.4091 7.16955 5.89214 5.33333 4.54845 4.28387 10.1739 4.39155 4.25177
threshold=11.066474675000002 36.750000000000007 31.750000000000004 -94.499999999999986 32.550000000000004 7.8989665041339849 116.35000000000001 40.850000000000001 47.45000000000001 0.18990877589986568 27.500000000000004 22.986782488902502 42.500000000000007 16.406010817492469 17.500000000000004 -78.499999999999986 0.20415349238286867 -22.499999999999996 14.349173012850171 48.750000000000007 22.500000000000004 227.50000000000003 17.500000000000004 19.500000000000004 5.5000000000000009 16.357255747126441 67.500000000000014 47.500000000000007 118.90000000000002 30.650000000000002 11.465066884617375 38.750000000000007 47.500000000000007 19.995882740447961 12.825000000000001 18.500000000000004 19.505097910367997 50.050000000000004 1.0000000180025095e-35 12.092311158333336 7.5000000000000009 33.650000000000013 11.950360425000001 14.80368632814257 61.500000000000007 11.455054945054949 6.0500000000000007 37.250000000000007 16.634523809523809 61.500000000000007 39.45000000000001 37.95000000000001 13.406086419753086 15.500000000000002 0.35252692626346321 0.18148880105401846 27.500000000000004 17.550000000000004 12.500000000000002 29.850000000000005 159.50000000000003 0.37987341772151906
decision_type=2 8 8 2 8 8 10 10 8 8 2 10 2 10 2 2 8 2 10 8 2 2 2 2 2 8 2 2 10 10 10 10 2 8 10 2 10 10 2 2 2 10 2 10 2 10 10 8 10 2 8 10 10 2 8 8 2 10 2 10 2 10
left_child=1 -1 3 -3 -4 -6 7 8 -7 10 11 -10 13 18 -12 -11 -17 -18 -9 -19 23 22 25 24 -21 -22 -27 -14 29 32 -31 -32 35 34 45 36 37 40 -39 -40 41 44 -43 49 -2 46 -34 -37 -49 53 51 58 -53 55 -55 -42 -52 -57 60 -60 61 -51
right_child=28 2 4 -5 5 6 -8 12 9 15 14 -13 27 -15 -16 16 17 19 -20 20 21 -23 -24 -25 -26 26 -28 -29 -30 30 31 -33 33 -35 -36 47 -38 38 39 -41 43 42 -44 -45 -46 -47 -48 48 -50 50 56 52 -54 54 -56 57 -58 -59 59 -61 -62 -63
leaf_value=-0.012827640137336971 -0.041843213240862202 -0.1446043050175021 -0.26888462149369236 0.13299332710890052 -0.80518517607231144 0.056592024550548105 -0.022355358728417676 0.061546790409433005 -0.29149997684332013 0.82381678936305303 -0.057119338745165477 0.033086265265241187 -0.17606338474505356 0.41631814405331213 -0.33017163392569815 0.028282586796718658 -0.30120486674053953 -1.0181270099245041 -0.11349848086553718 -0.23671972000422292 0.64638213688271584 0.37305177106400439 0.65871876585872491 -0.30766240593791833 0.021127525494051239 0.0016152600916248705 -0.15001935446699832 0.06142920121145741 0.071228091533946589 -0.11212037575779982 0.16354024020160818 -0.030179507926307282 0.011089979130469718 0.02684466937290746 -0.76928084481885084 0.012659018607065066 -0.38594996098138434 -0.2307578168297745 0.61420045275934165 0.007934496607869471 0.18729269345843103 -0.17236945712925122 1.3408146240141321 -0.38104589273601741 -0.92413065210265444 0.42344038607853496 -0.60119069555293825 -0.60754327617746817 -0.0063977288888857238 -0.43316551145565829 0.73222325689622481 -0.96561014065844175 0.045018328745341667 -0.0028206961348010043 1.0966191259048046 -0.00839516431228912 0.084717258697496689 -0.14498288749796098 0.016508363403815809 2.5176916955766071 0.13384782383704136 0.023586828510386227
leaf_weight=881 42 21 20 126 25 655 31 88 20 38 42 37 20 42 24 21 45 24 20 24 24 23 28 23 80 75 25 37 32 77 20 157 38 26 67 40 23 31 45 23 38 26 31 20 33 21 50 30 39 20 24 26 20 41 31 233 24 46 26 23 35 23
leaf_count=881 42 21 20 126 25 655 31 88 20 38 42 37 20 42 24 21 45 24 20 24 24 23 28 23 80 75 25 37 32 77 20 157 38 26 67 40 23 31 45 23 38 26 31 20 33 21 50 30 39 20 24 26 20 41 31 233 24 46 26 23 35 23
internal_value=2.5e-05 0.00140929 0.00360195 0.0132653 0.00264923 0.00302515 0.00345781 0.00392226 0.00240066 -0.00189873 -0.0117886 0.000877193 0.0128019 0.018 -0.0227273 0.000930233 -0.000765306 -0.00229111 0.012037 0.000306748 0.00198675 0.00771429 0.00394737 -0.00590551 -0.000961538 -0.000806452 -0.006 -0.000877193 -0.00232951 -0.00272602 -0.00905512 -0.00423729 -0.00138075 -0.00841584 -0.0125 5.03525e-05 0.00135747 0.00203252 0.0146465 0.0235294 0.000393701 -0.00909091 0.00438596 0.00238095 -0.0193333 -0.00504587 -0.0102273 -0.0105505 -0.0181159 0.00327869 0.00882353 0.00433526 -0.0108696 0.000128535 0.0125 -0.00268139 0.025 -0.00519713 0.00984252 0.0214286 0.0025641 -0.00813953
internal_weight=4000 2519 1638 147 1491 1471 1446 1415 1208 553 123 57 207 150 66 430 392 371 108 326 302 175 152 127 104 124 100 57 1481 1449 254 177 1195 202 176 993 884 861 99 68 762 132 57 630 75 109 88 109 69 610 221 173 46 389 72 317 48 279 127 49 78 43
internal_count=4000 2519 1638 147 1491 1471 1446 1415 1208 553 123 57 207 150 66 430 392 371 108 326 302 175 152 127 104 124 100 57 1481 1449 254 177 1195 202 176 993 884 861 99 68 762 132 57 630 75 109 88 109 69 610 221 173 46 389 72 317 48 279 127 49 78 43
is_linear=0
shrinkage=0.05


Tree=142
num_leaves=63
num_cat=0
split_feature=10 11 4 10 8 4 1 5 5 4 7 0 0 11 8 8 5 9 5 14 13 1 8 2 2 10 2 5 11 5 7 7 14 13 5 4 11 8 5 11 8 6 11 8 11 8 10 10 11 0 13 11 5 11 10 4 0 9 13 5 9 4
split_gain=4.19946 7.48738 7.35458 5.90486 4.36649 3.55537 5.41073 4.82462 4.79596 3.55943 3.42918 3.58093 6.19454 5.80092 6.90135 6.06724 5.76491 7.63497 5.87416 6.3376 6.10754 6.56462 7.9605 6.83898 5.72301 6.42927 8.9371 7.84683 6.73731 5.71652 6.77474 8.40995 5.89047 5.47095 5.29833 5.22943 6.2462 8.03763 6.01796 9.0656 5.88713 7.33621 5.21473 5.00192 4.83022 6.60921 4.74021 7.6393 7.29115 7.11169 5.56371 4.68893 4.66549 4.53706 10.8226 7.29031 6.92634 8.67271 8.49779 5.6967 7.5956 5.08346
threshold=28.343463569986021 107.55000000000001 5.6022320000000008 27.231672932330831 11.426052194688991 1935.5054830000001 15.500000000000002 57.300000000000004 13.550000000000002 1559.4166675000004 66.950000000000017 11.092311158333336 11.441966700000002 36.750000000000007 9.5054985037121131 9.1901765829577382 20.250000000000004 0.16152751423149908 4.4500000000000011 150.00000000000003 0.17407773386034259 10.500000000000002 15.66847600167578 42.500000000000007 1.0000000180025095e-35 22.986782488902502 22.500000000000004 25.050000000000004 45.95000000000001 27.550000000000004 42.350000000000001 46.550000000000004 90.000000000000014 0.12933094384707292 8.6500000000000004 8.7657680000000031 2.0500000000000003 9.8943814234989222 28.750000000000004 34.050000000000004 10.00085917383217 12.33307818480044 50.750000000000007 11.487468788315541 42.95000000000001 14.264231586046746 10.107575757575759 4.974166666666668 43.650000000000013 11.417885925000002 0.22009174311926608 48.050000000000004 4.0500000000000007 40.150000000000013 15.379684601113174 3.8864580000000006 11.857762616666669 0.41341829085457277 0.26791549953314664 7.8500000000000005 0.24417344173441738 14.121639000000002
decision_type=10 10 10 10 8 10 2 10 10 8 10 2 2 8 8 10 10 8 10 10 10 2 8 2 2 8 2 10 10 10 10 10 10 10 10 10 10 8 10 10 10 10 10 8 10 10 10 8 10 2 10 10 10 8 10 10 2 10 10 10 10 10
left_child=3 -2 -3 5 -4 9 8 -8 -7 10 11 13 46 35 15 42 17 33 20 -20 -19 44 23 51 -18 26 -26 28 -28 -29 32 -32 -31 34 -16 38 -37 -38 39 -1 -41 -42 -15 -39 -22 -46 47 -13 49 -48 -50 -23 -35 54 61 -55 59 58 -58 -57 -61 -14
right_child=1 2 4 -5 -6 6 7 -9 -10 -11 -12 12 53 14 16 -17 24 18 19 -21 21 22 -24 -25 25 -27 27 29 -30 30 31 -33 -34 52 -36 36 37 43 -40 40 41 -43 -44 -45 45 -47 48 -49 50 -51 -52 -53 -54 55 -56 56 57 -59 -60 60 -62 -63
leaf_value=-0.015258836165141077 0.033086629172756156 -0.05772795961724056 -0.0056384223274990935 -0.033380995731877049 0.049863782816916086 0.11922178146725722 -0.14976181501863045 0.036661355220256923 0.014243501914938662 -0.054696992728481567 -0.054304533867223448 -0.38330785469804918 -0.007019824097287586 0.024985381891114856 0.16204784442589998 1.1070816977479774 0.51737770267697913 -0.12356718211724226 -0.13203827110978672 0.34486005266620801 0.03920033004240811 -0.093090605323142492 0.1262395765048204 0.13117067242356023 -0.18215176470629901 0.24004395177884064 0.73924908884658513 -0.26917391226544379 0.035923199185753062 1.1318101820286104 -0.76660364474678233 0.23377563639271806 -0.0028169334729406972 -0.27121483501297805 -0.22704852771163297 -0.16982847145566035 0.24060217479279658 -0.60028823229478179 0.054962188461012751 -0.84609012193409383 0.20641463703126367 -0.15772316278373069 0.44935654485545451 0.047508632156728493 1.7985364325847617 -0.012442630942114619 0.70102782140208086 -0.88270733211256358 -0.3521856880427664 -1.7679760167049061 0.011030620192612518 -0.74274444031836817 0.36856367294204184 0.011640402346719548 0.56577664072371758 0.059828558548309735 -0.30791402916763738 -0.2864769838398889 0.14228926391478264 0.016666875096621681 -0.9514956591141237 0.085222628946972911
leaf_weight=472 89 25 39 27 37 20 25 40 23 31 45 32 497 105 20 26 44 30 292 28 53 73 25 21 143 81 33 24 26 34 38 63 24 23 26 46 152 32 39 62 23 43 24 20 48 21 55 37 53 22 36 21 62 175 45 35 158 20 55 30 26 25
leaf_count=472 89 25 39 27 37 20 25 40 23 31 45 32 497 105 20 26 44 30 292 28 53 73 25 21 143 81 33 24 26 34 38 63 24 23 26 46 152 32 39 62 23 43 24 20 48 21 55 37 53 22 36 21 62 175 45 35 158 20 55 30 26 25
internal_value=-0.000412603 0.00684211 -0.00247525 -0.000774481 0.00526316 -0.000608144 0.00833333 -0.000769231 0.022093 -0.000870985 -0.000727422 -0.000555864 -0.00265181 0.000631258 0.00262784 0.0125806 0.00139665 -0.00141319 -0.00375817 -0.0084375 0.00136986 0.00381679 -0.00357143 -0.00913043 0.0054902 0.00386266 0.00116883 0.00702479 0.0228814 0.00191257 0.00534591 -0.00247525 0.0189655 0.00954198 -0.00434783 -0.00253093 0.0036 0.00735294 -0.00492958 -0.00616667 -0.0179688 -0.00757576 0.00813953 -0.00961538 0.0122951 0.0210145 -0.01 -0.0210145 -0.00542169 0.00584416 -0.0151685 -0.0148936 0.0170588 -0.00103189 0.00202822 -0.00450902 -0.00895062 -0.0135193 -0.0105634 0.00274725 -0.00714286 0
internal_weight=3999 190 101 3809 76 3782 108 65 43 3674 3643 3598 1301 2297 1408 155 1253 743 612 320 292 262 140 115 510 466 385 242 59 183 159 101 58 131 46 889 250 204 639 600 128 66 129 52 122 69 235 69 166 77 89 94 85 1066 567 499 324 233 213 91 56 522
internal_count=3999 190 101 3809 76 3782 108 65 43 3674 3643 3598 1301 2297 1408 155 1253 743 612 320 292 262 140 115 510 466 385 242 59 183 159 101 58 131 46 889 250 204 639 600 128 66 129 52 122 69 235 69 166 77 89 94 85 1066 567 499 324 233 213 91 56 522
is_linear=0
shrinkage=0.05


Tree=143
num_leaves=63
num_cat=0
split_feature=15 6 6 16 11 8 12 14 1 1 16 6 8 1 6 1 10 9 8 16 12 9 11 2 13 4 13 9 16 10 1 5 13 13 10 4 4 2 10 9 8 9 10 12 11 8 4 5 12 9 1 9 6 13 8 14 12 14 8 16 6 12
split_gain=3.61177 5.47871 6.2648 6.28993 5.21796 7.04479 5.36836 4.80178 4.86807 6.125 5.80044 6.90789 5.7619 5.70175 4.307 4.28003 8.31814 9.50234 8.32907 7.69231 6.5758 6.46988 6.1711 5.58774 5.17083 9.87404 6.90887 5.65405 8.48296 6.4 5.44301 5.39949 5.09672 5.19814 5.03442 4.8982 7.84951 4.82744 4.721 8.15176 9.56712 6.05044 8.86447 13.5685 5.15048 4.66257 4.46155 5.36139 4.44829 4.15385 4.12768 6.75097 6.33805 4.12505 4.05101 3.98629 3.86905 7.20238 4.87619 3.84225 3.84005 7.22633
threshold=6.5000000000000009 27.377181400688865 30.639920948616602 125.50000000000001 46.95000000000001 9.6418389065525663 14.397935573012456 450.00000000000006 11.500000000000002 17.500000000000004 201.50000000000003 16.738911290322587 15.185924656319612 9.5000000000000018 3.0090000000000008 6.5000000000000009 17.269304556354921 0.22684391080617497 14.665615560019498 24.500000000000004 13.367935683117382 0.30341388569236677 43.250000000000007 12.500000000000002 0.4254096356077281 8.7657680000000031 0.39504283965728276 0.71651785714285732 22.500000000000004 0.92313775510204088 8.5000000000000018 35.45000000000001 0.22009174311926608 0.099019607843137278 12.114473684210525 10.943318000000001 12.130324000000002 7.5000000000000009 15.20044491525424 0.18245838668373884 9.6718706188133279 0.24417344173441738 12.96213918102484 11.481916378953349 39.650000000000013 11.39944031379021 11.005483000000002 8.2500000000000018 9.5623528255388788 0.24165739710789771 5.5000000000000009 0.4732057416267943 0.67017543859649131 0.26122764555600381 12.066093548557225 90.000000000000014 16.130346541433216 150.00000000000003 14.928330437491423 24.500000000000004 14.213846153846156 12.521162984319105
decision_type=2 10 10 2 10 10 10 10 2 2 2 10 10 2 10 2 10 8 8 2 8 8 8 2 10 10 10 10 2 10 2 10 10 10 10 10 10 2 10 8 8 8 10 10 10 10 10 10 10 10 2 8 10 10 10 10 10 8 10 2 10 10
left_child=1 4 -3 -4 6 14 60 8 13 10 11 -10 -11 56 -6 16 17 53 32 -20 24 49 -22 -23 26 27 30 -26 -29 -30 54 38 33 -18 50 -27 -37 -24 39 -32 48 45 43 -43 -44 -42 47 -40 -41 -19 51 -25 55 -2 -17 -53 58 -58 -7 -49 -1 -62
right_child=15 2 3 -5 5 7 -8 -9 9 12 -12 -13 -14 -15 -16 20 18 21 19 -21 22 23 37 34 25 35 -28 28 29 -31 31 -33 -34 -35 -36 36 -38 -39 46 40 41 42 44 -45 -46 -47 -48 59 -50 -51 -52 52 -54 -55 -56 -57 57 -59 -60 -61 61 -63
leaf_value=-0.022640238894673759 -0.71557856956566468 1.4853037327135838 0.015234915679506855 -0.70903634115389291 -0.027045541032410154 -0.11001709817353672 0.28421835413763086 0.06360681188040429 -0.97969399454099715 -0.12533856323935452 0.72674550541803173 0.0085730078361200054 -0.080835779605133246 -1.8559851834075574 0.32013198620453309 0.27573592921746748 0.23324481933207936 -0.057659651644956261 0.066069649269167474 -0.94621438118868273 -0.61382858383317829 -0.43259748656601077 -0.097817664519378414 0.41189369340214488 -0.12679909386553773 1.4016131345953482 0.72722969262835202 -0.79312523643815147 -0.11384939149409093 1.8303261830575814 -0.4472358560824381 0.48644411891869671 2.1138818268385853 -0.021548588296159212 -0.67587359754297138 -0.49516338267366627 0.22195396964715997 0.004552496486031332 0.60930609840046424 0.03934898444607219 -0.0097708960133282129 -0.044667845772163518 -0.0021687569789619944 4.0619598715538574 -0.43009643313299473 0.32968023972046767 -0.095591443775977905 -0.015070230956140308 0.82901010745749426 0.12352689068259481 -0.59143159793732414 0.11669308841108644 -0.75581832903338086 -0.10224866722733204 -0.026066571730452816 -0.021368287406184749 0.10921456871342712 -0.41248302556511646 -2.5536034888575756 0.98130581444220866 0.043211205637919206 -0.24722827909290396
leaf_weight=1154 46 41 125 20 30 35 22 21 28 21 20 48 27 48 21 62 23 24 26 26 28 22 93 23 136 30 46 29 20 20 40 28 20 30 38 20 33 447 44 21 27 46 25 24 35 20 27 51 33 54 30 21 37 26 24 20 28 20 21 35 259 98
leaf_count=1154 46 41 125 20 30 35 22 21 28 21 20 48 27 48 21 62 23 24 26 26 28 22 93 23 136 30 46 29 20 20 40 28 20 30 38 20 33 447 44 21 27 46 25 24 35 20 27 51 33 54 30 21 37 26 24 20 28 20 21 35 259 98
internal_value=-0.000838129 -0.00227599 0.00591398 0.00103448 -0.00307733 -0.00842391 -0.00179387 -0.0111987 -0.0128378 -0.00625 0.00104167 -0.00526316 -0.0208333 -0.0190789 0.00882353 0.000732984 -0.00343348 -0.00747801 0.0076 -0.00769231 0.00207756 -0.00315985 -0.00211268 -0.00811518 0.00479452 -0.000694444 0.00748299 -0.00658537 0.00507246 0.02 0.00590406 0.00372807 0.0184932 0.0103774 -0.00502959 0.0138554 0.00471698 -0.000925926 0.00233645 -0.00166052 0.00194805 -0.00367232 -0.00923077 0.00285714 -0.0233333 0.0117021 0.00923567 0.0130769 0.0203704 0.00897436 -0.000381679 0.00445545 -0.0025641 -0.0236111 0.0174419 0.0109756 -0.0125 -0.00208333 -0.0214286 0.00581395 -0.00215089 0.00238095
internal_weight=3997 2087 186 145 1901 368 1533 317 296 144 96 76 48 152 51 1910 466 341 125 52 1444 269 568 191 876 288 588 205 69 40 542 456 73 53 169 83 53 540 428 271 231 177 130 70 60 47 157 130 54 78 131 101 78 72 86 41 104 48 56 86 1511 357
internal_count=3997 2087 186 145 1901 368 1533 317 296 144 96 76 48 152 51 1910 466 341 125 52 1444 269 568 191 876 288 588 205 69 40 542 456 73 53 169 83 53 540 428 271 231 177 130 70 60 47 157 130 54 78 131 101 78 72 86 41 104 48 56 86 1511 357
is_linear=0
shrinkage=0.05


Tree=144
num_leaves=63
num_cat=0
split_feature=10 7 10 8 8 7 0 7 0 11 5 8 11 12 15 13 4 13 6 4 15 1 8 11 1 7 8 9 11 12 6 6 5 11 13 8 4 11 1 14 0 9 5 6 0 7 4 10 12 0 1 12 7 7 12 6 10 11 10 10 7 8
split_gain=3.18693 3.76119 4.36008 5.27114 5.50894 4.8352 12.1954 7.97477 4.65448 7.42532 8.59162 4.87461 9.59439 6.11863 4.72942 6.69689 4.40161 7.40599 9.60729 6.26248 5.46983 4.12208 4.09935 4.57309 7.24339 4.07436 3.89099 5.80414 4.63287 5.37414 8.92843 6.63781 8.52181 6.45885 8.57143 7.94377 6.21957 5.21148 7.22285 5.67075 5.39474 5.33401 4.37037 5.10959 4.62561 4.60972 4.43932 4.42727 4.81631 9.14595 8.23354 4.32929 4.29056 6.63989 4.2863 4.25148 6.72093 3.99362 3.82597 8.73421 7.60528 4.86164
threshold=93.616666666666674 102.70000000000002 28.894276841171255 17.473903255442128 20.542012736459252 61.050000000000004 10.374214716666669 60.050000000000004 10.397078316666668 19.050000000000004 10.250000000000002 10.683060543542497 41.250000000000007 10.625628578981507 7.5000000000000009 0.18530782438067209 1.0054830000000001 0.31383948928408578 14.481502669717774 1.0757620000000003 2.5000000000000004 11.500000000000002 16.77162832842982 55.850000000000001 11.500000000000002 1.9500000000000002 1.9133608797758415 0.95742753623188415 36.95000000000001 12.243220054473738 14.358998302207132 15.334870426829271 13.65 42.250000000000007 0.26122764555600381 11.702564981595161 6.4260780000000013 35.550000000000004 14.500000000000002 90.000000000000014 10.44924504166667 0.30583900226757377 1.1500000000000001 12.783896940418682 10.932213500000001 34.150000000000013 5.0054830000000008 21.391797820823246 14.397935573012456 11.857762616666669 8.5000000000000018 11.387561050757812 30.050000000000004 33.45000000000001 11.273366537679339 18.343713850837144 15.578819646670551 45.750000000000007 14.364304600740352 17.599356060606066 35.050000000000004 10.64712772214104
decision_type=10 10 10 8 10 10 2 10 2 8 8 8 8 10 2 10 10 10 10 10 2 2 8 10 2 10 8 10 8 8 8 10 10 10 10 10 10 10 2 10 2 10 10 8 2 8 8 10 8 2 2 10 10 10 10 10 10 10 10 10 8 10
left_child=1 2 5 -4 -5 7 -7 8 9 25 14 13 -13 -12 15 -11 17 58 20 -18 -19 -16 23 24 -14 -1 27 -21 37 30 33 36 54 52 -35 -36 -32 40 39 -39 -28 -41 47 44 -44 -45 -46 48 49 50 -31 -42 -30 -54 -33 56 -34 -52 60 61 -10 -60
right_child=-2 -3 3 4 -6 6 -8 -9 16 10 11 12 22 -15 21 -17 19 18 -20 26 -22 -23 -24 -25 -26 -27 28 -29 29 42 31 32 55 34 35 -37 -38 38 -40 41 51 -43 43 45 46 -47 -48 -49 -50 -51 57 -53 53 -55 -56 -57 -58 -59 59 -61 -62 -63
leaf_value=-0.0094119108380080977 0.021632217305931831 -0.036247607113781125 0.1003232922249549 -0.48036213030405223 0.057673138561481624 -1.8975735143156858 -0.024810690817373884 1.5315073291094163 0.073743575292805383 -0.15704796727031933 -0.0047442563241458964 0.75641964752757007 -0.33438743809459198 -0.18140963022682988 0.32422236208759048 0.18363245569653427 -1.2190403435077215 -1.0768406706877955 -0.1585384436717755 0.18130970646921796 0.036825526793334611 0.66312157926279591 0.035426664186621777 -0.39600252987829854 0.27470832317457106 -1.1533681891725913 -0.59209710893679335 0.0031838225735990378 -0.68753146635277429 1.5722555575463606 0.76557020308225532 -0.34734075951987364 0.43783390901536734 -1.9910741787460318 1.8923026477282736 -0.027982679500126475 0.015185760472184029 -0.67565869065209139 0.0031180515602324379 -0.0055368209476895029 -0.021262669184986829 -1.094083594616351 -0.6216153226449479 0.47097502545207298 0.33328277677510648 -0.014056222979681898 -0.33778601876317255 -0.1660187595435032 0.1244910497703188 -1.079240576397942 -0.086061969104352098 0.24981322333181188 0.19647722843152504 -0.070453589627355581 0.018397929444105187 1.2071978246713055 -0.043904218065056712 0.011523946585860756 -0.071709146367292004 0.12928326360729356 0.20066557878856486 0.011825911788454846
leaf_weight=34 52 53 36 20 21 25 86 26 59 27 48 21 27 20 20 124 23 22 27 53 152 22 68 22 36 21 42 343 43 26 30 39 50 21 46 38 31 27 45 33 527 27 22 20 27 777 35 26 57 20 25 20 28 150 47 30 36 23 22 70 20 49
leaf_count=34 52 53 36 20 21 25 86 26 59 27 48 21 27 20 20 124 23 22 27 53 152 22 68 22 36 21 42 343 43 26 30 39 50 21 46 38 31 27 45 33 527 27 22 20 27 777 35 26 57 20 25 20 28 150 47 30 36 23 22 70 20 49
internal_value=-0.000759273 -0.000920555 -0.000741309 0.011039 -0.00121951 -0.000977836 -0.0112613 -0.000671321 -0.000865333 0.00367347 0.00586207 -0.000413223 0.00402299 -0.0117647 0.0137306 0.00960265 -0.0015586 0.00320665 -0.00373134 -0.00227844 0.000574713 0.0285714 -0.000326797 -0.00764706 -0.000793651 -0.0136364 -0.00206223 0.00252525 -0.00282939 -0.00136612 0.0024618 0.00931559 0.0049505 -0.00306748 0.00714286 0.0142857 0.0237705 -0.00617198 -0.0151515 -0.0235632 -0.00415959 -0.015 -0.00349716 -0.00493757 -0.0166667 -0.00370138 -0.00967742 0.00367232 0.00695364 0 0.00810811 -0.00283364 -0.00791855 -0.00449438 -0.00697674 0.0137931 0.00813953 -0.00416667 0.00954545 0.00460993 0.0183544 -0.00774648
internal_weight=4017 3965 3912 77 41 3835 111 3724 3698 490 435 242 174 68 193 151 3208 421 201 2787 174 42 153 85 63 55 2764 396 2368 1647 589 263 202 326 105 84 61 721 132 87 589 60 1058 881 84 797 62 177 151 94 74 547 221 178 86 116 86 48 220 141 79 71
internal_count=4017 3965 3912 77 41 3835 111 3724 3698 490 435 242 174 68 193 151 3208 421 201 2787 174 42 153 85 63 55 2764 396 2368 1647 589 263 202 326 105 84 61 721 132 87 589 60 1058 881 84 797 62 177 151 94 74 547 221 178 86 116 86 48 220 141 79 71
is_linear=0
shrinkage=0.05


Tree=145
num_leaves=63
num_cat=0
split_feature=15 16 11 10 16 0 12 10 11 10 1 9 1 2 0 4 12 1 8 2 9 4 12 4 0 1 15 4 5 10 2 11 16 11 4 9 12 12 13 2 5 10 8 2 4 14 9 11 13 2 13 13 1 12 16 8 0 4 16 13 10 4
split_gain=2.64254 4.62193 14.3278 9.3845 6.35484 6.26824 4.29365 8.49391 6.27588 6.09863 5.07205 7.50959 8.45692 8.20568 6.66706 6.02136 6.67112 4.4385 6.17863 11.2112 6.06537 5.15852 4.27905 5.18245 5.20048 5.50418 6.77611 5.04935 5.02794 4.40024 4.34858 4.16299 6.19094 4.0259 3.92144 7.56687 6.64709 6.17143 5.24356 4.6871 10.8391 5.39672 6.15208 5.07008 4.6024 3.79572 3.72143 6.53742 4.04682 3.70715 3.7363 4.55058 3.61542 3.43567 3.39231 3.34887 3.31085 5.32993 6.15881 3.50845 4.7207 4.83278
threshold=6.5000000000000009 -109.49999999999999 40.250000000000007 15.003005226480839 -89.499999999999986 11.456888266666668 12.959255635025203 14.571572104018916 48.95000000000001 17.599356060606066 6.5000000000000009 0.22684391080617497 3.5000000000000004 42.500000000000007 10.967131783333334 1.0000000180025095e-35 12.689995527406628 19.500000000000004 12.035940700979676 32.500000000000007 0.58198924731182811 7.0054830000000008 12.317156058931738 9.1025600000000022 10.456888266666668 13.500000000000002 7.5000000000000009 1.7453935000000003 3.0500000000000003 5.6125548726953474 22.500000000000004 32.650000000000013 -40.499999999999993 27.750000000000004 5.9433180000000005 0.17883795309168446 13.650717002708397 14.106329140504988 0.18412980303519536 12.500000000000002 29.950000000000003 21.000318471337582 15.854866175800465 42.500000000000007 14.943318000000001 90.000000000000014 0.30341388569236677 38.750000000000007 0.66915422885572151 52.500000000000007 0.24515806572535301 0.19163509180996796 13.500000000000002 11.387561050757812 136.50000000000003 12.580380596751892 11.397078316666668 4.1216390000000009 -12.499999999999998 0.22742946708463954 16.955533596837949 1.8332025000000003
decision_type=2 2 10 8 2 2 8 8 10 10 2 10 2 2 2 10 10 2 10 2 8 10 10 10 2 2 2 10 10 10 2 10 2 10 10 10 10 10 10 2 10 10 10 2 10 10 10 10 10 2 10 10 2 10 2 10 2 10 2 10 10 10
left_child=1 2 3 5 -3 -1 8 55 9 10 11 14 13 -13 -2 -12 17 18 22 21 45 -20 23 24 -17 26 27 -26 30 -29 -25 33 -33 -27 35 37 52 -9 -39 40 44 42 49 -43 -36 -19 47 -14 54 50 51 -41 -37 -11 -48 -8 57 58 -38 -60 -61 -62
right_child=6 4 -4 -5 -6 -7 7 34 -10 53 15 12 46 -15 -16 16 -18 20 19 -21 -22 -23 -24 28 25 31 -28 29 -30 -31 -32 32 -34 -35 39 36 56 38 -40 41 -42 43 -44 -45 -46 -47 48 -49 -50 -51 -52 -53 -54 -55 -56 -57 -58 -59 59 60 61 -63
leaf_value=-0.15853278892874983 -0.046840235661748511 0.2966248470866068 -2.7862930756519648 1.1455656337173348 -0.0039964366024511479 0.042722649677301487 -0.11752510825622516 -0.41443506200769992 0.77813939249884323 1.5732186126468342 -0.13829533522427928 0.38107050612937315 -0.066767346221747334 -0.41756134791093613 -0.94494392242699876 -0.021557065255802855 0.65664146196845152 0.14369554340838206 0.77174637505429056 -0.28399650710041158 -0.70687248511395229 -0.073771727907291584 -0.45437390455006366 -0.39503843837644298 -0.055255684568653686 0.092214964070560512 1.1981986089291277 -0.056001731480048993 0.63387471007224294 1.9212120422870065 0.34942465281361523 -0.03762702129536475 0.5515948644595996 -1.4050641438074598 -0.78629685847897413 0.93730248687600692 0.59321691597994697 -0.038110879057085871 0.58453273462007294 0.0041774832991986702 0.025411349563183028 0.62888675235548386 -0.82018610421878546 -0.00224647966077475 -0.019775360631412355 -0.0077487937959372921 -1.0571958133804973 0.44291932523811578 -0.021009290247429924 -0.33174937501940521 0.29592946899433681 -0.70099981831823721 0.035428993973565782 0.059966474853557376 -0.057108576430707103 -0.021483942944397507 0.065053881969272351 0.15718370884366159 -0.63523619270020049 -0.43457678831722718 -0.028731848329145361 1.6542240244318169
leaf_weight=51 33 44 34 20 1932 26 23 35 43 23 24 37 28 25 39 79 25 33 36 39 26 23 20 21 28 25 57 23 71 37 23 27 42 31 27 22 28 44 26 97 41 46 26 27 24 35 32 21 40 23 26 29 21 49 20 63 60 20 27 24 26 20
leaf_count=51 33 44 34 20 1932 26 23 35 43 23 24 37 28 25 39 79 25 33 36 39 26 23 20 21 28 25 57 23 71 37 23 27 42 31 27 22 28 44 26 97 41 46 26 27 24 35 32 21 40 23 26 29 21 49 20 63 60 20 27 24 26 20
internal_value=1.24162e-05 -0.00121025 -0.0103053 -0.000515464 -0.000607287 -0.00844156 0.00135417 -0.00142857 0.00336323 0.00261194 0.0016 -0.00418182 0.000738916 0.016129 -0.0180556 0.0037931 0.00463623 0.00369822 0.00532646 -0.00612245 -0.00638298 0.00762712 0.00764463 0.00862069 0.00558739 0.00888889 0.0155172 0.00681818 0.0178261 0.015 0.00454545 0.0012 0.00942029 -0.00892857 0.000347705 0.00410765 0.00887097 -0.00714286 0.00142857 -0.00327869 -0.0130435 0 -0.00422886 0.0116438 -0.0284314 0.00147059 -0.00602837 0.00510204 -0.0119565 -0.000857143 0.00197368 -0.0015873 0.0267442 0.0166667 -0.0211538 -0.0162791 0.00512195 0.00103448 -0.0028 -0.00876289 -0.00285714 0.00652174
internal_weight=4027 2107 131 97 1976 77 1920 805 1115 1072 1000 275 203 62 72 725 701 676 582 98 94 59 484 464 349 270 145 88 115 60 44 125 69 56 719 353 248 105 70 366 92 274 201 73 51 68 141 49 92 175 152 126 43 72 52 86 205 145 125 97 70 46
internal_count=4027 2107 131 97 1976 77 1920 805 1115 1072 1000 275 203 62 72 725 701 676 582 98 94 59 484 464 349 270 145 88 115 60 44 125 69 56 719 353 248 105 70 366 92 274 201 73 51 68 141 49 92 175 152 126 43 72 52 86 205 145 125 97 70 46
is_linear=0
shrinkage=0.05


Tree=146
num_leaves=63
num_cat=0
split_feature=0 15 10 11 4 7 15 11 5 1 11 14 13 14 4 15 13 0 5 11 4 10 2 11 5 6 6 4 1 15 6 8 10 8 5 5 13 6 1 10 10 7 0 12 14 1 6 11 5 13 6 6 1 1 1 15 6 4 7 0 5 8
split_gain=4.68151 3.73026 3.25367 6.33344 6.836 9.26911 5.98238 5.21012 7.00744 11.5265 6.72747 4.58408 4.53271 9.44933 5.7619 5.14787 6.22886 4.6045 4.41192 5.47508 9.67739 6.44229 5.23243 6.99272 3.90629 3.62886 5.62675 3.64507 6.52657 5.54251 8.0479 7.58145 5.32818 5.35342 5.30226 5.93497 4.98881 5.51942 9.52754 7.82193 7.58519 6.17097 7.74383 5.07417 5.05775 4.90909 4.80642 6.04208 5.22648 5.20985 5.94879 4.80465 4.5253 4.12427 11.3816 5.13314 13.1144 6.81587 6.17099 5.88141 5.84822 5.15308
threshold=14.950360425000001 9.5000000000000018 15.995138888888892 36.95000000000001 9.1303240000000017 30.750000000000004 3.5000000000000004 46.250000000000007 2.0500000000000003 9.5000000000000018 45.650000000000013 210.00000000000003 0.24515806572535301 150.00000000000003 2.7267010000000007 7.5000000000000009 0.22009174311926608 10.950360425000001 12.750000000000002 43.95000000000001 1.8332025000000003 16.886964569011109 32.500000000000007 41.95000000000001 7.9500000000000011 21.629824561403513 19.278273809523814 9.7657680000000031 15.500000000000002 5.5000000000000009 14.590692640692643 8.8318504765856449 12.41139951426837 8.5064672434070694 1.0500000000000003 8.2500000000000018 0.18530782438067209 14.712113899613902 11.500000000000002 13.170646873207117 14.480536659108088 44.850000000000001 11.066474675000002 13.964341889330777 90.000000000000014 11.500000000000002 13.498611111111115 39.350000000000001 8.2500000000000018 0.36681957186544351 4.6630434782608701 15.51851325757576 7.5000000000000009 15.500000000000002 14.500000000000002 4.5000000000000009 6.6914860681114563 2.3092830000000002 26.550000000000004 10.456888266666668 24.050000000000004 11.702564981595161
decision_type=2 2 10 10 10 10 2 10 10 2 10 10 10 8 10 2 10 2 10 10 10 10 2 10 10 10 10 10 2 2 8 8 10 10 10 10 10 10 2 10 10 10 2 10 10 2 10 10 10 8 10 10 2 2 2 2 10 10 10 2 10 10
left_child=1 2 25 -4 5 -5 -6 10 9 -9 18 -8 15 14 17 16 24 -14 22 20 -20 -22 23 -7 -10 26 27 36 32 31 -31 -30 46 -34 -35 -36 51 43 44 -40 -41 42 -42 53 -39 -45 47 49 -49 -29 -51 -1 -52 54 -38 -55 57 -57 -58 -60 61 -61
right_child=-2 -3 3 4 6 7 11 8 12 -11 -12 -13 13 -15 -16 -17 -18 -19 19 -21 21 -23 -24 -25 -26 -27 -28 28 29 30 -32 -33 33 34 35 -37 37 38 39 40 41 -43 -44 45 -46 -47 -48 48 -50 50 52 -53 -54 55 -56 56 58 -59 59 60 -62 -63
leaf_value=-0.309944622033407 -0.19317114384430362 0.066599973986312663 1.3303348402766331 0.29514358593960227 0.01962898573393549 0.073032715172047347 -0.027877363916227551 0.013048059613612939 0.051000782877596455 -0.12466817668663062 0.47261140464956264 -0.16130714929555706 -0.35444861215793466 2.0013178969549985 0.11105158833143758 0.06451800627692493 -0.73151509954397875 0.019971005961579281 0.92277803679705528 -0.18811804348390082 -0.60903007932026298 0.056968151110879363 0.0087550098174740583 1.0730843044162715 -0.0056918422236436512 1.4569705656664522 -0.3098772884057695 -0.12782682064125303 0.079082370285864567 -0.33565410388151951 0.031611573246382391 -0.82090170517065553 0.53465962245121401 0.84102982145215399 -0.10460301579980157 0.090446199197323024 -0.015399955150503741 -0.055394650448499852 -0.54265832651581292 0.52922514825370148 -0.90984955094038544 0.41646351331417358 0.50780192492043685 0.010494746409382217 -0.51776925730822987 0.093172579522349253 0.90799047421734258 -0.59349895268243036 0.020618809665772189 0.0034932787931426291 0.0056344434671096628 0.0045796295455016178 0.79816670433153158 0.11955776670473171 -0.35863812473212847 0.055463215032626148 0.1551859456459635 -1.1033948042455886 0.49851122641184287 -0.007621930398819244 -0.20269889648557593 0.57090239977739576
leaf_weight=75 28 53 25 21 44 21 249 47 20 52 24 21 27 31 64 67 40 21 21 34 21 55 38 30 207 22 33 40 28 63 108 48 21 24 25 66 976 60 34 34 31 23 21 30 86 25 20 21 20 257 23 37 32 85 78 25 33 46 24 86 31 26
leaf_count=75 28 53 25 21 44 21 249 47 20 52 24 21 27 31 64 67 40 21 21 34 21 55 38 30 207 22 33 40 28 63 108 48 21 24 25 66 976 60 34 34 31 23 21 30 86 25 20 21 20 257 23 37 32 85 78 25 33 46 24 86 31 26
internal_value=-0.00105581 -0.000911392 -0.00109058 0.00110169 0.000562771 0.0029132 -0.00573248 0.00207317 -0.000520833 -0.0126263 0.00819672 -0.00851852 0.00199161 0.00944056 0.00267857 -0.0011976 -0.00430712 -0.0104167 0.00545455 -0.000381679 0.0056701 -0.00263158 0.0140449 0.0245098 -0.00110132 -0.00204269 -0.00220779 -0.00195342 0.000879397 -0.00587045 -0.000877193 -0.0171053 0.00391621 0.0125 0.00826087 0.00274725 -0.00316184 -0.00250855 -0.00882353 0.00034965 0.00688073 -0.002 -0.0115385 -0.0012628 -0.0178082 0.0136364 0.00108959 -0.000127226 -0.0182927 0.00198864 0.00416667 -0.0133929 0.0190909 -0.00184397 -0.00341556 0.00280899 -0.000553506 -0.0190141 0.006 0.00209581 -0.00174825 0.00357143
internal_weight=3978 3950 3897 1180 1155 841 314 820 576 99 244 270 477 143 112 334 267 48 220 131 97 76 89 51 227 2717 2695 2662 796 247 171 76 549 136 115 91 1866 1754 289 143 109 75 52 1465 146 55 413 393 41 352 312 112 55 1410 1054 356 271 71 200 167 143 112
internal_count=3978 3950 3897 1180 1155 841 314 820 576 99 244 270 477 143 112 334 267 48 220 131 97 76 89 51 227 2717 2695 2662 796 247 171 76 549 136 115 91 1866 1754 289 143 109 75 52 1465 146 55 413 393 41 352 312 112 55 1410 1054 356 271 71 200 167 143 112
is_linear=0
shrinkage=0.05


Tree=147
num_leaves=63
num_cat=0
split_feature=10 10 8 9 6 10 0 10 8 10 11 11 7 16 6 1 11 1 0 7 9 1 7 7 12 9 4 16 16 1 11 11 11 8 16 16 1 15 4 4 6 4 0 9 13 16 10 1 8 16 13 6 6 1 10 8 16 15 8 1 16 10
split_gain=3.72042 6.06153 5.77715 5.54285 5.22995 7.38484 6.769 5.51745 6.03024 7.35156 6.29693 4.38112 6.4352 4.28976 4.11274 7.88741 5.14133 4.21231 3.92399 6.66799 3.84203 8.88833 8.75789 8.0512 6.44476 5.14822 12.6668 4.84074 3.82775 4.45455 3.80501 3.7721 6.94615 5.5503 5.45071 4.84865 8.75233 6.16506 5.74599 5.69619 9.35886 6.77608 6.50627 7.54579 12.0475 9.26391 7.55104 7.25885 6.23189 6.04915 5.10417 4.56115 7.88182 4.54431 6.66657 9.87696 6.6797 6.32258 7.0876 4.79837 4.65554 4.25277
threshold=28.894276841171255 25.506120689655173 22.275588497918125 0.16152751423149908 22.576842105263161 19.353684210526314 10.857762616666669 21.391797820823246 8.741598507063566 10.650161030595816 61.45000000000001 47.45000000000001 47.95000000000001 7.5000000000000009 24.211274509803925 8.5000000000000018 54.550000000000004 16.500000000000004 11.967131783333334 109.80000000000001 0.38138528138528144 15.500000000000002 23.950000000000003 26.350000000000005 8.9270229495509721 0.71651785714285732 3.1025600000000004 60.500000000000007 -56.499999999999993 11.500000000000002 25.750000000000004 48.45000000000001 47.45000000000001 14.079763345074783 -94.499999999999986 96.500000000000014 7.5000000000000009 1.5000000000000002 1.3285570000000002 0.72670100000000015 16.439285714285717 1.0054830000000001 11.417885925000002 0.16774891774891779 0.24015503875968994 40.500000000000007 12.454925673973294 20.500000000000004 14.847811925768502 11.500000000000002 0.2469862018881627 11.372564102564104 12.610908319185061 16.500000000000004 17.701644781372686 13.978543543594094 125.50000000000001 4.5000000000000009 12.705705745644261 19.500000000000004 21.500000000000004 11.164754550468837
decision_type=10 10 10 8 10 10 2 10 8 10 10 10 10 2 10 2 10 2 2 10 10 2 10 10 10 10 10 2 2 2 10 8 10 10 2 2 2 2 10 10 10 10 2 8 10 2 10 2 10 2 10 8 10 2 10 8 2 2 10 2 2 10
left_child=1 2 4 13 7 6 -6 8 9 20 31 -9 -13 -3 16 -16 -7 -17 -2 -20 21 23 25 30 27 26 -22 -24 29 -11 -1 32 35 -34 -33 39 38 -38 -37 40 50 49 47 -44 45 -45 51 48 -43 -41 -10 -46 -53 54 55 -36 -57 -55 59 -59 -56 -40
right_child=18 3 -4 -5 5 14 -8 11 10 28 -12 12 -14 -15 15 17 -18 -19 19 -21 22 -23 24 -25 -26 -27 -28 -29 -30 -31 -32 34 33 -35 53 36 37 -39 61 41 -42 42 43 44 46 -47 -48 -49 -50 -51 -52 52 -54 57 60 56 -58 58 -60 -61 -62 -63
leaf_value=-0.055498522209780535 0.0027216408030963815 -0.020040687973433169 -0.71321288986282905 0.00062441389786060952 0.10462993375077617 0.38205551361024659 1.1870679993049962 0.95929770947072157 -0.060483106936932818 -0.77900729798065316 -0.77850813314002432 -0.070857968806825822 0.15639029296182089 -0.25270063496784373 0.5118843379179332 -0.7887506684474932 -0.033257176183225788 -0.0054072501124614375 0.069149353483312845 -0.0056061678344621951 0.073162180584003519 1.393275175962176 0.096228431254256216 0.011736590617472675 -0.13306448472876584 0.0099885099722336612 -0.71168247071811663 2.1872838430132675 0.14676765701657019 0.027751090615174657 -0.90957032876927324 0.32148253323133036 -1.1730544398063625 -0.0058522833443369398 0.19083283689625127 0.65955727225534133 -1.0847689324716003 -0.01129673641846516 0.85548635631796521 0.095735027066999809 0.057501160642566523 -0.030284046557848755 -0.68011794267245851 0.13105264491261934 -0.035364573710655559 -0.64808807307585603 -0.67419680181891228 0.14958359413003031 0.17400056606649611 -0.010611398361967117 -1.0580682739589558 0.76376652649565546 -0.077160721699789381 -0.23611908369635423 -0.30556530799478188 0.011743355130954534 -0.33621455264658195 0.99334139542288546 -0.11399012621594125 -0.0026335760100424824 -7.7211351881345544e-05 0.0062294128538416434
leaf_weight=24 127 26 24 48 21 38 29 24 24 22 45 34 48 33 33 36 21 39 27 21 33 20 34 28 26 552 63 21 152 22 22 39 32 23 88 21 20 323 41 44 21 659 51 56 39 20 82 48 22 26 40 20 24 25 29 185 38 23 41 91 53 86
leaf_count=24 127 26 24 48 21 38 29 24 24 22 45 34 48 33 33 36 21 39 27 21 33 20 34 28 26 552 63 21 152 22 22 39 32 23 88 21 20 323 41 44 21 659 51 56 39 20 82 48 22 26 40 20 24 25 29 185 38 23 41 91 53 86
internal_value=-0.000558729 -0.000882658 -0.000547397 -0.0126168 -0.00038968 0.00714286 0.024 -0.000856164 -0.00120659 0.00201178 -0.00258512 0.0103774 0.00487805 -0.0228814 0.00209581 -0.0037037 0.0127119 -0.0126667 0.00657143 0.01875 -6.07533e-05 -0.00957447 0.00116598 -0.0175676 0.0166667 -0.000771605 -0.0114583 0.0263636 0.0107143 -0.00227273 -0.0304348 -0.00222793 -0.00342625 -0.0209091 0.00114379 -0.00284943 0.00132383 -0.00306122 0.0114865 -0.00459184 -0.0170588 -0.00362053 -0.0046523 -0.0109589 -0.00726141 0.00921053 -0.0148485 -0.0021262 -0.00345081 0.0114286 -0.0265625 -0.00421687 0.00681818 -8.726e-05 0.00292621 0.0062701 0.000672646 -0.00666667 -0.00290323 0.00350877 -0.0097561 0.00748031
internal_weight=4027 3852 3745 107 3721 217 50 3504 3398 1019 2379 106 82 59 167 108 59 75 175 48 823 94 729 74 81 648 96 55 196 44 46 2334 1722 55 612 1667 491 343 148 1176 85 1091 1021 292 241 76 165 729 681 70 64 83 44 573 393 311 223 180 155 114 82 127
internal_count=4027 3852 3745 107 3721 217 50 3504 3398 1019 2379 106 82 59 167 108 59 75 175 48 823 94 729 74 81 648 96 55 196 44 46 2334 1722 55 612 1667 491 343 148 1176 85 1091 1021 292 241 76 165 729 681 70 64 83 44 573 393 311 223 180 155 114 82 127
is_linear=0
shrinkage=0.05


Tree=148
num_leaves=63
num_cat=0
split_feature=4 16 2 14 0 16 9 11 12 9 9 10 2 16 5 16 4 0 9 6 7 4 4 5 12 5 6 16 5 6 10 14 16 6 0 6 16 5 10 7 12 12 4 4 12 7 7 7 9 9 4 4 12 0 14 12 16 16 6 2 6 7
split_gain=4.63754 4.48723 2.98599 5.83402 5.18086 7.96529 9.89095 7.42354 5.68939 5.21376 7.62702 7.24921 5.21686 7.77047 6.34911 7.62777 7.39925 4.85444 4.63966 8.71807 12.9896 9.8266 6.49476 7.49055 7.2666 6.64171 5.71154 5.03102 4.70219 4.34241 9.98632 6.20137 5.20692 5.18698 7.35 5.90871 9.1546 5.61209 4.98403 5.42647 4.63774 4.57359 6.89304 5.95125 7.50319 4.82522 6.79556 4.51379 4.46539 5.03584 7.10149 4.46598 4.307 4.03951 3.92913 4.76104 3.92734 3.85891 5.92725 3.85175 3.74195 3.66358
threshold=0.07576200000000001 -44.499999999999993 22.500000000000004 1.0000000180025095e-35 12.040689041666669 14.500000000000002 0.23271742593182546 42.250000000000007 33.266292446158381 0.16302800189843383 0.16774891774891779 26.100769384492409 27.500000000000004 125.50000000000001 6.1500000000000012 16.500000000000004 6.9433180000000005 12.984724408333335 0.12034482758620692 16.825559006211183 41.95000000000001 8.0054830000000017 6.1203630000000011 25.250000000000004 16.81507497232689 9.0500000000000025 14.771071295259427 138.50000000000003 10.950000000000001 8.3247685185185194 10.219687950937951 150.00000000000003 42.500000000000007 10.944097222222224 10.4818853 12.043173758865249 45.500000000000007 16.950000000000003 12.454925673973294 35.050000000000004 8.8144086318494583 11.361981605634197 1.1025600000000002 3.8332025000000005 13.528952438107094 37.95000000000001 41.350000000000001 46.95000000000001 0.35781671159029654 0.22068372803666922 3.9433180000000005 7.8864580000000011 12.959255635025203 10.984724408333335 750.00000000000011 9.6402081128751416 2.5000000000000004 89.500000000000014 0.18634259259259262 47.500000000000007 1.8153947368421055 38.750000000000007
decision_type=10 2 2 10 2 2 8 10 10 10 10 10 2 2 10 2 10 2 10 10 10 10 10 10 10 10 10 2 10 10 10 10 2 10 2 10 2 10 10 10 10 10 10 10 10 10 10 10 10 10 10 10 10 2 8 8 2 2 10 2 10 10
left_child=1 -1 3 56 8 6 -6 -7 9 18 -11 12 13 14 16 -16 -12 -9 22 26 -21 -22 23 61 25 -24 -20 28 -27 31 40 32 -14 34 -32 36 -35 41 -39 -40 -31 53 -43 44 -44 -45 -47 -48 49 50 -41 59 -15 -37 55 -8 -2 60 -59 -51 -34 -4
right_child=2 -3 4 -5 5 7 54 17 -10 10 11 -13 29 52 15 -17 -18 -19 19 20 21 -23 24 -25 -26 27 -28 -29 -30 30 33 -33 57 35 -36 37 -38 38 39 48 -42 42 43 45 -46 46 47 -49 -50 51 -52 -53 -54 -55 -56 -57 -58 58 -60 -61 -62 -63
leaf_value=-0.18411994891682826 0.017036275110268662 0.053521350060351837 -0.1412309951441113 -0.01630639426749152 0.061055295739337906 -0.049146721919964345 0.46916447072683154 -0.69891353576914284 -0.25476979935233324 -1.2390986011413703 0.00594202787314373 0.048138646279373191 -0.06055164907547237 1.7454687300232106 0.014242594504227863 -0.78603656375785524 1.0691225754883975 -0.017248663888760962 0.02363806069390726 -0.19499904556790773 0.39365707987779758 -0.034897009860846852 0.11153537361831989 -0.44000674221644237 0.10206643808603327 -0.18614055710599822 1.3773682787289565 -0.76486825306503448 0.011185263256620847 -0.41833268813727997 -0.18500111838463085 0.12046607368336232 1.9450131770949051 0.087711780873532694 0.14330831364035718 0.11360489291161642 -0.84518736458138477 0.7911588682490347 0.26155451908873001 1.0379499214191181 -0.081067774115685512 -0.53271729844530646 2.0538086832006184 -1.4917788655074613 -0.12876420231786839 0.50063445205994772 -1.0190012448661661 -0.15321978551425985 0.9260389123614573 -0.48924472929035989 -0.012399063461121074 0.028962296779100428 0.16601402570814444 -0.05938444176685849 -0.39697245108199231 -0.028870006199975221 0.46483448039182279 -0.44974852267133231 0.18850635209031311 0.0050087675309717031 0.066552409124240347 0.15168822720690012
leaf_weight=27 32 107 21 1544 39 88 20 32 20 23 45 26 168 30 54 38 26 26 26 27 34 25 66 37 24 20 22 22 145 37 20 37 21 34 60 41 53 25 37 22 82 28 24 26 33 26 38 35 21 65 37 35 21 31 23 31 21 40 75 34 23 29
leaf_count=27 32 107 21 1544 39 88 20 32 20 23 45 26 168 30 54 38 26 26 26 27 34 25 66 37 24 20 22 22 145 37 20 37 21 34 60 41 53 25 37 22 82 28 24 26 33 26 38 35 21 65 37 35 21 31 23 31 21 40 75 34 23 29
internal_value=-0.00018849 0.00895522 -0.000507152 -0.0021603 0.00066726 -0.00598456 0.0039823 -0.0136986 0.00153343 0.00180295 0.000305914 0.000759669 0.000281294 0.00747664 0.00214724 -0.00652174 0.0133803 -0.0275862 0.0062249 0.0141791 0.00465116 0.0177966 0.0032967 -0.00862069 0.00703971 0.00454545 0.03125 -0.00026738 0.00272727 -0.000993377 -0.00296209 0.00357143 0.00137615 -0.000758621 0.01125 -0.00224806 -0.0143678 -0.000358423 0.00471014 0.00258964 -0.0163866 -0.00531915 -0.00904762 -0.00549451 0.00789474 -0.0116 -0.00656566 -0.0143836 -0.00046729 -0.00284974 0.00932203 -0.00820896 0.0245098 0.00555556 -0.00675676 0.000980392 0.0141509 0.00786164 0.00304348 -0.0136364 0.0204545 0.004
internal_weight=3979 134 3845 1597 2248 259 113 146 1989 1969 1471 1448 1422 214 163 92 71 58 498 134 86 59 364 87 277 253 48 187 165 1208 844 364 327 725 80 645 87 558 276 251 119 282 210 182 57 125 99 73 214 193 59 134 51 72 74 51 53 159 115 99 44 50
internal_count=3979 134 3845 1597 2248 259 113 146 1989 1969 1471 1448 1422 214 163 92 71 58 498 134 86 59 364 87 277 253 48 187 165 1208 844 364 327 725 80 645 87 558 276 251 119 282 210 182 57 125 99 73 214 193 59 134 51 72 74 51 53 159 115 99 44 50
is_linear=0
shrinkage=0.05


Tree=149
num_leaves=63
num_cat=0
split_feature=10 8 1 9 13 16 4 4 6 9 4 9 11 10 5 8 8 9 16 11 0 13 4 14 15 16 16 7 10 6 1 13 7 13 13 16 6 10 0 9 8 11 0 6 4 14 0 5 7 11 10 8 1 6 6 1 15 16 13 6 13 13
split_gain=3.86614 6.62327 6.47814 4.74174 4.58786 3.9368 5.14133 3.80882 7.59316 6.95248 4.38024 5.39135 7.02855 6.60423 4.71852 4.28596 7.98247 7.4071 5.86017 5.30677 7.75739 6.72899 6.40346 4.85333 5.61489 4.76856 6.84361 6.00067 6.21595 4.62266 4.5364 5.04949 4.71606 5.7343 5.18625 5.02857 4.36098 3.99523 3.99343 5.0266 5.1639 4.70124 4.48302 5.45322 4.62559 3.98144 4.5378 5.50898 5.1686 5.87963 4.5334 6.87789 4.49909 4.08179 3.99447 4.82061 8.35314 6.10783 4.2991 3.97744 3.97633 3.71837
threshold=28.894276841171255 12.402211818500883 13.500000000000002 0.090230664857530549 0.14909495077802479 424.00000000000006 7.4260780000000013 0.07576200000000001 15.889889705882355 0.40129870129870138 0.74539350000000015 0.78019323671497598 30.650000000000002 19.628011695906437 4.0500000000000007 11.971928195019837 11.267492415027705 0.044466403162055343 133.50000000000003 38.95000000000001 11.967131783333334 0.22009174311926608 7.8332025000000014 210.00000000000003 5.5000000000000009 121.50000000000001 114.50000000000001 38.250000000000007 13.85280646609789 12.783896940418682 17.500000000000004 0.34922709706751537 35.45000000000001 0.40936473165388837 0.32672684458398749 167.50000000000003 13.672693383038212 8.0647649572649573 12.040689041666669 0.85357142857142865 8.001317646322283 33.95000000000001 11.932213500000001 13.986335403726709 0.83548650000000013 330.00000000000006 11.108811808333334 32.350000000000001 38.750000000000007 32.050000000000004 12.059491264131553 9.13036017461833 15.500000000000002 2.0481060606060608 15.152419354838711 15.500000000000002 5.5000000000000009 -58.499999999999993 0.19163509180996796 23.828000000000007 0.32449982449982456 0.71902412280701766
decision_type=10 10 2 10 10 2 10 10 8 10 10 10 10 10 10 10 10 10 2 10 2 10 10 10 2 2 2 10 10 10 2 10 10 10 8 2 10 10 2 8 10 10 2 10 10 10 2 10 10 8 8 8 2 8 8 2 2 2 10 10 10 8
left_child=5 2 -2 -3 -5 7 -7 8 9 -1 11 12 -9 14 -14 16 25 -17 19 60 21 22 -21 37 59 26 38 28 30 -20 32 -32 33 34 35 -27 -23 -19 42 40 -40 -42 44 61 -12 46 47 54 49 53 -51 -52 -49 -48 -46 56 -56 -57 -58 -25 -18 -44
right_child=1 3 -4 4 -6 6 -8 10 -10 -11 15 -13 13 -15 -16 17 18 23 29 20 -22 36 -24 24 -26 27 -28 -29 -30 -31 31 -33 -34 -35 -36 -37 -38 -39 39 -41 41 -43 43 -45 45 -47 48 52 -50 50 51 -53 -54 -55 55 57 58 -59 -60 -61 -62 -63
leaf_value=-0.074190743683480775 -0.028570635492126628 0.098368391675699163 0.026836465068705934 -0.014776791786278488 0.052631747613921177 -0.18650506709272416 1.3660559003627384 0.77212049892516144 0.12982618292179496 0.5853330586537443 0.45575483884479945 -1.0532728145940735 -0.077663032626784922 0.19345580432534282 -0.73195399453509058 -0.51134778022783489 -0.57624905331298282 -0.67287728887297871 0.011470883911734387 0.41169852527460959 0.59266101933102378 0.01381703894559827 -0.48178183575358813 0.041724535842156567 -0.069832949901620728 -0.58991525468793915 1.174212167431594 -0.52914452254090938 0.022785955547717229 1.2556281056104497 1.2559541353069505 -0.085370406171419694 0.10621567708658999 -0.073517596685925835 -0.41891807215046062 0.015188163019880109 0.43364165481127304 -0.01557021756938628 -0.10972864343370446 0.012474727095389326 0.043304924853413952 -0.23879643766375938 0.1809101821124921 -0.11749609682560412 0.0064670346803869629 0.1586734590834408 -0.48390370424509721 0.4210903710719584 0.098097108291878676 -0.91413931735206555 1.0118366484166939 -0.13684098495779937 0.021802804862699948 0.10834148872812133 0.42440024991733571 0.010245820767413772 -0.020203901086355797 -0.41914459791680053 -0.69553333850877153 1.3811433709815277 0.47728575425693692 0.011971507087781384
leaf_weight=58 48 42 22 23 37 21 38 21 44 27 25 22 26 28 54 36 45 20 20 22 20 29 20 36 25 20 23 24 38 34 21 51 24 140 42 35 36 1064 25 105 23 40 70 24 714 36 31 32 21 26 20 75 55 38 34 20 84 42 25 21 21 69
leaf_count=58 48 42 22 23 37 21 38 21 44 27 25 22 26 28 54 36 45 20 20 22 20 29 20 36 25 20 23 24 38 34 21 51 24 140 42 35 36 1064 25 105 23 40 70 24 714 36 31 32 21 26 20 75 55 38 34 20 84 42 25 21 21 69
internal_value=0.000224327 0.00755814 -0.00428571 0.0156863 0.00666667 -0.000104167 0.0127119 -0.000304152 0.00813953 -0.000588235 -0.00060241 -0.0089404 -0.00503876 -0.0101852 -0.0175 -0.000242788 0.00102218 -0.00266223 0.00951417 0.00544041 0.0114173 0.00607477 -0.00952381 -0.00197256 0.0097561 0 0.00117683 -0.00493671 -0.00336927 0.0240741 -0.00555556 0.00555556 -0.00862069 -0.0107595 -0.0201031 -0.01 0.0161538 -0.00285978 0.000795594 -0.00595855 -0.0147727 -0.00714286 0.00170021 0.0095092 0.000704225 0.00027933 -0.000205423 0.00119284 -0.00687204 -0.00947368 -0.0161157 -0.0110526 0.0132184 0.00217391 5.4407e-05 -0.00609756 -0.00104895 -0.0177419 -0.00779817 0.0184211 -0.00606061 0.0133094
internal_weight=4012 172 70 102 60 3840 59 3781 129 85 3652 151 129 108 80 3501 2299 1202 247 193 127 107 42 1166 82 2052 1657 395 371 54 333 72 261 237 97 55 65 1084 1634 193 88 63 1441 163 1278 1253 1217 1006 211 190 121 95 87 69 919 205 143 62 109 57 66 139
internal_count=4012 172 70 102 60 3840 59 3781 129 85 3652 151 129 108 80 3501 2299 1202 247 193 127 107 42 1166 82 2052 1657 395 371 54 333 72 261 237 97 55 65 1084 1634 193 88 63 1441 163 1278 1253 1217 1006 211 190 121 95 87 69 919 205 143 62 109 57 66 139
is_linear=0
shrinkage=0.05


Tree=150
num_leaves=63
num_cat=0
split_feature=6 11 16 13 13 1 16 1 5 16 16 8 6 1 5 2 7 13 8 9 7 13 0 8 6 13 8 12 16 4 13 11 5 11 16 11 8 8 4 11 2 9 4 10 10 1 6 8 16 10 10 4 1 2 12 7 12 5 2 0 1 4
split_gain=3.94813 6.93945 6.17276 6.0362 5.57487 4.49478 6.92203 8.30729 6.62687 7.68171 8.92034 6.24178 5.50685 5.28298 5.04027 4.65077 4.68135 4.07102 4.06451 4.02964 3.91195 3.79987 11.2605 9.42463 9.20138 7.80544 7.63507 8.06941 7.17617 5.30554 5.21573 7.45003 6.60837 8.19394 5.48203 4.97482 9.44075 10.7777 7.75758 6.33802 6.85069 5.10178 5.50647 4.94607 5.34545 4.55969 6.26787 7.55885 5.89204 4.49355 7.40804 5.19136 10.1131 4.46897 4.3491 6.84716 4.29293 5.22648 4.2201 3.89774 3.97403 3.85797
threshold=20.18882575757576 46.050000000000004 -17.499999999999996 0.20354676710608918 0.21606265356265361 19.500000000000004 320.50000000000006 9.5000000000000018 38.750000000000007 1.0000000180025095e-35 61.500000000000007 15.66847600167578 23.828000000000007 21.500000000000004 75.800000000000011 42.500000000000007 52.050000000000004 0.13487525987525992 18.34703529088328 0.072077922077922088 47.95000000000001 0.1924501424501425 12.237888300000002 7.8656436743934268 15.781100266193436 0.15958653400010311 12.066093548557225 11.132106326592909 64.500000000000014 3.0054830000000003 0.26480327230229844 46.95000000000001 21.050000000000004 53.95000000000001 -31.499999999999996 35.150000000000013 8.6179601926492122 10.555433740447866 3.1303240000000003 37.650000000000013 7.5000000000000009 0.26953601953601958 4.9433180000000005 18.284337167070223 19.353684210526314 9.5000000000000018 16.371671671671674 10.950394349348167 -9.4999999999999982 14.480536659108088 14.264171122994656 2.0054830000000003 12.500000000000002 22.500000000000004 14.954412113482222 45.250000000000007 9.8777877600933923 11.950000000000001 22.500000000000004 10.522861450000002 12.500000000000002 7.1025600000000013
decision_type=10 10 2 10 10 2 2 2 10 2 2 10 10 2 10 2 10 10 10 10 10 8 2 8 8 10 10 10 2 10 8 10 10 10 2 10 8 10 10 10 2 8 10 10 10 2 10 10 2 10 10 10 2 2 10 10 10 10 2 2 2 10
left_child=18 4 3 17 19 6 7 8 9 -4 -11 -7 -12 -13 -10 16 20 -3 21 -2 -9 22 23 -1 25 58 27 56 -29 -27 31 35 34 -34 -33 36 -23 38 -38 41 -41 42 -37 49 -45 46 47 -42 -47 50 -32 52 -51 -50 55 -53 -26 -58 -25 -36 -61 -28
right_child=1 2 5 -5 -6 11 -8 15 14 10 12 13 -14 -15 -16 -17 -18 -19 -20 -21 -22 30 -24 24 26 29 61 28 -30 -31 43 32 33 -35 59 39 37 -39 -40 40 45 -43 -44 44 -46 48 -48 -49 53 51 -52 54 -54 -55 -56 -57 57 -59 -60 60 -62 -63
leaf_value=0.051712236255160082 0.046722403860514031 -0.029908481162450685 0.072885040172837881 -0.80936846076848434 -0.02239243486670759 -0.077323516453123631 -0.41071741103417597 0.12003419683268374 0.34191993407168636 -1.0467267738564581 0.10920543996983492 0.080494093947817202 -0.60484126967142493 -0.14636174019928602 -0.004997722640571035 0.53425399806409679 0.0087969856711410024 0.15742057617537789 -1.0391927796795026 0.4642474752531669 0.3486142790218601 1.1155015590600144 0.21467383833016102 -0.81601542276970884 0.09231896632369524 -0.16042268802145881 -0.013312877427419378 0.0075897434761007078 0.70698039874529861 0.0093583207694894806 -0.0019200593049381043 0.55223043426071716 -0.60989649271284641 0.14300628812233884 0.0400350809044187 0.020743479181215996 0.096640539264110009 0.076614204633034616 -0.47906110577935002 0.50725045832546112 0.20410301385589344 0.75620906261074927 1.6273379721962244 1.5817926900001174 0.073631021583704645 0.18843412099003737 0.4673333079902337 -0.16306465171137 -0.49313347578001587 0.09077423886284848 0.74723404170781371 -0.44692946005644957 -0.11654290846349369 -0.010677601206005072 -0.56988109512364626 0.12727145628061229 -0.0054271931832935221 -2.1034872552082602 -0.27373107205583119 -0.0029640500096183688 -0.11432804125230547 -0.65415658899760665
leaf_weight=32 20 47 25 31 31 33 23 22 37 32 28 51 25 28 22 42 84 40 24 49 25 27 31 29 24 26 46 47 21 49 1967 23 33 22 20 35 22 21 44 41 27 24 27 20 24 69 28 38 32 31 20 87 23 58 45 30 20 21 34 34 22 20
leaf_count=32 20 47 25 31 31 33 23 22 37 32 28 51 25 28 22 42 84 40 24 49 25 27 31 29 24 26 46 47 21 49 1967 23 33 22 20 35 22 21 44 41 27 24 27 20 24 69 28 38 32 31 20 87 23 58 45 30 20 21 34 34 22 20
internal_value=0.000386245 0.00381295 0.00176471 -0.00847458 0.016 0.00429769 0.0069863 0.00877193 0.000887574 -0.00636364 -0.0135294 -0.00446429 -0.000943396 0.00316456 0.0144068 0.016474 0.0118321 -0.00172414 -0.000331525 0.023913 0.0244681 -0.000182149 -0.00475 -0.00718157 -0.00964392 -0.0195652 -0.00276382 0.00413534 0.0161765 -0.00866667 0.000449205 0.00440495 -0.00519481 -0.0190909 0.00252525 0.00740365 -0.00175439 -0.00977011 -0.019697 0.0101583 0.00665529 0.022093 0.0145161 -0.000689809 0.0159091 0.00357143 0.0123656 0.00384615 -0.00157233 -0.00102133 -0.000276799 -0.00787037 0.00555556 -0.01 -0.0123457 -0.00726496 -0.00846154 -0.0182927 -0.0325397 -0.00394737 -0.0107143 -0.0166667
internal_weight=4013 695 595 118 100 477 365 342 169 110 85 112 53 79 59 173 131 87 3318 69 47 3294 400 369 337 138 199 133 68 75 2894 647 154 55 99 493 114 87 66 379 293 86 62 2247 44 252 93 65 159 2203 1987 216 54 90 162 117 65 41 63 76 56 66
internal_count=4013 695 595 118 100 477 365 342 169 110 85 112 53 79 59 173 131 87 3318 69 47 3294 400 369 337 138 199 133 68 75 2894 647 154 55 99 493 114 87 66 379 293 86 62 2247 44 252 93 65 159 2203 1987 216 54 90 162 117 65 41 63 76 56 66
is_linear=0
shrinkage=0.05


Tree=151
num_leaves=63
num_cat=0
split_feature=10 8 12 1 7 4 16 15 1 2 4 10 7 11 16 8 7 9 7 5 5 8 7 0 0 4 4 4 9 9 4 15 9 4 11 7 9 9 4 7 9 13 9 10 16 9 12 16 7 11 1 8 16 15 1 1 5 0 1 15 12 7
split_gain=4.215 4.90641 3.96143 7.49786 6.43928 8.27627 5.72196 11.2163 7.03641 6.39425 5.56182 5.40271 6.84543 4.93836 4.47444 8.92857 6.48319 4.85792 7.66126 6.36169 6.30457 5.50476 6.71746 4.50748 4.42655 4.17611 6.98652 6.10118 5.55735 5.9727 5.50137 5.25932 4.24017 3.99119 3.93756 5.02766 3.65546 6.01947 3.16863 5.20179 6.7602 5.90391 6.101 5.60898 7.29919 14.632 6.29033 6.57368 5.82125 5.7933 5.15452 4.87207 4.51969 4.51014 4.29065 5.83565 4.96479 5.01669 3.52833 8.67559 11.8192 8.21554
threshold=28.343463569986021 23.052438941927115 16.130346541433216 21.500000000000004 41.650000000000013 0.07576200000000001 178.50000000000003 4.5000000000000009 18.500000000000004 22.500000000000004 1.1650740000000002 18.91828703703704 56.050000000000004 62.050000000000004 26.500000000000004 15.951112211735671 42.250000000000007 0.11189358372456966 48.95000000000001 18.250000000000004 23.950000000000003 12.473443072260828 45.050000000000004 12.040689041666669 10.857762616666669 2.8332025000000005 4.0054830000000008 8.1142140000000023 0.26120401337792648 0.13667496886674971 1.8332025000000003 6.5000000000000009 0.2814700704225353 6.1303240000000008 107.55000000000001 111.45 0.20662287903667217 0.30583900226757377 5.9433180000000005 39.850000000000001 0.17165178571428574 0.23112535612535615 0.14185110663983905 15.411644695543004 -148.99999999999997 0.38138528138528144 13.428642928757936 -116.49999999999999 36.250000000000007 43.550000000000004 16.500000000000004 12.402211818500883 -94.499999999999986 8.5000000000000018 21.500000000000004 22.500000000000004 39.050000000000004 11.108811808333334 13.500000000000002 5.5000000000000009 9.2382535413988176 33.850000000000001
decision_type=10 10 10 2 10 10 2 2 2 2 10 10 8 10 2 10 10 10 10 10 10 10 10 2 2 10 10 10 10 10 10 2 10 10 10 8 10 10 8 10 10 10 10 10 2 10 10 2 10 10 2 10 2 2 2 2 8 2 2 2 8 8
left_child=1 2 4 6 38 -6 8 -8 11 -9 -7 33 24 -14 15 17 -16 20 19 21 -12 -19 -23 25 -13 30 32 36 29 -29 -18 -30 -27 -4 -2 -36 -28 -38 39 40 41 42 -1 44 45 -42 47 -46 -45 -50 51 -41 -49 -54 56 -56 58 -58 -40 60 -60 -61
right_child=34 -3 3 -5 5 10 7 9 -10 -11 14 12 13 -15 16 -17 23 18 -20 -21 -22 22 -24 -25 -26 26 27 28 31 -31 -32 -33 -34 -35 35 -37 37 -39 54 50 43 -43 -44 48 46 -47 -48 52 49 -51 -52 -53 53 -55 55 -57 57 -59 59 61 -62 -63
leaf_value=0.012643763502113537 0.035420791421054081 -1.2578395816716359 0.46961411442745038 -0.13767850878904841 0.21593178118495759 -0.34393678799026661 -0.19541443153655971 -0.1073373085341558 1.5749221974108367 0.96091961763642364 -0.58459346975663418 0.036235941008801474 -0.086743673658689249 0.50575199174636187 -0.4776008291342535 -1.0471382496748227 0.35563063371192388 -0.063379846502584061 0.21959513702885547 -0.52468787852442256 -0.0076220858238611024 -0.017073447801194418 0.78219608041927113 -0.47472175853723758 -0.13674590398388226 0.068862554755025937 -0.068406599855762987 0.31649619567956977 1.1082713606962216 -0.21349347795846116 -0.63500441426910692 0.073331332027916571 1.743823115386735 0.0048894538563580177 -0.043014756473685932 0.016686467165444821 0.044687167528013563 -0.66015178878160941 0.0050383786271979147 0.42075122720605229 -2.7263710677343731 -0.33636448647416306 -0.18649785167048605 0.39874358424676642 0.19405376176117875 0.37146382361803276 1.3899070612396949 -0.81693648883206904 0.49524553145624162 -0.35120156873568181 -0.019683036685919576 0.25305805776076618 0.003672747891942585 0.76227057926486463 0.03169830377822723 -0.0026807147740538721 -0.0027975958034253791 -1.4838473413456392 0.013787778536894758 -0.1161708764943894 -0.621984330455019 0.050661351969191526
leaf_weight=77 91 20 45 20 33 92 24 37 30 42 28 20 32 47 32 28 23 27 33 74 27 35 28 23 47 25 26 20 22 29 37 26 21 23 30 71 37 26 761 42 20 26 30 58 20 22 20 31 31 20 31 39 829 28 41 39 38 21 72 130 94 178
leaf_count=77 91 20 45 20 33 92 24 37 30 42 28 20 32 47 32 28 23 27 33 74 27 35 28 23 47 25 26 20 22 29 37 26 21 23 30 71 37 26 761 42 20 26 30 58 20 22 20 31 31 20 31 39 829 28 41 39 38 21 72 130 94 178
internal_value=6.20501e-05 -0.000299713 -0.000170291 0.00476839 -0.000695652 -0.00478723 0.00648415 -0.00339806 0.0106557 0.0056962 -0.00591099 0.00747664 0.00205479 0.0120253 -0.00422648 -0.00892857 -0.000432277 -0.00595238 -0.00228426 -0.00670732 -0.0190909 0.00222222 0.0103175 0.00174603 -0.00970149 0.00342466 0.00646552 0.00215054 0.0108247 -0.00102041 -0.00833333 0.0229167 0.023913 0.0191176 0.00729167 0.00049505 -0.00730337 -0.000793651 0.000444774 0.00219033 0.00123762 -0.0093985 -0.00420561 0.00254866 0.00134021 -0.0190476 0.00226293 0.00165198 0.0133028 0.000980392 0.0125 0.0191358 0.00101351 0.00169195 -0.00123726 0.01 -0.00193199 -0.0161017 -0.00125506 -0.00464135 -0.0138554 0.000324675
internal_weight=4029 3837 3817 367 3450 752 347 103 244 79 719 214 146 79 627 280 347 252 197 164 55 90 63 315 67 292 232 186 97 49 60 48 46 68 192 101 89 63 2698 1324 1212 133 107 1079 970 42 928 908 109 51 112 81 888 857 1374 80 1294 59 1235 474 166 308
internal_count=4029 3837 3817 367 3450 752 347 103 244 79 719 214 146 79 627 280 347 252 197 164 55 90 63 315 67 292 232 186 97 49 60 48 46 68 192 101 89 63 2698 1324 1212 133 107 1079 970 42 928 908 109 51 112 81 888 857 1374 80 1294 59 1235 474 166 308
is_linear=0
shrinkage=0.05


Tree=152
num_leaves=63
num_cat=0
split_feature=13 8 16 5 16 16 8 7 0 6 4 7 16 12 4 13 6 7 16 4 5 4 11 10 16 10 8 2 8 10 10 0 12 10 11 5 9 11 5 4 9 13 12 4 11 5 0 9 4 5 9 10 5 16 6 10 2 10 6 4 9 16
split_gain=4.52911 4.08361 3.89899 3.61154 2.56 3.24705 6.91398 6.44182 5.427 4.27131 6.22895 3.5218 4.2517 3.24 2.88758 2.66954 3.83327 8.34809 5.57386 4.26563 3.57872 6.86346 5.39449 4.16186 3.95493 4.86736 3.31617 2.75583 2.67795 9.09856 9.95655 5.4899 5.02556 3.74569 5.89878 5.70881 7.02931 4.31856 6.8506 5.22648 4.2588 3.706 6.51104 6.21413 7.38636 6.125 5.76501 6.25109 5.36823 5.19928 7.0127 9.19273 7.56636 7.04348 4.94603 6.79067 7.03152 6.3873 9.35987 4.78139 4.76667 4.7035
threshold=1.0000000180025095e-35 7.8029335285099872 -234.49999999999997 91.100000000000009 424.00000000000006 282.50000000000006 5.2095652344699719 44.650000000000013 11.154141975000003 17.974825174825177 5.7453935000000014 40.45000000000001 344.50000000000006 10.419105948529507 7.4260780000000013 0.065942028985507259 23.271859605911335 47.650000000000013 -40.499999999999993 5.9433180000000005 7.5500000000000007 1.1185900000000002 53.850000000000001 23.898120300751881 1.0000000180025095e-35 26.100769384492409 12.198809948583685 32.500000000000007 8.6179601926492122 11.84323943661972 13.589773495605138 10.092311158333336 13.367935683117382 21.391797820823246 47.650000000000013 22.950000000000003 0.20710681244743484 61.050000000000004 44.100000000000009 5.1025600000000013 0.28669275929549903 0.1924501424501425 13.839543959840251 6.9433180000000005 39.95000000000001 7.9500000000000011 11.237888300000002 0.15831244778613202 3.0757620000000006 13.250000000000002 0.30583900226757377 12.114473684210525 8.4500000000000011 51.500000000000007 16.738911290322587 13.787380366420566 37.500000000000007 12.36085106382979 11.069047619047621 7.9433180000000005 0.15470085470085473 -1.0000000180025095e-35
decision_type=8 8 2 10 2 2 8 8 2 8 8 10 2 10 10 8 10 10 2 10 10 10 10 10 2 10 8 2 10 10 10 2 10 10 10 10 10 10 10 10 10 10 10 10 10 10 2 10 10 10 10 10 10 2 10 10 2 10 10 10 10 2
left_child=1 -1 -2 -3 5 15 -7 8 11 -9 -11 12 -8 -10 -6 26 28 19 -19 -18 23 -22 -23 -20 -24 -26 -4 -27 29 -17 -31 -30 -32 37 -35 36 -36 38 41 -40 -39 42 43 44 48 -45 -43 -48 61 50 52 59 -49 -53 55 56 57 58 -51 -52 -46 -33
right_child=2 3 4 -5 14 6 7 9 13 10 -12 -13 -14 -15 -16 16 17 18 20 -21 21 22 24 -25 25 27 -28 -29 31 30 32 33 -34 34 35 -37 -38 40 39 -41 -42 46 -44 45 60 -47 47 49 -50 54 51 53 -54 -55 -56 -57 -58 -59 -60 -61 -62 -63
leaf_value=-0.0024235010929651696 0.79121788775964019 0.092178616641597266 0.029294233060461129 0.011200795399370201 -0.10437224904514025 -0.79465118256853307 0.84541460419085623 -0.5828447958149553 0.98069100239097728 0.33990579437473945 -0.23555667934737132 0.51218657664227585 -0.11446779378555477 -0.57785812601394182 1.189501854023709 -0.0025391047289661465 0.96466674817384834 -1.048955730824882 0.76112781022157427 0.38769370800544822 -0.11719870247298303 -0.067846406421053551 0.073640834848088241 0.00060378066862440969 0.19935225871616213 0.045831545952355328 -0.066874784594967804 -0.38161149769103941 -0.26953894342306506 0.26013155584984332 -0.088562380036372013 0.056329115561279154 0.26211611945533519 1.1293639142871805 0.14205025029545651 -0.024760858620920347 -0.01130712409313488 -2.943632383476932 0.44660225039471585 -0.27687556633169308 -0.17528327900822482 0.0023411988115151772 0.24574653186173939 -0.62895065478442014 -0.017245732961110427 -0.10349471445434864 -1.6513217165869154 0.01193041270777755 0.7602056478277277 -0.10214782580181279 -0.064945482170564089 -0.039593778133225829 0.52392501029417538 -2.2159565781481674 -0.21449324230471625 0.036069953892638208 -0.62014676209424724 -0.80475630226642103 0.76589632043224753 0.090413974429253946 -0.27008398885039203 -0.041899198506431562
leaf_weight=27 28 27 20 35 22 20 28 33 20 24 23 20 21 25 35 1029 21 27 22 31 31 22 31 25 49 32 37 23 30 57 52 27 31 21 23 34 36 23 21 20 28 1014 20 24 60 72 22 107 23 23 42 23 33 23 47 74 38 27 21 24 44 22
leaf_count=27 28 27 20 35 22 20 28 33 20 24 23 20 21 25 35 1029 21 27 22 31 31 22 31 25 49 32 37 23 30 57 52 27 31 21 23 34 36 23 21 20 28 1014 20 24 60 72 22 107 23 23 42 23 33 23 47 74 38 27 21 24 44 22
internal_value=-0.000478108 0.0106742 -0.000733591 0.0177419 -0.000868551 -0.00102632 -0.00700935 -0.00412371 0.00350877 -0.015 -0.00531915 0.0123188 0.00510204 -0.01 0.00964912 -0.000669269 -0.000495891 0.00477707 0.00114504 0.0230769 0.00361702 0.000531915 0.00477707 0.0159574 0.00851852 0.00384615 -0.0114035 -0.00636364 -0.00101089 0.000898204 0.0128571 -0.00210166 0.00180723 -0.00178571 0.00701754 0.0016129 0.0110169 -0.00231335 -0.00191788 0.0182927 -0.0166667 -0.00237569 -0.00753425 -0.00955882 -0.00397727 -0.0197917 -0.0013834 -0.00575397 0.00833333 -0.00456432 0.000396825 -0.00892857 0.00785714 -0.026087 -0.01 -0.00628415 -0.0142202 -0.00492958 0.00681818 0.0030303 -0.0125 -0.00102041
internal_weight=3974 89 3885 62 3857 3800 214 194 114 80 47 69 49 45 57 3586 3529 314 262 52 235 188 157 47 135 104 57 55 3215 1169 140 2046 83 2016 114 93 59 1902 1851 41 51 1810 292 272 176 96 1518 504 72 482 252 112 140 46 230 183 109 71 44 66 104 49
internal_count=3974 89 3885 62 3857 3800 214 194 114 80 47 69 49 45 57 3586 3529 314 262 52 235 188 157 47 135 104 57 55 3215 1169 140 2046 83 2016 114 93 59 1902 1851 41 51 1810 292 272 176 96 1518 504 72 482 252 112 140 46 230 183 109 71 44 66 104 49
is_linear=0
shrinkage=0.05


end of trees

feature_importances:
cur_dev_s=1038
hour=845
t_since_last_s=730
stop_share_10m=687
speed_mean_10m=661
speed_mean_5m=610
last_speed=577
stop_share_5m=577
speed_std_5m=572
speed_max_10m=562
speed_std_10m=557
horizon_min=528
speed_max_5m=508
n_stops_between=444
minute=313
plan_seg_s=277

parameters:
[boosting: gbdt]
[objective: regression_l1]
[metric: l1]
[tree_learner: serial]
[device_type: cpu]
[data_sample_strategy: bagging]
[data: ]
[valid: ]
[num_iterations: 153]
[learning_rate: 0.05]
[num_leaves: 63]
[num_threads: 0]
[seed: 42]
[deterministic: 0]
[force_col_wise: 0]
[force_row_wise: 0]
[histogram_pool_size: -1]
[max_depth: -1]
[min_data_in_leaf: 20]
[min_sum_hessian_in_leaf: 0.001]
[bagging_fraction: 0.9]
[pos_bagging_fraction: 1]
[neg_bagging_fraction: 1]
[bagging_freq: 1]
[bagging_seed: 400]
[bagging_by_query: 0]
[feature_fraction: 0.9]
[feature_fraction_bynode: 1]
[feature_fraction_seed: 30056]
[extra_trees: 0]
[extra_seed: 12879]
[early_stopping_round: 0]
[early_stopping_min_delta: 0]
[first_metric_only: 0]
[max_delta_step: 0]
[lambda_l1: 0]
[lambda_l2: 0]
[linear_lambda: 0]
[min_gain_to_split: 0]
[drop_rate: 0.1]
[max_drop: 50]
[skip_drop: 0.5]
[xgboost_dart_mode: 0]
[uniform_drop: 0]
[drop_seed: 17869]
[top_rate: 0.2]
[other_rate: 0.1]
[min_data_per_group: 100]
[max_cat_threshold: 32]
[cat_l2: 10]
[cat_smooth: 10]
[max_cat_to_onehot: 4]
[top_k: 20]
[monotone_constraints: ]
[monotone_constraints_method: basic]
[monotone_penalty: 0]
[feature_contri: ]
[forcedsplits_filename: ]
[refit_decay_rate: 0.9]
[cegb_tradeoff: 1]
[cegb_penalty_split: 0]
[cegb_penalty_feature_lazy: ]
[cegb_penalty_feature_coupled: ]
[path_smooth: 0]
[interaction_constraints: ]
[verbosity: -1]
[saved_feature_importance_type: 0]
[use_quantized_grad: 0]
[num_grad_quant_bins: 4]
[quant_train_renew_leaf: 0]
[stochastic_rounding: 1]
[linear_tree: 0]
[max_bin: 255]
[max_bin_by_feature: ]
[min_data_in_bin: 3]
[bin_construct_sample_cnt: 200000]
[data_random_seed: 175]
[is_enable_sparse: 1]
[enable_bundle: 1]
[use_missing: 1]
[zero_as_missing: 0]
[feature_pre_filter: 1]
[pre_partition: 0]
[two_round: 0]
[header: 0]
[label_column: ]
[weight_column: ]
[group_column: ]
[ignore_column: ]
[categorical_feature: ]
[forcedbins_filename: ]
[precise_float_parser: 0]
[parser_config_file: ]
[objective_seed: 16083]
[num_class: 1]
[is_unbalance: 0]
[scale_pos_weight: 1]
[sigmoid: 1]
[boost_from_average: 1]
[reg_sqrt: 0]
[alpha: 0.9]
[fair_c: 1]
[poisson_max_delta_step: 0.7]
[tweedie_variance_power: 1.5]
[lambdarank_truncation_level: 30]
[lambdarank_norm: 1]
[label_gain: ]
[lambdarank_position_bias_regularization: 0]
[eval_at: ]
[multi_error_top_k: 1]
[auc_mu_weights: ]
[num_machines: 1]
[local_listen_port: 12400]
[time_out: 120]
[machine_list_filename: ]
[machines: ]
[gpu_platform_id: -1]
[gpu_device_id: -1]
[gpu_device_id_list: ]
[gpu_use_dp: 0]
[num_gpu: 1]

end of parameters

pandas_categorical:[]
